timestamp,device_id,type,severity,message
2026-07-07T17:39:35.493920,device_A,SPOOFING,CRITICAL,Disagrees with device_B by 34.2 m (threshold 15 m)
2026-07-07T17:39:35.614979,device_A,SPOOFING,CRITICAL,Disagrees with device_B by 68.6 m (threshold 15 m)
2026-07-07T17:39:35.732372,device_A,SPOOFING,CRITICAL,Disagrees with device_B by 47.9 m (threshold 15 m)
2026-07-07T17:39:35.881450,device_A,SPOOFING,CRITICAL,Disagrees with device_B by 95.5 m (threshold 15 m)
2026-07-07T17:39:36.003919,device_A,SPOOFING,CRITICAL,Disagrees with device_B by 60.1 m (threshold 15 m)
2026-07-07T17:39:36.130675,device_A,SPOOFING,CRITICAL,Disagrees with device_B by 179.8 m (threshold 15 m)
2026-07-07T17:39:36.190320,device_B,SPOOFING,CRITICAL,Disagrees with device_A by 44.7 m (threshold 15 m)
2026-07-07T17:39:36.250921,device_A,SPOOFING,CRITICAL,Disagrees with device_B by 283.5 m (threshold 15 m)
2026-07-07T17:39:36.335989,device_B,SPOOFING,CRITICAL,Disagrees with device_A by 28.7 m (threshold 15 m)
2026-07-07T17:39:36.397000,device_A,SPOOFING,CRITICAL,Disagrees with device_B by 213.7 m (threshold 15 m)
2026-07-07T17:39:36.458151,device_B,SPOOFING,CRITICAL,Disagrees with device_A by 47.1 m (threshold 15 m)
2026-07-07T17:39:36.535287,device_A,SPOOFING,CRITICAL,Disagrees with device_B by 180.2 m (threshold 15 m)
2026-07-07T17:39:36.614247,device_B,SPOOFING,CRITICAL,Disagrees with device_A by 43.2 m (threshold 15 m)
2026-07-07T17:39:36.691303,device_A,SPOOFING,CRITICAL,Disagrees with device_B by 241.6 m (threshold 15 m)
2026-07-07T17:39:36.832847,device_A,SPOOFING,CRITICAL,Disagrees with device_B by 228.2 m (threshold 15 m)
2026-07-07T17:39:36.990807,device_A,SPOOFING,CRITICAL,Disagrees with device_B by 207.7 m (threshold 15 m)
2026-07-07T17:39:37.131985,device_A,SPOOFING,CRITICAL,Disagrees with device_B by 112.5 m (threshold 15 m)
2026-07-07T17:39:37.291290,device_A,SPOOFING,CRITICAL,Disagrees with device_B by 197.3 m (threshold 15 m)
2026-07-07T17:39:37.371114,device_A,SPOOFING,CRITICAL,Disagrees with device_B by 439.2 m (threshold 15 m)
2026-07-07T17:39:37.431190,device_A,SPOOFING,CRITICAL,Disagrees with device_B by 617.3 m (threshold 15 m)
2026-07-07T17:39:37.513549,device_A,SPOOFING,CRITICAL,Disagrees with device_B by 664.4 m (threshold 15 m)
2026-07-07T17:39:37.593562,device_A,SPOOFING,CRITICAL,Disagrees with device_B by 675.2 m (threshold 15 m)
2026-07-07T17:39:37.732502,device_A,SPOOFING,CRITICAL,Disagrees with device_B by 141.6 m (threshold 15 m)
2026-07-07T17:39:37.896615,device_A,SPOOFING,CRITICAL,Disagrees with device_B by 185.7 m (threshold 15 m)
2026-07-07T17:39:37.968346,device_A,SPOOFING,CRITICAL,Disagrees with device_B by 391.5 m (threshold 15 m)
2026-07-07T17:39:38.051357,device_A,SPOOFING,CRITICAL,Disagrees with device_B by 606.6 m (threshold 15 m)
2026-07-07T17:39:38.127181,device_A,SPOOFING,CRITICAL,Disagrees with device_B by 833.5 m (threshold 15 m)
2026-07-07T17:39:38.203336,device_A,SPOOFING,CRITICAL,Disagrees with device_B by 996.5 m (threshold 15 m)
2026-07-07T17:39:38.344730,device_A,SPOOFING,CRITICAL,Disagrees with device_B by 163.6 m (threshold 15 m)
2026-07-07T17:39:38.501503,device_A,SPOOFING,CRITICAL,Disagrees with device_B by 202.8 m (threshold 15 m)
2026-07-07T17:39:38.658129,device_A,SPOOFING,CRITICAL,Disagrees with device_B by 182.7 m (threshold 15 m)
2026-07-07T17:39:38.815197,device_A,SPOOFING,CRITICAL,Disagrees with device_B by 73.8 m (threshold 15 m)
2026-07-07T17:39:38.941890,device_A,SPOOFING,CRITICAL,Disagrees with device_B by 25.1 m (threshold 15 m)
2026-07-07T17:39:39.492577,device_A,SPOOFING,CRITICAL,Implausible jump: 4455.4 m in 15.0s (1069 km/h) exceeds 150 km/h limit; Disagrees with device_B by 4453.2 m (threshold 15 m)
2026-07-07T17:39:39.572647,device_A,SPOOFING,CRITICAL,Disagrees with device_B by 4720.7 m (threshold 15 m)
2026-07-07T17:39:39.648647,device_A,SPOOFING,CRITICAL,Implausible jump: 4738.5 m in 15.0s (1137 km/h) exceeds 150 km/h limit; Disagrees with device_B by 19.4 m (threshold 15 m)
2026-07-07T17:39:39.770830,device_A,SPOOFING,CRITICAL,Disagrees with device_B by 57.6 m (threshold 15 m)
2026-07-07T17:39:40.181507,device_A,SPOOFING,CRITICAL,Disagrees with device_B by 81.2 m (threshold 15 m)
2026-07-07T17:39:40.262169,device_B,SPOOFING,CRITICAL,Disagrees with device_A by 49.1 m (threshold 15 m)
2026-07-07T17:39:40.340938,device_A,SPOOFING,CRITICAL,Disagrees with device_B by 43.8 m (threshold 15 m)
2026-07-07T17:39:40.420058,device_B,SPOOFING,CRITICAL,Disagrees with device_A by 42.3 m (threshold 15 m)
2026-07-07T17:39:40.482374,device_A,SPOOFING,CRITICAL,Disagrees with device_B by 31.0 m (threshold 15 m)
2026-07-07T17:39:40.562571,device_B,SPOOFING,CRITICAL,Disagrees with device_A by 39.3 m (threshold 15 m)
2026-07-07T17:39:40.639768,device_A,SPOOFING,CRITICAL,Disagrees with device_B by 138.4 m (threshold 15 m)
2026-07-07T17:39:40.701993,device_B,SPOOFING,CRITICAL,Disagrees with device_A by 43.5 m (threshold 15 m)
2026-07-07T17:39:40.781224,device_A,SPOOFING,CRITICAL,Disagrees with device_B by 85.2 m (threshold 15 m)
2026-07-07T17:39:40.898346,device_A,SPOOFING,CRITICAL,Disagrees with device_B by 156.2 m (threshold 15 m)
2026-07-07T17:39:41.043360,device_A,SPOOFING,CRITICAL,Disagrees with device_B by 98.6 m (threshold 15 m)
2026-07-07T17:39:41.227524,device_B,SPOOFING,CRITICAL,Disagrees with device_A by 39.2 m (threshold 15 m)
2026-07-07T17:39:41.289325,device_A,SPOOFING,CRITICAL,Disagrees with device_B by 107.7 m (threshold 15 m)
2026-07-07T17:39:41.371402,device_B,SPOOFING,CRITICAL,Disagrees with device_A by 50.6 m (threshold 15 m)
2026-07-07T17:39:41.431945,device_A,SPOOFING,CRITICAL,Disagrees with device_B by 88.2 m (threshold 15 m)
2026-07-07T17:39:41.490773,device_B,SPOOFING,CRITICAL,Disagrees with device_A by 27.4 m (threshold 15 m)
2026-07-07T17:39:41.554307,device_A,SPOOFING,CRITICAL,Disagrees with device_B by 169.8 m (threshold 15 m)
2026-07-07T17:39:41.619191,device_B,SPOOFING,CRITICAL,Disagrees with device_A by 32.3 m (threshold 15 m)
2026-07-07T17:39:41.695685,device_A,SPOOFING,CRITICAL,Disagrees with device_B by 63.6 m (threshold 15 m)
2026-07-07T17:39:41.817951,device_A,SPOOFING,CRITICAL,Disagrees with device_B by 158.1 m (threshold 15 m)
2026-07-07T17:39:41.966557,device_A,SPOOFING,CRITICAL,Disagrees with device_B by 262.1 m (threshold 15 m)
2026-07-07T17:39:42.088332,device_A,SPOOFING,CRITICAL,Disagrees with device_B by 209.7 m (threshold 15 m)
2026-07-07T17:39:42.227325,device_A,SPOOFING,CRITICAL,Disagrees with device_B by 195.0 m (threshold 15 m)
2026-07-07T17:39:42.363790,device_A,SPOOFING,CRITICAL,Disagrees with device_B by 184.1 m (threshold 15 m)
2026-07-07T17:39:42.446163,device_B,SPOOFING,CRITICAL,Disagrees with device_A by 28.6 m (threshold 15 m)
2026-07-07T17:39:42.507276,device_A,SPOOFING,CRITICAL,Disagrees with device_B by 215.6 m (threshold 15 m)
2026-07-07T17:39:42.590342,device_B,SPOOFING,CRITICAL,Disagrees with device_A by 21.6 m (threshold 15 m)
2026-07-07T17:39:42.670000,device_A,SPOOFING,CRITICAL,Disagrees with device_B by 172.4 m (threshold 15 m)
2026-07-07T17:39:42.731497,device_B,SPOOFING,CRITICAL,Disagrees with device_A by 38.7 m (threshold 15 m)
2026-07-07T17:39:42.811349,device_A,SPOOFING,CRITICAL,Disagrees with device_B by 131.0 m (threshold 15 m)
2026-07-07T17:39:42.887729,device_B,SPOOFING,CRITICAL,Disagrees with device_A by 21.5 m (threshold 15 m)
2026-07-07T17:39:42.949519,device_A,SPOOFING,CRITICAL,Disagrees with device_B by 147.6 m (threshold 15 m)
2026-07-07T17:39:43.091753,device_A,SPOOFING,CRITICAL,Disagrees with device_B by 258.4 m (threshold 15 m)
2026-07-07T17:39:43.212817,device_A,SPOOFING,CRITICAL,Disagrees with device_B by 225.5 m (threshold 15 m)
2026-07-07T17:39:43.352493,device_A,SPOOFING,CRITICAL,Disagrees with device_B by 213.4 m (threshold 15 m)
2026-07-07T17:39:43.495636,device_A,SPOOFING,CRITICAL,Disagrees with device_B by 122.2 m (threshold 15 m)
2026-07-07T17:39:59.642661,device_A,JAMMING,CRITICAL,No data received for 16s (timeout 15s)
2026-07-07T17:39:59.644481,device_B,JAMMING,CRITICAL,No data received for 16s (timeout 15s)
2026-07-07T18:07:51.373194,device_A,SPOOFING,CRITICAL,Implausible jump: 7540.3 m in 2.0s (13382 km/h) exceeds 150 km/h limit; Disagrees with device_B by 7541.8 m (threshold 15 m)
2026-07-07T18:07:53.325918,device_B,SPOOFING,CRITICAL,Disagrees with device_A by 7545.2 m (threshold 15 m)
2026-07-07T18:07:53.406636,device_A,SPOOFING,CRITICAL,Implausible jump: 7544.7 m in 2.0s (13360 km/h) exceeds 150 km/h limit
2026-07-07T18:09:16.410259,device_B,SPOOFING,CRITICAL,Disagrees with device_A by 15.6 m (threshold 15 m)
2026-07-07T18:09:18.437223,device_B,SPOOFING,CRITICAL,Disagrees with device_A by 19.1 m (threshold 15 m)
2026-07-07T18:09:20.449365,device_B,SPOOFING,CRITICAL,Disagrees with device_A by 22.5 m (threshold 15 m)
2026-07-07T18:09:22.468444,device_B,SPOOFING,CRITICAL,Disagrees with device_A by 24.9 m (threshold 15 m)
2026-07-07T18:09:24.261460,device_A,JAMMING,CRITICAL,No data received for 16s (timeout 15s)
2026-07-07T18:09:27.099440,device_A,JAMMING,CRITICAL,No data received for 19s (timeout 15s)
2026-07-07T18:09:28.263103,device_A,JAMMING,CRITICAL,No data received for 20s (timeout 15s)
2026-07-07T18:09:29.107525,device_A,JAMMING,CRITICAL,No data received for 21s (timeout 15s)
2026-07-07T18:09:30.270429,device_A,JAMMING,CRITICAL,No data received for 22s (timeout 15s)
2026-07-07T18:19:46.274834,device_B,SPOOFING,CRITICAL,Disagrees with device_A by 15.4 m (threshold 15 m)
2026-07-07T18:19:48.307021,device_B,SPOOFING,CRITICAL,Disagrees with device_A by 18.6 m (threshold 15 m)
2026-07-07T18:19:50.323418,device_B,SPOOFING,CRITICAL,Disagrees with device_A by 21.7 m (threshold 15 m)
2026-07-07T18:19:52.345130,device_B,SPOOFING,CRITICAL,Disagrees with device_A by 24.8 m (threshold 15 m)
2026-07-07T18:19:53.108878,device_A,JAMMING,CRITICAL,No data received for 15s (timeout 15s)
2026-07-07T18:19:57.115260,device_A,JAMMING,CRITICAL,No data received for 19s (timeout 15s)
2026-07-07T18:19:57.741966,device_A,JAMMING,CRITICAL,No data received for 20s (timeout 15s)
2026-07-07T18:19:59.106899,device_A,JAMMING,CRITICAL,No data received for 21s (timeout 15s)
2026-07-07T18:19:59.742493,device_A,JAMMING,CRITICAL,No data received for 22s (timeout 15s)
2026-07-07T18:25:36.566564,device_B,SPOOFING,CRITICAL,Disagrees with device_A by 17.7 m (threshold 15 m)
2026-07-07T18:25:38.625317,device_B,SPOOFING,CRITICAL,Disagrees with device_A by 21.4 m (threshold 15 m)
2026-07-07T18:25:40.673304,device_B,SPOOFING,CRITICAL,Disagrees with device_A by 24.0 m (threshold 15 m)
2026-07-07T18:25:41.735027,device_A,JAMMING,CRITICAL,No data received for 15s (timeout 15s)
2026-07-07T18:25:45.105140,device_A,JAMMING,CRITICAL,No data received for 18s (timeout 15s)
2026-07-07T18:25:45.742545,device_A,JAMMING,CRITICAL,No data received for 19s (timeout 15s)
2026-07-07T18:25:47.114380,device_A,JAMMING,CRITICAL,No data received for 20s (timeout 15s)
2026-07-07T18:25:47.738880,device_A,JAMMING,CRITICAL,No data received for 21s (timeout 15s)
2026-07-10T17:48:34.844622,device_A,SPOOFING,CRITICAL,Implausible jump: 14.8 m in 0.0s (5692 km/h) exceeds 150 km/h limit
2026-07-10T17:48:34.848631,device_B,SPOOFING,CRITICAL,Implausible jump: 13.4 m in 0.0s (8526 km/h) exceeds 150 km/h limit
2026-07-10T17:48:34.857569,device_A,SPOOFING,CRITICAL,Implausible jump: 13.2 m in 0.0s (5165 km/h) exceeds 150 km/h limit
2026-07-10T17:48:34.865860,device_B,SPOOFING,CRITICAL,Implausible jump: 13.1 m in 0.0s (2923 km/h) exceeds 150 km/h limit
2026-07-10T17:48:34.878596,device_A,SPOOFING,CRITICAL,Implausible jump: 13.4 m in 0.0s (1737 km/h) exceeds 150 km/h limit
2026-07-10T17:48:34.909411,device_B,SPOOFING,CRITICAL,Implausible jump: 14.9 m in 0.0s (1131 km/h) exceeds 150 km/h limit
2026-07-10T17:48:34.916513,device_A,SPOOFING,CRITICAL,Implausible jump: 13.7 m in 0.0s (1371 km/h) exceeds 150 km/h limit
2026-07-10T17:48:34.927366,device_B,SPOOFING,CRITICAL,Implausible jump: 12.6 m in 0.0s (2765 km/h) exceeds 150 km/h limit
2026-07-10T17:48:34.930271,device_A,SPOOFING,CRITICAL,Implausible jump: 13.1 m in 0.0s (3746 km/h) exceeds 150 km/h limit
2026-07-10T17:48:34.934525,device_B,SPOOFING,CRITICAL,Implausible jump: 12.5 m in 0.0s (6836 km/h) exceeds 150 km/h limit
2026-07-10T17:48:36.976538,device_B,SPOOFING,CRITICAL,Disagrees with device_A by 15.9 m (threshold 15 m)
2026-07-10T17:48:39.004033,device_B,SPOOFING,CRITICAL,Disagrees with device_A by 17.9 m (threshold 15 m)
2026-07-10T17:48:41.032231,device_B,SPOOFING,CRITICAL,Disagrees with device_A by 21.8 m (threshold 15 m)
2026-07-10T17:48:43.073665,device_B,SPOOFING,CRITICAL,Disagrees with device_A by 24.7 m (threshold 15 m)
2026-07-10T17:48:45.085844,device_B,SPOOFING,CRITICAL,Disagrees with device_A by 27.2 m (threshold 15 m)
2026-07-10T17:48:47.112224,device_B,SPOOFING,CRITICAL,Disagrees with device_A by 29.3 m (threshold 15 m)
2026-07-10T17:48:49.146950,device_B,SPOOFING,CRITICAL,Disagrees with device_A by 30.3 m (threshold 15 m)
2026-07-10T17:48:51.066488,device_A,JAMMING,CRITICAL,No data received for 16s (timeout 15s)
2026-07-10T17:48:53.801150,device_A,JAMMING,CRITICAL,No data received for 19s (timeout 15s)
2026-07-10T17:50:31.011278,device_A,JAMMING,CRITICAL,No data received for 16s (timeout 15s)
2026-07-10T17:50:31.013760,device_B,JAMMING,CRITICAL,No data received for 16s (timeout 15s)
2026-07-10T17:50:32.057922,device_A,JAMMING,CRITICAL,No data received for 17s (timeout 15s)
2026-07-10T17:50:32.060310,device_B,JAMMING,CRITICAL,No data received for 17s (timeout 15s)
2026-07-10T17:50:33.018846,device_A,JAMMING,CRITICAL,No data received for 18s (timeout 15s)
2026-07-10T17:50:33.021167,device_B,JAMMING,CRITICAL,No data received for 18s (timeout 15s)
2026-07-10T17:50:33.822447,device_A,JAMMING,CRITICAL,No data received for 19s (timeout 15s)
2026-07-10T17:50:33.825343,device_B,JAMMING,CRITICAL,No data received for 19s (timeout 15s)
2026-07-10T17:50:34.953987,device_A,SPOOFING,CRITICAL,Implausible jump: 7735121.0 m in 20.0s (1388866 km/h) exceeds 150 km/h limit
2026-07-10T17:50:35.025674,device_B,JAMMING,CRITICAL,No data received for 20s (timeout 15s)
2026-07-10T17:50:35.286139,device_B,SPOOFING,CRITICAL,Implausible jump: 7735120.0 m in 20.0s (1393068 km/h) exceeds 150 km/h limit
2026-07-10T17:50:35.619253,device_A,SPOOFING,CRITICAL,Disagrees with device_B by 35.8 m (threshold 15 m)
2026-07-10T17:50:36.272606,device_A,SPOOFING,CRITICAL,Disagrees with device_B by 71.4 m (threshold 15 m)
2026-07-10T17:50:36.929543,device_A,SPOOFING,CRITICAL,Disagrees with device_B by 46.7 m (threshold 15 m)
2026-07-10T17:50:37.587529,device_A,SPOOFING,CRITICAL,Disagrees with device_B by 96.7 m (threshold 15 m)
2026-07-10T17:50:38.231705,device_A,SPOOFING,CRITICAL,Disagrees with device_B by 58.8 m (threshold 15 m)
2026-07-10T17:50:38.560029,device_A,SPOOFING,CRITICAL,Disagrees with device_B by 240.9 m (threshold 15 m)
2026-07-10T17:50:38.890221,device_A,SPOOFING,CRITICAL,Disagrees with device_B by 472.8 m (threshold 15 m)
2026-07-10T17:50:39.215208,device_A,SPOOFING,CRITICAL,Disagrees with device_B by 688.0 m (threshold 15 m)
2026-07-10T17:50:39.547923,device_A,SPOOFING,CRITICAL,Disagrees with device_B by 905.0 m (threshold 15 m)
2026-07-10T17:50:40.191677,device_A,SPOOFING,CRITICAL,Disagrees with device_B by 197.0 m (threshold 15 m)
2026-07-10T17:50:40.851183,device_A,SPOOFING,CRITICAL,Disagrees with device_B by 224.5 m (threshold 15 m)
2026-07-10T17:50:41.492847,device_A,SPOOFING,CRITICAL,Disagrees with device_B by 208.8 m (threshold 15 m)
2026-07-10T17:50:42.155626,device_A,SPOOFING,CRITICAL,Disagrees with device_B by 112.2 m (threshold 15 m)
2026-07-10T17:50:42.465276,device_B,SPOOFING,CRITICAL,Disagrees with device_A by 37.6 m (threshold 15 m)
2026-07-10T17:50:42.805493,device_A,SPOOFING,CRITICAL,Disagrees with device_B by 185.1 m (threshold 15 m)
2026-07-10T17:50:43.140680,device_B,SPOOFING,CRITICAL,Disagrees with device_A by 30.0 m (threshold 15 m)
2026-07-10T17:50:43.455227,device_A,SPOOFING,CRITICAL,Disagrees with device_B by 257.8 m (threshold 15 m)
2026-07-10T17:50:43.794700,device_B,SPOOFING,CRITICAL,Disagrees with device_A by 24.8 m (threshold 15 m)
2026-07-10T17:50:44.131821,device_A,SPOOFING,CRITICAL,Disagrees with device_B by 185.2 m (threshold 15 m)
2026-07-10T17:50:44.463181,device_B,SPOOFING,CRITICAL,Disagrees with device_A by 49.5 m (threshold 15 m)
2026-07-10T17:50:44.796463,device_A,SPOOFING,CRITICAL,Disagrees with device_B by 81.0 m (threshold 15 m)
2026-07-10T17:50:45.436116,device_A,SPOOFING,CRITICAL,Disagrees with device_B by 25.6 m (threshold 15 m)
2026-07-10T17:50:46.100203,device_A,SPOOFING,CRITICAL,Disagrees with device_B by 140.6 m (threshold 15 m)
2026-07-10T17:50:46.736311,device_A,SPOOFING,CRITICAL,Disagrees with device_B by 189.0 m (threshold 15 m)
2026-07-10T17:50:47.394088,device_A,SPOOFING,CRITICAL,Disagrees with device_B by 207.1 m (threshold 15 m)
2026-07-10T17:50:47.722837,device_A,SPOOFING,CRITICAL,Disagrees with device_B by 420.1 m (threshold 15 m)
2026-07-10T17:50:48.037560,device_A,SPOOFING,CRITICAL,Disagrees with device_B by 648.8 m (threshold 15 m)
2026-07-10T17:50:48.366036,device_A,SPOOFING,CRITICAL,Disagrees with device_B by 808.0 m (threshold 15 m)
2026-07-10T17:50:48.694486,device_A,SPOOFING,CRITICAL,Disagrees with device_B by 973.0 m (threshold 15 m)
2026-07-10T17:50:49.354313,device_A,SPOOFING,CRITICAL,Disagrees with device_B by 201.3 m (threshold 15 m)
2026-07-10T17:50:50.008603,device_A,SPOOFING,CRITICAL,Disagrees with device_B by 180.4 m (threshold 15 m)
2026-07-10T17:50:50.335208,device_B,SPOOFING,CRITICAL,Disagrees with device_A by 26.1 m (threshold 15 m)
2026-07-10T17:50:50.663523,device_A,SPOOFING,CRITICAL,Disagrees with device_B by 84.1 m (threshold 15 m)
2026-07-10T17:50:50.993844,device_B,SPOOFING,CRITICAL,Disagrees with device_A by 24.8 m (threshold 15 m)
2026-07-10T17:50:51.319146,device_A,SPOOFING,CRITICAL,Disagrees with device_B by 27.3 m (threshold 15 m)
2026-07-10T17:50:51.650612,device_B,SPOOFING,CRITICAL,Disagrees with device_A by 46.9 m (threshold 15 m)
2026-07-10T17:50:51.980700,device_A,SPOOFING,CRITICAL,Disagrees with device_B by 40.4 m (threshold 15 m)
2026-07-10T17:50:52.310294,device_B,SPOOFING,CRITICAL,Disagrees with device_A by 22.5 m (threshold 15 m)
2026-07-10T17:50:52.638309,device_A,SPOOFING,CRITICAL,Disagrees with device_B by 24.6 m (threshold 15 m)
2026-07-10T17:50:53.921020,device_A,SPOOFING,CRITICAL,Implausible jump: 4454.7 m in 15.0s (1069 km/h) exceeds 150 km/h limit; Disagrees with device_B by 4454.5 m (threshold 15 m)
2026-07-10T17:50:54.242423,device_A,SPOOFING,CRITICAL,Disagrees with device_B by 4724.4 m (threshold 15 m)
2026-07-10T17:50:54.571756,device_A,SPOOFING,CRITICAL,Implausible jump: 4737.7 m in 15.0s (1137 km/h) exceeds 150 km/h limit
2026-07-10T17:50:55.215069,device_A,SPOOFING,CRITICAL,Disagrees with device_B by 61.0 m (threshold 15 m)
2026-07-10T17:50:57.116811,device_A,SPOOFING,CRITICAL,Disagrees with device_B by 78.4 m (threshold 15 m)
2026-07-10T17:50:57.744582,device_A,SPOOFING,CRITICAL,Disagrees with device_B by 77.7 m (threshold 15 m)
2026-07-10T17:50:58.413980,device_A,SPOOFING,CRITICAL,Disagrees with device_B by 25.7 m (threshold 15 m)
2026-07-10T17:50:59.107608,device_A,SPOOFING,CRITICAL,Disagrees with device_B by 134.9 m (threshold 15 m)
2026-07-10T17:50:59.743261,device_A,SPOOFING,CRITICAL,Disagrees with device_B by 94.8 m (threshold 15 m)
2026-07-10T17:51:00.385422,device_A,SPOOFING,CRITICAL,Disagrees with device_B by 156.7 m (threshold 15 m)
2026-07-10T17:51:01.036950,device_A,SPOOFING,CRITICAL,Disagrees with device_B by 96.0 m (threshold 15 m)
2026-07-10T17:51:01.705337,device_A,SPOOFING,CRITICAL,Disagrees with device_B by 19.4 m (threshold 15 m)
2026-07-10T17:51:02.354206,device_A,SPOOFING,CRITICAL,Disagrees with device_B by 74.3 m (threshold 15 m)
2026-07-10T17:51:02.984526,device_A,SPOOFING,CRITICAL,Disagrees with device_B by 135.0 m (threshold 15 m)
2026-07-10T17:51:03.626263,device_A,SPOOFING,CRITICAL,Disagrees with device_B by 174.1 m (threshold 15 m)
2026-07-10T17:51:03.941423,device_B,SPOOFING,CRITICAL,Disagrees with device_A by 31.7 m (threshold 15 m)
2026-07-10T17:51:04.255504,device_A,SPOOFING,CRITICAL,Disagrees with device_B by 63.9 m (threshold 15 m)
2026-07-10T17:51:04.569006,device_B,SPOOFING,CRITICAL,Disagrees with device_A by 20.8 m (threshold 15 m)
2026-07-10T17:51:04.898826,device_A,SPOOFING,CRITICAL,Disagrees with device_B by 140.7 m (threshold 15 m)
2026-07-10T17:51:05.228163,device_B,SPOOFING,CRITICAL,Disagrees with device_A by 47.1 m (threshold 15 m)
2026-07-10T17:51:05.556277,device_A,SPOOFING,CRITICAL,Disagrees with device_B by 302.0 m (threshold 15 m)
2026-07-10T17:51:05.881613,device_B,SPOOFING,CRITICAL,Disagrees with device_A by 31.9 m (threshold 15 m)
2026-07-10T17:51:06.212304,device_A,SPOOFING,CRITICAL,Disagrees with device_B by 203.1 m (threshold 15 m)
2026-07-10T17:51:06.537092,device_B,SPOOFING,CRITICAL,Disagrees with device_A by 49.5 m (threshold 15 m)
2026-07-10T17:51:06.849899,device_A,SPOOFING,CRITICAL,Disagrees with device_B by 204.3 m (threshold 15 m)
2026-07-10T17:51:07.175307,device_B,SPOOFING,CRITICAL,Disagrees with device_A by 26.8 m (threshold 15 m)
2026-07-10T17:51:07.505193,device_A,SPOOFING,CRITICAL,Disagrees with device_B by 178.1 m (threshold 15 m)
2026-07-10T17:51:07.817908,device_B,SPOOFING,CRITICAL,Disagrees with device_A by 29.7 m (threshold 15 m)
2026-07-10T17:51:08.127503,device_A,SPOOFING,CRITICAL,Disagrees with device_B by 177.6 m (threshold 15 m)
2026-07-10T17:51:08.455518,device_B,SPOOFING,CRITICAL,Disagrees with device_A by 40.5 m (threshold 15 m)
2026-07-10T17:51:08.768622,device_A,SPOOFING,CRITICAL,Disagrees with device_B by 137.7 m (threshold 15 m)
2026-07-10T17:51:09.393581,device_A,SPOOFING,CRITICAL,Disagrees with device_B by 153.5 m (threshold 15 m)
2026-07-10T17:51:10.038365,device_A,SPOOFING,CRITICAL,Disagrees with device_B by 163.3 m (threshold 15 m)
2026-07-10T17:51:10.678151,device_A,SPOOFING,CRITICAL,Disagrees with device_B by 258.3 m (threshold 15 m)
2026-07-10T17:51:11.337906,device_A,SPOOFING,CRITICAL,Disagrees with device_B by 225.6 m (threshold 15 m)
2026-07-10T17:51:12.001595,device_A,SPOOFING,CRITICAL,Disagrees with device_B by 211.3 m (threshold 15 m)
2026-07-10T17:51:12.646080,device_A,SPOOFING,CRITICAL,Disagrees with device_B by 122.6 m (threshold 15 m)
2026-07-10T17:51:27.861059,device_A,JAMMING,CRITICAL,No data received for 15s (timeout 15s)
2026-07-10T17:51:29.016319,device_B,JAMMING,CRITICAL,No data received for 16s (timeout 15s)
2026-07-10T17:51:29.283563,device_A,JAMMING,CRITICAL,No data received for 17s (timeout 15s)
2026-07-10T17:51:29.285663,device_B,JAMMING,CRITICAL,No data received for 16s (timeout 15s)
2026-07-10T17:51:29.829811,device_A,JAMMING,CRITICAL,No data received for 17s (timeout 15s)
2026-07-10T17:51:29.830735,device_B,JAMMING,CRITICAL,No data received for 17s (timeout 15s)
2026-07-10T17:51:31.018195,device_A,JAMMING,CRITICAL,No data received for 18s (timeout 15s)
2026-07-10T17:51:31.020408,device_B,JAMMING,CRITICAL,No data received for 18s (timeout 15s)
2026-07-10T17:51:31.809725,device_A,JAMMING,CRITICAL,No data received for 19s (timeout 15s)
2026-07-10T17:51:31.811012,device_B,JAMMING,CRITICAL,No data received for 19s (timeout 15s)
2026-07-10T17:51:33.014583,device_A,JAMMING,CRITICAL,No data received for 20s (timeout 15s)
2026-07-10T17:51:33.015619,device_B,JAMMING,CRITICAL,No data received for 20s (timeout 15s)
2026-07-10T17:51:33.798191,device_A,JAMMING,CRITICAL,No data received for 21s (timeout 15s)
2026-07-10T17:51:33.800281,device_B,JAMMING,CRITICAL,No data received for 21s (timeout 15s)
2026-07-10T17:51:35.026187,device_A,JAMMING,CRITICAL,No data received for 22s (timeout 15s)
2026-07-10T17:51:35.028066,device_B,JAMMING,CRITICAL,No data received for 22s (timeout 15s)
2026-07-10T17:51:35.810563,device_A,JAMMING,CRITICAL,No data received for 23s (timeout 15s)
2026-07-10T17:51:35.811862,device_B,JAMMING,CRITICAL,No data received for 23s (timeout 15s)
2026-07-10T17:51:37.013816,device_A,JAMMING,CRITICAL,No data received for 24s (timeout 15s)
2026-07-10T17:51:37.016438,device_B,JAMMING,CRITICAL,No data received for 24s (timeout 15s)
2026-07-10T17:51:37.804523,device_A,JAMMING,CRITICAL,No data received for 25s (timeout 15s)
2026-07-10T17:51:37.805972,device_B,JAMMING,CRITICAL,No data received for 25s (timeout 15s)
2026-07-10T17:51:39.027736,device_A,JAMMING,CRITICAL,No data received for 26s (timeout 15s)
2026-07-10T17:51:39.030611,device_B,JAMMING,CRITICAL,No data received for 26s (timeout 15s)
2026-07-10T17:51:39.807120,device_A,JAMMING,CRITICAL,No data received for 27s (timeout 15s)
2026-07-10T17:51:39.808693,device_B,JAMMING,CRITICAL,No data received for 27s (timeout 15s)
2026-07-10T17:51:41.019644,device_A,JAMMING,CRITICAL,No data received for 28s (timeout 15s)
2026-07-10T17:51:41.022367,device_B,JAMMING,CRITICAL,No data received for 28s (timeout 15s)
2026-07-10T17:51:41.802630,device_A,JAMMING,CRITICAL,No data received for 29s (timeout 15s)
2026-07-10T17:51:41.804082,device_B,JAMMING,CRITICAL,No data received for 29s (timeout 15s)
2026-07-10T17:51:43.015524,device_A,JAMMING,CRITICAL,No data received for 30s (timeout 15s)
2026-07-10T17:51:43.018256,device_B,JAMMING,CRITICAL,No data received for 30s (timeout 15s)
2026-07-10T17:51:43.831290,device_A,JAMMING,CRITICAL,No data received for 31s (timeout 15s)
2026-07-10T17:51:43.832478,device_B,JAMMING,CRITICAL,No data received for 31s (timeout 15s)
2026-07-10T17:51:45.022041,device_A,JAMMING,CRITICAL,No data received for 32s (timeout 15s)
2026-07-10T17:51:45.024163,device_B,JAMMING,CRITICAL,No data received for 32s (timeout 15s)
2026-07-10T17:51:45.808324,device_A,JAMMING,CRITICAL,No data received for 33s (timeout 15s)
2026-07-10T17:51:45.810652,device_B,JAMMING,CRITICAL,No data received for 33s (timeout 15s)
2026-07-10T17:51:47.023669,device_A,JAMMING,CRITICAL,No data received for 34s (timeout 15s)
2026-07-10T17:51:47.026980,device_B,JAMMING,CRITICAL,No data received for 34s (timeout 15s)
2026-07-10T17:51:47.810542,device_A,JAMMING,CRITICAL,No data received for 35s (timeout 15s)
2026-07-10T17:51:47.813974,device_B,JAMMING,CRITICAL,No data received for 35s (timeout 15s)
2026-07-10T17:51:49.019329,device_A,JAMMING,CRITICAL,No data received for 36s (timeout 15s)
2026-07-10T17:51:49.022009,device_B,JAMMING,CRITICAL,No data received for 36s (timeout 15s)
2026-07-10T17:51:49.798924,device_A,JAMMING,CRITICAL,No data received for 37s (timeout 15s)
2026-07-10T17:51:49.800353,device_B,JAMMING,CRITICAL,No data received for 37s (timeout 15s)
2026-07-10T17:51:51.017216,device_A,JAMMING,CRITICAL,No data received for 38s (timeout 15s)
2026-07-10T17:51:51.018907,device_B,JAMMING,CRITICAL,No data received for 38s (timeout 15s)
2026-07-10T17:51:51.803908,device_A,JAMMING,CRITICAL,No data received for 39s (timeout 15s)
2026-07-10T17:51:51.805744,device_B,JAMMING,CRITICAL,No data received for 39s (timeout 15s)
2026-07-10T17:51:53.029596,device_A,JAMMING,CRITICAL,No data received for 40s (timeout 15s)
2026-07-10T17:51:53.033683,device_B,JAMMING,CRITICAL,No data received for 40s (timeout 15s)
2026-07-10T17:51:53.801542,device_A,JAMMING,CRITICAL,No data received for 41s (timeout 15s)
2026-07-10T17:51:53.803481,device_B,JAMMING,CRITICAL,No data received for 41s (timeout 15s)
2026-07-10T17:51:55.022684,device_A,JAMMING,CRITICAL,No data received for 42s (timeout 15s)
2026-07-10T17:51:55.024800,device_B,JAMMING,CRITICAL,No data received for 42s (timeout 15s)
2026-07-10T17:51:55.811932,device_A,JAMMING,CRITICAL,No data received for 43s (timeout 15s)
2026-07-10T17:51:55.813857,device_B,JAMMING,CRITICAL,No data received for 43s (timeout 15s)
2026-07-10T17:51:57.015620,device_A,JAMMING,CRITICAL,No data received for 44s (timeout 15s)
2026-07-10T17:51:57.017687,device_B,JAMMING,CRITICAL,No data received for 44s (timeout 15s)
2026-07-10T17:51:57.802126,device_A,JAMMING,CRITICAL,No data received for 45s (timeout 15s)
2026-07-10T17:51:57.803833,device_B,JAMMING,CRITICAL,No data received for 45s (timeout 15s)
2026-07-10T17:51:59.018763,device_A,JAMMING,CRITICAL,No data received for 46s (timeout 15s)
2026-07-10T17:51:59.020648,device_B,JAMMING,CRITICAL,No data received for 46s (timeout 15s)
2026-07-10T17:51:59.801435,device_A,JAMMING,CRITICAL,No data received for 47s (timeout 15s)
2026-07-10T17:51:59.802960,device_B,JAMMING,CRITICAL,No data received for 47s (timeout 15s)
2026-07-10T17:52:01.028969,device_A,JAMMING,CRITICAL,No data received for 48s (timeout 15s)
2026-07-10T17:52:01.032561,device_B,JAMMING,CRITICAL,No data received for 48s (timeout 15s)
2026-07-10T17:52:01.806676,device_A,JAMMING,CRITICAL,No data received for 49s (timeout 15s)
2026-07-10T17:52:01.808667,device_B,JAMMING,CRITICAL,No data received for 49s (timeout 15s)
2026-07-10T17:52:03.020379,device_A,JAMMING,CRITICAL,No data received for 50s (timeout 15s)
2026-07-10T17:52:03.021427,device_B,JAMMING,CRITICAL,No data received for 50s (timeout 15s)
2026-07-10T17:52:03.802158,device_A,JAMMING,CRITICAL,No data received for 51s (timeout 15s)
2026-07-10T17:52:03.803447,device_B,JAMMING,CRITICAL,No data received for 51s (timeout 15s)
2026-07-10T17:52:05.018432,device_A,JAMMING,CRITICAL,No data received for 52s (timeout 15s)
2026-07-10T17:52:05.019345,device_B,JAMMING,CRITICAL,No data received for 52s (timeout 15s)
2026-07-10T17:52:05.797821,device_A,JAMMING,CRITICAL,No data received for 53s (timeout 15s)
2026-07-10T17:52:05.798712,device_B,JAMMING,CRITICAL,No data received for 53s (timeout 15s)
2026-07-10T17:52:07.024188,device_A,JAMMING,CRITICAL,No data received for 54s (timeout 15s)
2026-07-10T17:52:07.026322,device_B,JAMMING,CRITICAL,No data received for 54s (timeout 15s)
2026-07-10T17:52:07.805254,device_A,JAMMING,CRITICAL,No data received for 55s (timeout 15s)
2026-07-10T17:52:07.807149,device_B,JAMMING,CRITICAL,No data received for 55s (timeout 15s)
2026-07-10T17:52:09.018044,device_A,JAMMING,CRITICAL,No data received for 56s (timeout 15s)
2026-07-10T17:52:09.019323,device_B,JAMMING,CRITICAL,No data received for 56s (timeout 15s)
2026-07-10T17:52:11.019731,device_A,JAMMING,CRITICAL,No data received for 58s (timeout 15s)
2026-07-10T17:52:11.021108,device_B,JAMMING,CRITICAL,No data received for 58s (timeout 15s)
2026-07-10T17:52:12.888044,device_A,JAMMING,CRITICAL,No data received for 60s (timeout 15s)
2026-07-10T17:52:12.890137,device_B,JAMMING,CRITICAL,No data received for 60s (timeout 15s)
2026-07-10T17:52:13.024740,device_A,JAMMING,CRITICAL,No data received for 60s (timeout 15s)
2026-07-10T17:52:13.026664,device_B,JAMMING,CRITICAL,No data received for 60s (timeout 15s)
2026-07-10T17:52:14.152017,device_A,JAMMING,CRITICAL,No data received for 62s (timeout 15s)
2026-07-10T17:52:14.153290,device_B,JAMMING,CRITICAL,No data received for 61s (timeout 15s)
2026-07-10T17:52:15.013639,device_A,JAMMING,CRITICAL,No data received for 62s (timeout 15s)
2026-07-10T17:52:15.015776,device_B,JAMMING,CRITICAL,No data received for 62s (timeout 15s)
2026-07-10T17:52:17.021700,device_A,JAMMING,CRITICAL,No data received for 64s (timeout 15s)
2026-07-10T17:52:17.023478,device_B,JAMMING,CRITICAL,No data received for 64s (timeout 15s)
2026-07-10T17:52:18.315219,device_A,JAMMING,CRITICAL,No data received for 66s (timeout 15s)
2026-07-10T17:52:18.317540,device_B,JAMMING,CRITICAL,No data received for 65s (timeout 15s)
2026-07-10T17:52:19.014010,device_A,JAMMING,CRITICAL,No data received for 66s (timeout 15s)
2026-07-10T17:52:19.015108,device_B,JAMMING,CRITICAL,No data received for 66s (timeout 15s)
2026-07-10T17:52:19.879792,device_A,JAMMING,CRITICAL,No data received for 67s (timeout 15s)
2026-07-10T17:52:19.880958,device_B,JAMMING,CRITICAL,No data received for 67s (timeout 15s)
2026-07-10T17:52:21.010912,device_A,JAMMING,CRITICAL,No data received for 68s (timeout 15s)
2026-07-10T17:52:21.012573,device_B,JAMMING,CRITICAL,No data received for 68s (timeout 15s)
2026-07-10T17:52:22.441056,device_A,JAMMING,CRITICAL,No data received for 70s (timeout 15s)
2026-07-10T17:52:22.443380,device_B,JAMMING,CRITICAL,No data received for 69s (timeout 15s)
2026-07-10T17:52:23.063160,device_A,JAMMING,CRITICAL,No data received for 70s (timeout 15s)
2026-07-10T17:52:23.065169,device_B,JAMMING,CRITICAL,No data received for 70s (timeout 15s)
2026-07-10T17:52:25.023140,device_A,JAMMING,CRITICAL,No data received for 72s (timeout 15s)
2026-07-10T17:52:25.025221,device_B,JAMMING,CRITICAL,No data received for 72s (timeout 15s)
2026-07-10T17:52:27.014990,device_A,JAMMING,CRITICAL,No data received for 74s (timeout 15s)
2026-07-10T17:52:27.017154,device_B,JAMMING,CRITICAL,No data received for 74s (timeout 15s)
2026-07-10T17:52:28.915640,device_A,JAMMING,CRITICAL,No data received for 76s (timeout 15s)
2026-07-10T17:52:28.917211,device_B,JAMMING,CRITICAL,No data received for 76s (timeout 15s)
2026-07-10T17:52:29.022767,device_A,JAMMING,CRITICAL,No data received for 76s (timeout 15s)
2026-07-10T17:52:29.024017,device_B,JAMMING,CRITICAL,No data received for 76s (timeout 15s)
2026-07-10T17:52:29.810466,device_A,JAMMING,CRITICAL,No data received for 77s (timeout 15s)
2026-07-10T17:52:29.812002,device_B,JAMMING,CRITICAL,No data received for 77s (timeout 15s)
2026-07-10T17:52:31.018515,device_A,JAMMING,CRITICAL,No data received for 78s (timeout 15s)
2026-07-10T17:52:31.020033,device_B,JAMMING,CRITICAL,No data received for 78s (timeout 15s)
2026-07-10T17:52:31.975178,device_A,JAMMING,CRITICAL,No data received for 79s (timeout 15s)
2026-07-10T17:52:31.977146,device_B,JAMMING,CRITICAL,No data received for 79s (timeout 15s)
2026-07-10T17:52:33.010606,device_A,JAMMING,CRITICAL,No data received for 80s (timeout 15s)
2026-07-10T17:52:33.012490,device_B,JAMMING,CRITICAL,No data received for 80s (timeout 15s)
2026-07-10T17:52:33.807754,device_A,JAMMING,CRITICAL,No data received for 81s (timeout 15s)
2026-07-10T17:52:33.811456,device_B,JAMMING,CRITICAL,No data received for 81s (timeout 15s)
2026-07-10T17:52:35.017300,device_A,JAMMING,CRITICAL,No data received for 82s (timeout 15s)
2026-07-10T17:52:35.019451,device_B,JAMMING,CRITICAL,No data received for 82s (timeout 15s)
2026-07-10T17:52:35.837063,device_A,JAMMING,CRITICAL,No data received for 83s (timeout 15s)
2026-07-10T17:52:35.839599,device_B,JAMMING,CRITICAL,No data received for 83s (timeout 15s)
2026-07-10T17:52:37.017520,device_A,JAMMING,CRITICAL,No data received for 84s (timeout 15s)
2026-07-10T17:52:37.019020,device_B,JAMMING,CRITICAL,No data received for 84s (timeout 15s)
2026-07-10T17:52:37.808479,device_A,JAMMING,CRITICAL,No data received for 85s (timeout 15s)
2026-07-10T17:52:37.810043,device_B,JAMMING,CRITICAL,No data received for 85s (timeout 15s)
2026-07-10T17:52:39.015521,device_A,JAMMING,CRITICAL,No data received for 86s (timeout 15s)
2026-07-10T17:52:39.017938,device_B,JAMMING,CRITICAL,No data received for 86s (timeout 15s)
2026-07-10T17:52:39.806983,device_A,JAMMING,CRITICAL,No data received for 87s (timeout 15s)
2026-07-10T17:52:39.809440,device_B,JAMMING,CRITICAL,No data received for 87s (timeout 15s)
2026-07-10T17:52:41.014403,device_A,JAMMING,CRITICAL,No data received for 88s (timeout 15s)
2026-07-10T17:52:41.016262,device_B,JAMMING,CRITICAL,No data received for 88s (timeout 15s)
2026-07-10T17:52:41.808521,device_A,JAMMING,CRITICAL,No data received for 89s (timeout 15s)
2026-07-10T17:52:41.810418,device_B,JAMMING,CRITICAL,No data received for 89s (timeout 15s)
2026-07-10T17:52:43.016678,device_A,JAMMING,CRITICAL,No data received for 90s (timeout 15s)
2026-07-10T17:52:43.017732,device_B,JAMMING,CRITICAL,No data received for 90s (timeout 15s)
2026-07-10T17:52:44.471252,device_A,JAMMING,CRITICAL,No data received for 92s (timeout 15s)
2026-07-10T17:52:44.474136,device_B,JAMMING,CRITICAL,No data received for 91s (timeout 15s)
2026-07-10T17:52:45.015466,device_A,JAMMING,CRITICAL,No data received for 92s (timeout 15s)
2026-07-10T17:52:45.016602,device_B,JAMMING,CRITICAL,No data received for 92s (timeout 15s)
2026-07-10T17:52:46.897400,device_A,JAMMING,CRITICAL,No data received for 94s (timeout 15s)
2026-07-10T17:52:46.898718,device_B,JAMMING,CRITICAL,No data received for 94s (timeout 15s)
2026-07-10T17:52:47.005964,device_A,JAMMING,CRITICAL,No data received for 94s (timeout 15s)
2026-07-10T17:52:47.007747,device_B,JAMMING,CRITICAL,No data received for 94s (timeout 15s)
2026-07-10T17:52:47.805200,device_A,JAMMING,CRITICAL,No data received for 95s (timeout 15s)
2026-07-10T17:52:47.807410,device_B,JAMMING,CRITICAL,No data received for 95s (timeout 15s)
2026-07-10T17:52:49.020292,device_A,JAMMING,CRITICAL,No data received for 96s (timeout 15s)
2026-07-10T17:52:49.021581,device_B,JAMMING,CRITICAL,No data received for 96s (timeout 15s)
2026-07-10T17:52:49.803018,device_A,JAMMING,CRITICAL,No data received for 97s (timeout 15s)
2026-07-10T17:52:49.804733,device_B,JAMMING,CRITICAL,No data received for 97s (timeout 15s)
2026-07-10T17:52:51.009421,device_A,JAMMING,CRITICAL,No data received for 98s (timeout 15s)
2026-07-10T17:52:51.010984,device_B,JAMMING,CRITICAL,No data received for 98s (timeout 15s)
2026-07-10T17:52:51.804183,device_A,JAMMING,CRITICAL,No data received for 99s (timeout 15s)
2026-07-10T17:52:51.806088,device_B,JAMMING,CRITICAL,No data received for 99s (timeout 15s)
2026-07-10T17:52:53.021046,device_A,JAMMING,CRITICAL,No data received for 100s (timeout 15s)
2026-07-10T17:52:53.023038,device_B,JAMMING,CRITICAL,No data received for 100s (timeout 15s)
2026-07-10T17:52:53.819410,device_A,JAMMING,CRITICAL,No data received for 101s (timeout 15s)
2026-07-10T17:52:53.821159,device_B,JAMMING,CRITICAL,No data received for 101s (timeout 15s)
2026-07-10T17:52:55.014490,device_A,JAMMING,CRITICAL,No data received for 102s (timeout 15s)
2026-07-10T17:52:55.016307,device_B,JAMMING,CRITICAL,No data received for 102s (timeout 15s)
2026-07-10T17:52:55.846342,device_A,JAMMING,CRITICAL,No data received for 103s (timeout 15s)
2026-07-10T17:52:55.847750,device_B,JAMMING,CRITICAL,No data received for 103s (timeout 15s)
2026-07-10T17:52:57.008161,device_A,JAMMING,CRITICAL,No data received for 104s (timeout 15s)
2026-07-10T17:52:57.009927,device_B,JAMMING,CRITICAL,No data received for 104s (timeout 15s)
2026-07-10T17:52:57.817044,device_A,JAMMING,CRITICAL,No data received for 105s (timeout 15s)
2026-07-10T17:52:57.820260,device_B,JAMMING,CRITICAL,No data received for 105s (timeout 15s)
2026-07-10T17:52:59.017247,device_A,JAMMING,CRITICAL,No data received for 106s (timeout 15s)
2026-07-10T17:52:59.019164,device_B,JAMMING,CRITICAL,No data received for 106s (timeout 15s)
2026-07-10T17:52:59.804575,device_A,JAMMING,CRITICAL,No data received for 107s (timeout 15s)
2026-07-10T17:52:59.806270,device_B,JAMMING,CRITICAL,No data received for 107s (timeout 15s)
2026-07-10T17:53:01.024150,device_A,JAMMING,CRITICAL,No data received for 108s (timeout 15s)
2026-07-10T17:53:01.025998,device_B,JAMMING,CRITICAL,No data received for 108s (timeout 15s)
2026-07-10T17:53:01.804868,device_A,JAMMING,CRITICAL,No data received for 109s (timeout 15s)
2026-07-10T17:53:01.805881,device_B,JAMMING,CRITICAL,No data received for 109s (timeout 15s)
2026-07-10T17:53:03.012334,device_A,JAMMING,CRITICAL,No data received for 110s (timeout 15s)
2026-07-10T17:53:03.013975,device_B,JAMMING,CRITICAL,No data received for 110s (timeout 15s)
2026-07-10T17:53:03.805446,device_A,JAMMING,CRITICAL,No data received for 111s (timeout 15s)
2026-07-10T17:53:03.806584,device_B,JAMMING,CRITICAL,No data received for 111s (timeout 15s)
2026-07-10T17:53:05.016327,device_A,JAMMING,CRITICAL,No data received for 112s (timeout 15s)
2026-07-10T17:53:05.018163,device_B,JAMMING,CRITICAL,No data received for 112s (timeout 15s)
2026-07-10T17:53:05.804829,device_A,JAMMING,CRITICAL,No data received for 113s (timeout 15s)
2026-07-10T17:53:05.806164,device_B,JAMMING,CRITICAL,No data received for 113s (timeout 15s)
2026-07-10T17:53:07.020844,device_A,JAMMING,CRITICAL,No data received for 114s (timeout 15s)
2026-07-10T17:53:07.022540,device_B,JAMMING,CRITICAL,No data received for 114s (timeout 15s)
2026-07-10T17:53:07.804347,device_A,JAMMING,CRITICAL,No data received for 115s (timeout 15s)
2026-07-10T17:53:07.805216,device_B,JAMMING,CRITICAL,No data received for 115s (timeout 15s)
2026-07-10T17:53:09.019395,device_A,JAMMING,CRITICAL,No data received for 116s (timeout 15s)
2026-07-10T17:53:09.020151,device_B,JAMMING,CRITICAL,No data received for 116s (timeout 15s)
2026-07-10T17:53:09.803291,device_A,JAMMING,CRITICAL,No data received for 117s (timeout 15s)
2026-07-10T17:53:09.804567,device_B,JAMMING,CRITICAL,No data received for 117s (timeout 15s)
2026-07-10T17:53:11.010785,device_A,JAMMING,CRITICAL,No data received for 118s (timeout 15s)
2026-07-10T17:53:11.012292,device_B,JAMMING,CRITICAL,No data received for 118s (timeout 15s)
2026-07-10T17:53:11.803263,device_A,JAMMING,CRITICAL,No data received for 119s (timeout 15s)
2026-07-10T17:53:11.804215,device_B,JAMMING,CRITICAL,No data received for 119s (timeout 15s)
2026-07-10T17:53:13.022763,device_A,JAMMING,CRITICAL,No data received for 120s (timeout 15s)
2026-07-10T17:53:13.025406,device_B,JAMMING,CRITICAL,No data received for 120s (timeout 15s)
2026-07-10T17:53:13.802827,device_A,JAMMING,CRITICAL,No data received for 121s (timeout 15s)
2026-07-10T17:53:13.804611,device_B,JAMMING,CRITICAL,No data received for 121s (timeout 15s)
2026-07-10T17:53:15.015481,device_A,JAMMING,CRITICAL,No data received for 122s (timeout 15s)
2026-07-10T17:53:15.017292,device_B,JAMMING,CRITICAL,No data received for 122s (timeout 15s)
2026-07-10T17:53:15.801626,device_A,JAMMING,CRITICAL,No data received for 123s (timeout 15s)
2026-07-10T17:53:15.803932,device_B,JAMMING,CRITICAL,No data received for 123s (timeout 15s)
2026-07-10T17:53:17.017398,device_A,JAMMING,CRITICAL,No data received for 124s (timeout 15s)
2026-07-10T17:53:17.019399,device_B,JAMMING,CRITICAL,No data received for 124s (timeout 15s)
2026-07-10T17:53:17.826897,device_A,JAMMING,CRITICAL,No data received for 125s (timeout 15s)
2026-07-10T17:53:17.828440,device_B,JAMMING,CRITICAL,No data received for 125s (timeout 15s)
2026-07-10T17:53:19.010711,device_A,JAMMING,CRITICAL,No data received for 126s (timeout 15s)
2026-07-10T17:53:19.012299,device_B,JAMMING,CRITICAL,No data received for 126s (timeout 15s)
2026-07-10T17:53:19.811920,device_A,JAMMING,CRITICAL,No data received for 127s (timeout 15s)
2026-07-10T17:53:19.813792,device_B,JAMMING,CRITICAL,No data received for 127s (timeout 15s)
2026-07-10T17:53:21.012451,device_A,JAMMING,CRITICAL,No data received for 128s (timeout 15s)
2026-07-10T17:53:21.013773,device_B,JAMMING,CRITICAL,No data received for 128s (timeout 15s)
2026-07-10T17:53:21.819986,device_A,JAMMING,CRITICAL,No data received for 129s (timeout 15s)
2026-07-10T17:53:21.821862,device_B,JAMMING,CRITICAL,No data received for 129s (timeout 15s)
2026-07-10T17:53:23.013391,device_A,JAMMING,CRITICAL,No data received for 130s (timeout 15s)
2026-07-10T17:53:23.015799,device_B,JAMMING,CRITICAL,No data received for 130s (timeout 15s)
2026-07-10T17:53:23.814083,device_A,JAMMING,CRITICAL,No data received for 131s (timeout 15s)
2026-07-10T17:53:23.814943,device_B,JAMMING,CRITICAL,No data received for 131s (timeout 15s)
2026-07-10T17:53:25.009768,device_A,JAMMING,CRITICAL,No data received for 132s (timeout 15s)
2026-07-10T17:53:25.011934,device_B,JAMMING,CRITICAL,No data received for 132s (timeout 15s)
2026-07-10T17:53:26.123597,device_A,JAMMING,CRITICAL,No data received for 133s (timeout 15s)
2026-07-10T17:53:26.125475,device_B,JAMMING,CRITICAL,No data received for 133s (timeout 15s)
2026-07-10T17:53:27.008186,device_A,JAMMING,CRITICAL,No data received for 134s (timeout 15s)
2026-07-10T17:53:27.010444,device_B,JAMMING,CRITICAL,No data received for 134s (timeout 15s)
2026-07-10T17:53:28.005234,device_A,JAMMING,CRITICAL,No data received for 135s (timeout 15s)
2026-07-10T17:53:28.007244,device_B,JAMMING,CRITICAL,No data received for 135s (timeout 15s)
2026-07-10T17:53:29.010823,device_A,JAMMING,CRITICAL,No data received for 136s (timeout 15s)
2026-07-10T17:53:29.013027,device_B,JAMMING,CRITICAL,No data received for 136s (timeout 15s)
2026-07-10T17:53:29.813683,device_A,JAMMING,CRITICAL,No data received for 137s (timeout 15s)
2026-07-10T17:53:29.814645,device_B,JAMMING,CRITICAL,No data received for 137s (timeout 15s)
2026-07-10T17:53:31.012113,device_A,JAMMING,CRITICAL,No data received for 138s (timeout 15s)
2026-07-10T17:53:31.227923,device_B,JAMMING,CRITICAL,No data received for 138s (timeout 15s)
2026-07-10T17:53:31.811803,device_A,JAMMING,CRITICAL,No data received for 139s (timeout 15s)
2026-07-10T17:53:31.813162,device_B,JAMMING,CRITICAL,No data received for 139s (timeout 15s)
2026-07-10T17:53:33.014287,device_A,JAMMING,CRITICAL,No data received for 140s (timeout 15s)
2026-07-10T17:53:33.016012,device_B,JAMMING,CRITICAL,No data received for 140s (timeout 15s)
2026-07-10T17:53:33.796585,device_A,JAMMING,CRITICAL,No data received for 141s (timeout 15s)
2026-07-10T17:53:33.798406,device_B,JAMMING,CRITICAL,No data received for 141s (timeout 15s)
2026-07-10T17:53:35.016150,device_A,JAMMING,CRITICAL,No data received for 142s (timeout 15s)
2026-07-10T17:53:35.017691,device_B,JAMMING,CRITICAL,No data received for 142s (timeout 15s)
2026-07-10T17:53:35.803574,device_A,JAMMING,CRITICAL,No data received for 143s (timeout 15s)
2026-07-10T17:53:35.804768,device_B,JAMMING,CRITICAL,No data received for 143s (timeout 15s)
2026-07-10T17:53:37.010152,device_A,JAMMING,CRITICAL,No data received for 144s (timeout 15s)
2026-07-10T17:53:37.013014,device_B,JAMMING,CRITICAL,No data received for 144s (timeout 15s)
2026-07-10T17:53:37.805901,device_A,JAMMING,CRITICAL,No data received for 145s (timeout 15s)
2026-07-10T17:53:37.807817,device_B,JAMMING,CRITICAL,No data received for 145s (timeout 15s)
2026-07-10T17:53:39.017117,device_A,JAMMING,CRITICAL,No data received for 146s (timeout 15s)
2026-07-10T17:53:39.018843,device_B,JAMMING,CRITICAL,No data received for 146s (timeout 15s)
2026-07-10T17:53:39.809807,device_A,JAMMING,CRITICAL,No data received for 147s (timeout 15s)
2026-07-10T17:53:39.811134,device_B,JAMMING,CRITICAL,No data received for 147s (timeout 15s)
2026-07-10T17:53:41.018296,device_A,JAMMING,CRITICAL,No data received for 148s (timeout 15s)
2026-07-10T17:53:41.019119,device_B,JAMMING,CRITICAL,No data received for 148s (timeout 15s)
2026-07-10T17:53:41.807271,device_A,JAMMING,CRITICAL,No data received for 149s (timeout 15s)
2026-07-10T17:53:41.809034,device_B,JAMMING,CRITICAL,No data received for 149s (timeout 15s)
2026-07-10T17:53:43.021024,device_A,JAMMING,CRITICAL,No data received for 150s (timeout 15s)
2026-07-10T17:53:43.023212,device_B,JAMMING,CRITICAL,No data received for 150s (timeout 15s)
2026-07-10T17:53:44.302594,device_A,JAMMING,CRITICAL,No data received for 152s (timeout 15s)
2026-07-10T17:53:44.305626,device_B,JAMMING,CRITICAL,No data received for 151s (timeout 15s)
2026-07-10T17:53:45.024072,device_A,JAMMING,CRITICAL,No data received for 152s (timeout 15s)
2026-07-10T17:53:45.026093,device_B,JAMMING,CRITICAL,No data received for 152s (timeout 15s)
2026-07-10T17:53:46.368173,device_A,JAMMING,CRITICAL,No data received for 154s (timeout 15s)
2026-07-10T17:53:46.369991,device_B,JAMMING,CRITICAL,No data received for 153s (timeout 15s)
2026-07-10T17:53:47.023764,device_A,JAMMING,CRITICAL,No data received for 154s (timeout 15s)
2026-07-10T17:53:47.026150,device_B,JAMMING,CRITICAL,No data received for 154s (timeout 15s)
2026-07-10T17:53:47.804666,device_A,JAMMING,CRITICAL,No data received for 155s (timeout 15s)
2026-07-10T17:53:47.805662,device_B,JAMMING,CRITICAL,No data received for 155s (timeout 15s)
2026-07-10T17:53:49.017586,device_A,JAMMING,CRITICAL,No data received for 156s (timeout 15s)
2026-07-10T17:53:49.019333,device_B,JAMMING,CRITICAL,No data received for 156s (timeout 15s)
2026-07-10T17:53:49.832217,device_A,JAMMING,CRITICAL,No data received for 157s (timeout 15s)
2026-07-10T17:53:49.833121,device_B,JAMMING,CRITICAL,No data received for 157s (timeout 15s)
2026-07-10T17:53:51.021348,device_A,JAMMING,CRITICAL,No data received for 158s (timeout 15s)
2026-07-10T17:53:51.024139,device_B,JAMMING,CRITICAL,No data received for 158s (timeout 15s)
2026-07-10T17:53:51.808472,device_A,JAMMING,CRITICAL,No data received for 159s (timeout 15s)
2026-07-10T17:53:51.810629,device_B,JAMMING,CRITICAL,No data received for 159s (timeout 15s)
2026-07-10T17:53:53.010174,device_A,JAMMING,CRITICAL,No data received for 160s (timeout 15s)
2026-07-10T17:53:53.011859,device_B,JAMMING,CRITICAL,No data received for 160s (timeout 15s)
2026-07-10T17:53:53.807936,device_A,JAMMING,CRITICAL,No data received for 161s (timeout 15s)
2026-07-10T17:53:53.821177,device_B,JAMMING,CRITICAL,No data received for 161s (timeout 15s)
2026-07-10T17:53:55.014096,device_A,JAMMING,CRITICAL,No data received for 162s (timeout 15s)
2026-07-10T17:53:55.016023,device_B,JAMMING,CRITICAL,No data received for 162s (timeout 15s)
2026-07-10T17:53:55.869360,device_A,JAMMING,CRITICAL,No data received for 163s (timeout 15s)
2026-07-10T17:53:55.871211,device_B,JAMMING,CRITICAL,No data received for 163s (timeout 15s)
2026-07-10T17:53:57.017587,device_A,JAMMING,CRITICAL,No data received for 164s (timeout 15s)
2026-07-10T17:53:57.019522,device_B,JAMMING,CRITICAL,No data received for 164s (timeout 15s)
2026-07-10T17:53:57.888738,device_A,JAMMING,CRITICAL,No data received for 165s (timeout 15s)
2026-07-10T17:53:58.906731,device_B,JAMMING,CRITICAL,No data received for 165s (timeout 15s)
2026-07-10T17:53:59.013099,device_A,JAMMING,CRITICAL,No data received for 166s (timeout 15s)
2026-07-10T17:53:59.014493,device_B,JAMMING,CRITICAL,No data received for 166s (timeout 15s)
2026-07-10T17:53:59.799717,device_A,JAMMING,CRITICAL,No data received for 167s (timeout 15s)
2026-07-10T17:53:59.801987,device_B,JAMMING,CRITICAL,No data received for 167s (timeout 15s)
2026-07-10T17:54:01.021403,device_A,JAMMING,CRITICAL,No data received for 168s (timeout 15s)
2026-07-10T17:54:01.023304,device_B,JAMMING,CRITICAL,No data received for 168s (timeout 15s)
2026-07-10T17:54:01.809639,device_A,JAMMING,CRITICAL,No data received for 169s (timeout 15s)
2026-07-10T17:54:01.811978,device_B,JAMMING,CRITICAL,No data received for 169s (timeout 15s)
2026-07-10T17:54:03.017947,device_A,JAMMING,CRITICAL,No data received for 170s (timeout 15s)
2026-07-10T17:54:03.020422,device_B,JAMMING,CRITICAL,No data received for 170s (timeout 15s)
2026-07-10T17:54:03.797973,device_A,JAMMING,CRITICAL,No data received for 171s (timeout 15s)
2026-07-10T17:54:03.799666,device_B,JAMMING,CRITICAL,No data received for 171s (timeout 15s)
2026-07-10T17:54:05.019143,device_A,JAMMING,CRITICAL,No data received for 172s (timeout 15s)
2026-07-10T17:54:05.021193,device_B,JAMMING,CRITICAL,No data received for 172s (timeout 15s)
2026-07-10T17:54:05.869333,device_A,JAMMING,CRITICAL,No data received for 173s (timeout 15s)
2026-07-10T17:54:05.870117,device_B,JAMMING,CRITICAL,No data received for 173s (timeout 15s)
2026-07-10T17:54:07.009756,device_A,JAMMING,CRITICAL,No data received for 174s (timeout 15s)
2026-07-10T17:54:07.011448,device_B,JAMMING,CRITICAL,No data received for 174s (timeout 15s)
2026-07-10T17:54:07.800572,device_A,JAMMING,CRITICAL,No data received for 175s (timeout 15s)
2026-07-10T17:54:07.802029,device_B,JAMMING,CRITICAL,No data received for 175s (timeout 15s)
2026-07-10T17:54:09.019870,device_A,JAMMING,CRITICAL,No data received for 176s (timeout 15s)
2026-07-10T17:54:09.021433,device_B,JAMMING,CRITICAL,No data received for 176s (timeout 15s)
2026-07-10T17:54:10.245708,device_A,JAMMING,CRITICAL,No data received for 178s (timeout 15s)
2026-07-10T17:54:10.248184,device_B,JAMMING,CRITICAL,No data received for 177s (timeout 15s)
2026-07-10T17:54:11.019837,device_A,JAMMING,CRITICAL,No data received for 178s (timeout 15s)
2026-07-10T17:54:11.022339,device_B,JAMMING,CRITICAL,No data received for 178s (timeout 15s)
2026-07-10T17:54:11.811472,device_A,JAMMING,CRITICAL,No data received for 179s (timeout 15s)
2026-07-10T17:54:11.812752,device_B,JAMMING,CRITICAL,No data received for 179s (timeout 15s)
2026-07-10T17:54:13.011386,device_A,JAMMING,CRITICAL,No data received for 180s (timeout 15s)
2026-07-10T17:54:13.013195,device_B,JAMMING,CRITICAL,No data received for 180s (timeout 15s)
2026-07-10T17:54:13.891514,device_A,JAMMING,CRITICAL,No data received for 181s (timeout 15s)
2026-07-10T17:54:13.893842,device_B,JAMMING,CRITICAL,No data received for 181s (timeout 15s)
2026-07-10T17:54:15.019620,device_A,JAMMING,CRITICAL,No data received for 182s (timeout 15s)
2026-07-10T17:54:15.021556,device_B,JAMMING,CRITICAL,No data received for 182s (timeout 15s)
2026-07-10T17:54:15.866420,device_A,JAMMING,CRITICAL,No data received for 183s (timeout 15s)
2026-07-10T17:54:15.867936,device_B,JAMMING,CRITICAL,No data received for 183s (timeout 15s)
2026-07-10T17:54:17.017786,device_A,JAMMING,CRITICAL,No data received for 184s (timeout 15s)
2026-07-10T17:54:17.020025,device_B,JAMMING,CRITICAL,No data received for 184s (timeout 15s)
2026-07-10T17:54:17.813474,device_A,JAMMING,CRITICAL,No data received for 185s (timeout 15s)
2026-07-10T17:54:17.814464,device_B,JAMMING,CRITICAL,No data received for 185s (timeout 15s)
2026-07-10T17:54:19.019900,device_A,JAMMING,CRITICAL,No data received for 186s (timeout 15s)
2026-07-10T17:54:19.021839,device_B,JAMMING,CRITICAL,No data received for 186s (timeout 15s)
2026-07-10T17:54:19.828497,device_A,JAMMING,CRITICAL,No data received for 187s (timeout 15s)
2026-07-10T17:54:19.830521,device_B,JAMMING,CRITICAL,No data received for 187s (timeout 15s)
2026-07-10T17:54:21.010971,device_A,JAMMING,CRITICAL,No data received for 188s (timeout 15s)
2026-07-10T17:54:21.012809,device_B,JAMMING,CRITICAL,No data received for 188s (timeout 15s)
2026-07-10T17:54:22.589479,device_A,JAMMING,CRITICAL,No data received for 190s (timeout 15s)
2026-07-10T17:54:22.590341,device_B,JAMMING,CRITICAL,No data received for 190s (timeout 15s)
2026-07-10T17:54:23.022584,device_A,JAMMING,CRITICAL,No data received for 190s (timeout 15s)
2026-07-10T17:54:23.024751,device_B,JAMMING,CRITICAL,No data received for 190s (timeout 15s)
2026-07-10T17:54:23.821731,device_A,JAMMING,CRITICAL,No data received for 191s (timeout 15s)
2026-07-10T17:54:23.823913,device_B,JAMMING,CRITICAL,No data received for 191s (timeout 15s)
2026-07-10T17:54:25.014502,device_A,JAMMING,CRITICAL,No data received for 192s (timeout 15s)
2026-07-10T17:54:25.016612,device_B,JAMMING,CRITICAL,No data received for 192s (timeout 15s)
2026-07-10T17:54:25.834237,device_A,JAMMING,CRITICAL,No data received for 193s (timeout 15s)
2026-07-10T17:54:25.835321,device_B,JAMMING,CRITICAL,No data received for 193s (timeout 15s)
2026-07-10T17:54:27.012575,device_A,JAMMING,CRITICAL,No data received for 194s (timeout 15s)
2026-07-10T17:54:27.015333,device_B,JAMMING,CRITICAL,No data received for 194s (timeout 15s)
2026-07-10T17:54:27.964773,device_A,JAMMING,CRITICAL,No data received for 195s (timeout 15s)
2026-07-10T17:54:27.966053,device_B,JAMMING,CRITICAL,No data received for 195s (timeout 15s)
2026-07-10T17:54:29.017381,device_A,JAMMING,CRITICAL,No data received for 196s (timeout 15s)
2026-07-10T17:54:29.018668,device_B,JAMMING,CRITICAL,No data received for 196s (timeout 15s)
2026-07-10T17:54:29.800861,device_A,JAMMING,CRITICAL,No data received for 197s (timeout 15s)
2026-07-10T17:54:29.801642,device_B,JAMMING,CRITICAL,No data received for 197s (timeout 15s)
2026-07-10T17:54:31.010357,device_A,JAMMING,CRITICAL,No data received for 198s (timeout 15s)
2026-07-10T17:54:31.012084,device_B,JAMMING,CRITICAL,No data received for 198s (timeout 15s)
2026-07-10T17:54:31.791284,device_A,JAMMING,CRITICAL,No data received for 199s (timeout 15s)
2026-07-10T17:54:31.792633,device_B,JAMMING,CRITICAL,No data received for 199s (timeout 15s)
2026-07-10T17:54:33.015488,device_A,JAMMING,CRITICAL,No data received for 200s (timeout 15s)
2026-07-10T17:54:33.017691,device_B,JAMMING,CRITICAL,No data received for 200s (timeout 15s)
2026-07-10T17:54:33.831923,device_A,JAMMING,CRITICAL,No data received for 201s (timeout 15s)
2026-07-10T17:54:33.833344,device_B,JAMMING,CRITICAL,No data received for 201s (timeout 15s)
2026-07-10T17:54:35.013712,device_A,JAMMING,CRITICAL,No data received for 202s (timeout 15s)
2026-07-10T17:54:35.015910,device_B,JAMMING,CRITICAL,No data received for 202s (timeout 15s)
2026-07-10T17:54:35.799321,device_A,JAMMING,CRITICAL,No data received for 203s (timeout 15s)
2026-07-10T17:54:35.801306,device_B,JAMMING,CRITICAL,No data received for 203s (timeout 15s)
2026-07-10T17:54:37.019946,device_A,JAMMING,CRITICAL,No data received for 204s (timeout 15s)
2026-07-10T17:54:37.020934,device_B,JAMMING,CRITICAL,No data received for 204s (timeout 15s)
2026-07-10T17:54:37.804068,device_A,JAMMING,CRITICAL,No data received for 205s (timeout 15s)
2026-07-10T17:54:37.804915,device_B,JAMMING,CRITICAL,No data received for 205s (timeout 15s)
2026-07-10T17:54:39.011729,device_A,JAMMING,CRITICAL,No data received for 206s (timeout 15s)
2026-07-10T17:54:39.014465,device_B,JAMMING,CRITICAL,No data received for 206s (timeout 15s)
2026-07-10T17:54:39.805414,device_A,JAMMING,CRITICAL,No data received for 207s (timeout 15s)
2026-07-10T17:54:39.806880,device_B,JAMMING,CRITICAL,No data received for 207s (timeout 15s)
2026-07-10T17:54:41.006968,device_A,JAMMING,CRITICAL,No data received for 208s (timeout 15s)
2026-07-10T17:54:41.007950,device_B,JAMMING,CRITICAL,No data received for 208s (timeout 15s)
2026-07-10T17:54:41.799903,device_A,JAMMING,CRITICAL,No data received for 209s (timeout 15s)
2026-07-10T17:54:41.800813,device_B,JAMMING,CRITICAL,No data received for 209s (timeout 15s)
2026-07-10T17:54:43.017861,device_A,JAMMING,CRITICAL,No data received for 210s (timeout 15s)
2026-07-10T17:54:43.020293,device_B,JAMMING,CRITICAL,No data received for 210s (timeout 15s)
2026-07-10T17:54:43.797915,device_A,JAMMING,CRITICAL,No data received for 211s (timeout 15s)
2026-07-10T17:54:43.798833,device_B,JAMMING,CRITICAL,No data received for 211s (timeout 15s)
2026-07-10T17:54:45.017212,device_A,JAMMING,CRITICAL,No data received for 212s (timeout 15s)
2026-07-10T17:54:45.018074,device_B,JAMMING,CRITICAL,No data received for 212s (timeout 15s)
2026-07-10T17:54:45.802272,device_A,JAMMING,CRITICAL,No data received for 213s (timeout 15s)
2026-07-10T17:54:45.803982,device_B,JAMMING,CRITICAL,No data received for 213s (timeout 15s)
2026-07-10T17:54:47.017216,device_A,JAMMING,CRITICAL,No data received for 214s (timeout 15s)
2026-07-10T17:54:47.897184,device_B,JAMMING,CRITICAL,No data received for 214s (timeout 15s)
2026-07-10T17:54:47.805461,device_A,JAMMING,CRITICAL,No data received for 215s (timeout 15s)
2026-07-10T17:54:47.900915,device_B,JAMMING,CRITICAL,No data received for 215s (timeout 15s)
2026-07-10T17:54:49.012227,device_A,JAMMING,CRITICAL,No data received for 216s (timeout 15s)
2026-07-10T17:54:49.014378,device_B,JAMMING,CRITICAL,No data received for 216s (timeout 15s)
2026-07-10T17:54:49.802505,device_A,JAMMING,CRITICAL,No data received for 217s (timeout 15s)
2026-07-10T17:54:49.803764,device_B,JAMMING,CRITICAL,No data received for 217s (timeout 15s)
2026-07-10T17:54:51.019163,device_A,JAMMING,CRITICAL,No data received for 218s (timeout 15s)
2026-07-10T17:54:51.021310,device_B,JAMMING,CRITICAL,No data received for 218s (timeout 15s)
2026-07-10T17:54:51.809551,device_A,JAMMING,CRITICAL,No data received for 219s (timeout 15s)
2026-07-10T17:54:51.813798,device_B,JAMMING,CRITICAL,No data received for 219s (timeout 15s)
2026-07-10T17:54:53.011480,device_A,JAMMING,CRITICAL,No data received for 220s (timeout 15s)
2026-07-10T17:54:53.012976,device_B,JAMMING,CRITICAL,No data received for 220s (timeout 15s)
2026-07-10T17:54:53.800743,device_A,JAMMING,CRITICAL,No data received for 221s (timeout 15s)
2026-07-10T17:54:53.802325,device_B,JAMMING,CRITICAL,No data received for 221s (timeout 15s)
2026-07-10T18:02:33.054115,device_A,SPOOFING,CRITICAL,Implausible jump: 7582.6 m in 2.0s (13510 km/h) exceeds 150 km/h limit; Disagrees with device_B by 7584.7 m (threshold 15 m)
2026-07-10T18:02:35.048671,device_B,SPOOFING,CRITICAL,Disagrees with device_A by 7587.2 m (threshold 15 m)
2026-07-10T18:02:35.079277,device_A,SPOOFING,CRITICAL,Implausible jump: 7588.1 m in 2.0s (13483 km/h) exceeds 150 km/h limit
2026-07-10T18:03:03.006274,device_A,JAMMING,CRITICAL,No data received for 16s (timeout 15s)
2026-07-10T18:03:03.010301,device_B,JAMMING,CRITICAL,No data received for 16s (timeout 15s)
2026-07-10T18:03:03.791737,device_A,JAMMING,CRITICAL,No data received for 17s (timeout 15s)
2026-07-10T18:03:03.792857,device_B,JAMMING,CRITICAL,No data received for 17s (timeout 15s)
2026-07-10T18:03:05.007892,device_A,JAMMING,CRITICAL,No data received for 18s (timeout 15s)
2026-07-10T18:03:05.009056,device_B,JAMMING,CRITICAL,No data received for 18s (timeout 15s)
2026-07-10T18:03:05.805639,device_A,JAMMING,CRITICAL,No data received for 19s (timeout 15s)
2026-07-10T18:03:05.807849,device_B,JAMMING,CRITICAL,No data received for 19s (timeout 15s)
2026-07-10T18:03:07.015534,device_A,JAMMING,CRITICAL,No data received for 20s (timeout 15s)
2026-07-10T18:03:07.016781,device_B,JAMMING,CRITICAL,No data received for 20s (timeout 15s)
2026-07-10T18:03:07.807839,device_A,JAMMING,CRITICAL,No data received for 21s (timeout 15s)
2026-07-10T18:03:07.809471,device_B,JAMMING,CRITICAL,No data received for 21s (timeout 15s)
2026-07-10T18:03:09.012898,device_A,JAMMING,CRITICAL,No data received for 22s (timeout 15s)
2026-07-10T18:03:09.013984,device_B,JAMMING,CRITICAL,No data received for 22s (timeout 15s)
2026-07-10T18:03:09.802243,device_A,JAMMING,CRITICAL,No data received for 23s (timeout 15s)
2026-07-10T18:03:09.803630,device_B,JAMMING,CRITICAL,No data received for 23s (timeout 15s)
2026-07-10T18:03:11.013558,device_A,JAMMING,CRITICAL,No data received for 24s (timeout 15s)
2026-07-10T18:03:11.015048,device_B,JAMMING,CRITICAL,No data received for 24s (timeout 15s)
2026-07-10T18:03:11.814201,device_A,JAMMING,CRITICAL,No data received for 25s (timeout 15s)
2026-07-10T18:03:11.815545,device_B,JAMMING,CRITICAL,No data received for 25s (timeout 15s)
2026-07-10T18:03:13.010090,device_A,JAMMING,CRITICAL,No data received for 26s (timeout 15s)
2026-07-10T18:03:13.011115,device_B,JAMMING,CRITICAL,No data received for 26s (timeout 15s)
2026-07-10T18:03:13.806630,device_A,JAMMING,CRITICAL,No data received for 27s (timeout 15s)
2026-07-10T18:03:13.807590,device_B,JAMMING,CRITICAL,No data received for 27s (timeout 15s)
2026-07-10T18:03:15.018419,device_A,JAMMING,CRITICAL,No data received for 28s (timeout 15s)
2026-07-10T18:03:15.019565,device_B,JAMMING,CRITICAL,No data received for 28s (timeout 15s)
2026-07-10T18:03:16.023423,device_A,JAMMING,CRITICAL,No data received for 29s (timeout 15s)
2026-07-10T18:03:16.024388,device_B,JAMMING,CRITICAL,No data received for 29s (timeout 15s)
2026-07-10T18:03:17.007486,device_A,JAMMING,CRITICAL,No data received for 30s (timeout 15s)
2026-07-10T18:03:17.009709,device_B,JAMMING,CRITICAL,No data received for 30s (timeout 15s)
2026-07-10T18:03:17.804682,device_A,JAMMING,CRITICAL,No data received for 31s (timeout 15s)
2026-07-10T18:03:17.805951,device_B,JAMMING,CRITICAL,No data received for 31s (timeout 15s)
2026-07-10T18:03:19.011847,device_A,JAMMING,CRITICAL,No data received for 32s (timeout 15s)
2026-07-10T18:03:19.013730,device_B,JAMMING,CRITICAL,No data received for 32s (timeout 15s)
2026-07-10T18:03:19.806499,device_A,JAMMING,CRITICAL,No data received for 33s (timeout 15s)
2026-07-10T18:03:19.808809,device_B,JAMMING,CRITICAL,No data received for 33s (timeout 15s)
2026-07-10T18:03:21.017159,device_A,JAMMING,CRITICAL,No data received for 34s (timeout 15s)
2026-07-10T18:03:21.018226,device_B,JAMMING,CRITICAL,No data received for 34s (timeout 15s)
2026-07-10T18:03:21.999587,device_A,JAMMING,CRITICAL,No data received for 35s (timeout 15s)
2026-07-10T18:03:22.001202,device_B,JAMMING,CRITICAL,No data received for 35s (timeout 15s)
2026-07-10T18:03:23.017877,device_A,JAMMING,CRITICAL,No data received for 36s (timeout 15s)
2026-07-10T18:03:23.019379,device_B,JAMMING,CRITICAL,No data received for 36s (timeout 15s)
2026-07-10T18:03:23.973035,device_A,JAMMING,CRITICAL,No data received for 37s (timeout 15s)
2026-07-10T18:03:23.974380,device_B,JAMMING,CRITICAL,No data received for 37s (timeout 15s)
2026-07-10T18:03:25.017558,device_A,JAMMING,CRITICAL,No data received for 38s (timeout 15s)
2026-07-10T18:03:25.019342,device_B,JAMMING,CRITICAL,No data received for 38s (timeout 15s)
2026-07-10T18:03:25.827957,device_A,JAMMING,CRITICAL,No data received for 39s (timeout 15s)
2026-07-10T18:03:25.830631,device_B,JAMMING,CRITICAL,No data received for 39s (timeout 15s)
2026-07-10T18:03:27.016899,device_A,JAMMING,CRITICAL,No data received for 40s (timeout 15s)
2026-07-10T18:03:27.018352,device_B,JAMMING,CRITICAL,No data received for 40s (timeout 15s)
2026-07-10T18:03:27.810639,device_A,JAMMING,CRITICAL,No data received for 41s (timeout 15s)
2026-07-10T18:03:27.812241,device_B,JAMMING,CRITICAL,No data received for 41s (timeout 15s)
2026-07-10T18:03:29.020858,device_A,JAMMING,CRITICAL,No data received for 42s (timeout 15s)
2026-07-10T18:03:29.022491,device_B,JAMMING,CRITICAL,No data received for 42s (timeout 15s)
2026-07-10T18:03:29.794515,device_A,JAMMING,CRITICAL,No data received for 43s (timeout 15s)
2026-07-10T18:03:29.795972,device_B,JAMMING,CRITICAL,No data received for 43s (timeout 15s)
2026-07-10T18:03:31.011708,device_A,JAMMING,CRITICAL,No data received for 44s (timeout 15s)
2026-07-10T18:03:31.013212,device_B,JAMMING,CRITICAL,No data received for 44s (timeout 15s)
2026-07-10T18:03:31.798158,device_A,JAMMING,CRITICAL,No data received for 45s (timeout 15s)
2026-07-10T18:03:31.799292,device_B,JAMMING,CRITICAL,No data received for 45s (timeout 15s)
2026-07-10T18:03:33.011384,device_A,JAMMING,CRITICAL,No data received for 46s (timeout 15s)
2026-07-10T18:03:33.012929,device_B,JAMMING,CRITICAL,No data received for 46s (timeout 15s)
2026-07-10T18:03:33.802402,device_A,JAMMING,CRITICAL,No data received for 47s (timeout 15s)
2026-07-10T18:03:33.804002,device_B,JAMMING,CRITICAL,No data received for 47s (timeout 15s)
2026-07-10T18:03:35.014133,device_A,JAMMING,CRITICAL,No data received for 48s (timeout 15s)
2026-07-10T18:03:35.015509,device_B,JAMMING,CRITICAL,No data received for 48s (timeout 15s)
2026-07-10T18:03:35.803543,device_A,JAMMING,CRITICAL,No data received for 49s (timeout 15s)
2026-07-10T18:03:35.805621,device_B,JAMMING,CRITICAL,No data received for 49s (timeout 15s)
2026-07-10T18:03:37.009022,device_A,JAMMING,CRITICAL,No data received for 50s (timeout 15s)
2026-07-10T18:03:37.010188,device_B,JAMMING,CRITICAL,No data received for 50s (timeout 15s)
2026-07-10T18:03:37.795803,device_A,JAMMING,CRITICAL,No data received for 51s (timeout 15s)
2026-07-10T18:03:37.797194,device_B,JAMMING,CRITICAL,No data received for 51s (timeout 15s)
2026-07-10T18:03:39.007675,device_A,JAMMING,CRITICAL,No data received for 52s (timeout 15s)
2026-07-10T18:03:39.008822,device_B,JAMMING,CRITICAL,No data received for 52s (timeout 15s)
2026-07-10T18:03:39.797823,device_A,JAMMING,CRITICAL,No data received for 53s (timeout 15s)
2026-07-10T18:03:39.798989,device_B,JAMMING,CRITICAL,No data received for 53s (timeout 15s)
2026-07-10T18:03:41.019122,device_A,JAMMING,CRITICAL,No data received for 54s (timeout 15s)
2026-07-10T18:03:41.020498,device_B,JAMMING,CRITICAL,No data received for 54s (timeout 15s)
2026-07-10T18:03:41.791077,device_A,JAMMING,CRITICAL,No data received for 55s (timeout 15s)
2026-07-10T18:03:41.792184,device_B,JAMMING,CRITICAL,No data received for 55s (timeout 15s)
2026-07-10T18:03:43.012888,device_A,JAMMING,CRITICAL,No data received for 56s (timeout 15s)
2026-07-10T18:03:43.039221,device_B,JAMMING,CRITICAL,No data received for 56s (timeout 15s)
2026-07-10T18:03:43.792535,device_A,JAMMING,CRITICAL,No data received for 57s (timeout 15s)
2026-07-10T18:03:43.793385,device_B,JAMMING,CRITICAL,No data received for 57s (timeout 15s)
2026-07-10T18:03:45.018322,device_A,JAMMING,CRITICAL,No data received for 58s (timeout 15s)
2026-07-10T18:03:45.019498,device_B,JAMMING,CRITICAL,No data received for 58s (timeout 15s)
2026-07-10T18:03:45.796968,device_A,JAMMING,CRITICAL,No data received for 59s (timeout 15s)
2026-07-10T18:03:45.798388,device_B,JAMMING,CRITICAL,No data received for 59s (timeout 15s)
2026-07-10T18:03:47.010676,device_A,JAMMING,CRITICAL,No data received for 60s (timeout 15s)
2026-07-10T18:03:47.012928,device_B,JAMMING,CRITICAL,No data received for 60s (timeout 15s)
2026-07-10T18:03:47.818656,device_A,JAMMING,CRITICAL,No data received for 61s (timeout 15s)
2026-07-10T18:03:47.820421,device_B,JAMMING,CRITICAL,No data received for 61s (timeout 15s)
2026-07-10T18:03:49.019408,device_A,JAMMING,CRITICAL,No data received for 62s (timeout 15s)
2026-07-10T18:03:49.022038,device_B,JAMMING,CRITICAL,No data received for 62s (timeout 15s)
2026-07-10T18:03:49.813105,device_A,JAMMING,CRITICAL,No data received for 63s (timeout 15s)
2026-07-10T18:03:49.814441,device_B,JAMMING,CRITICAL,No data received for 63s (timeout 15s)
2026-07-10T18:03:51.023545,device_A,JAMMING,CRITICAL,No data received for 64s (timeout 15s)
2026-07-10T18:03:51.027076,device_B,JAMMING,CRITICAL,No data received for 64s (timeout 15s)
2026-07-10T18:03:51.801251,device_A,JAMMING,CRITICAL,No data received for 65s (timeout 15s)
2026-07-10T18:03:51.803044,device_B,JAMMING,CRITICAL,No data received for 65s (timeout 15s)
2026-07-10T18:03:53.023755,device_A,JAMMING,CRITICAL,No data received for 66s (timeout 15s)
2026-07-10T18:03:53.026925,device_B,JAMMING,CRITICAL,No data received for 66s (timeout 15s)
2026-07-10T18:03:53.808865,device_A,JAMMING,CRITICAL,No data received for 67s (timeout 15s)
2026-07-10T18:03:53.810670,device_B,JAMMING,CRITICAL,No data received for 67s (timeout 15s)
2026-07-10T18:03:55.011895,device_A,JAMMING,CRITICAL,No data received for 68s (timeout 15s)
2026-07-10T18:03:55.013741,device_B,JAMMING,CRITICAL,No data received for 68s (timeout 15s)
2026-07-10T18:03:55.952738,device_A,JAMMING,CRITICAL,No data received for 69s (timeout 15s)
2026-07-10T18:03:55.955563,device_B,JAMMING,CRITICAL,No data received for 69s (timeout 15s)
2026-07-10T18:03:57.024371,device_A,JAMMING,CRITICAL,No data received for 70s (timeout 15s)
2026-07-10T18:03:57.026775,device_B,JAMMING,CRITICAL,No data received for 70s (timeout 15s)
2026-07-10T18:03:57.807193,device_A,JAMMING,CRITICAL,No data received for 71s (timeout 15s)
2026-07-10T18:03:57.808941,device_B,JAMMING,CRITICAL,No data received for 71s (timeout 15s)
2026-07-10T18:03:59.050313,device_A,JAMMING,CRITICAL,No data received for 72s (timeout 15s)
2026-07-10T18:03:59.053669,device_B,JAMMING,CRITICAL,No data received for 72s (timeout 15s)
2026-07-10T18:03:59.797954,device_A,JAMMING,CRITICAL,No data received for 73s (timeout 15s)
2026-07-10T18:03:59.800550,device_B,JAMMING,CRITICAL,No data received for 73s (timeout 15s)
2026-07-10T18:04:01.015871,device_A,JAMMING,CRITICAL,No data received for 74s (timeout 15s)
2026-07-10T18:04:01.020747,device_B,JAMMING,CRITICAL,No data received for 74s (timeout 15s)
2026-07-10T18:04:01.806079,device_A,JAMMING,CRITICAL,No data received for 75s (timeout 15s)
2026-07-10T18:04:01.809376,device_B,JAMMING,CRITICAL,No data received for 75s (timeout 15s)
2026-07-10T18:04:03.029517,device_A,JAMMING,CRITICAL,No data received for 76s (timeout 15s)
2026-07-10T18:04:03.032192,device_B,JAMMING,CRITICAL,No data received for 76s (timeout 15s)
2026-07-10T18:04:03.794370,device_A,JAMMING,CRITICAL,No data received for 77s (timeout 15s)
2026-07-10T18:04:03.797451,device_B,JAMMING,CRITICAL,No data received for 77s (timeout 15s)
2026-07-10T18:04:05.021102,device_A,JAMMING,CRITICAL,No data received for 78s (timeout 15s)
2026-07-10T18:04:05.024400,device_B,JAMMING,CRITICAL,No data received for 78s (timeout 15s)
2026-07-10T18:04:05.794836,device_A,JAMMING,CRITICAL,No data received for 79s (timeout 15s)
2026-07-10T18:04:05.796976,device_B,JAMMING,CRITICAL,No data received for 79s (timeout 15s)
2026-07-10T18:04:07.039521,device_A,JAMMING,CRITICAL,No data received for 80s (timeout 15s)
2026-07-10T18:04:07.041843,device_B,JAMMING,CRITICAL,No data received for 80s (timeout 15s)
2026-07-10T18:04:07.795657,device_A,JAMMING,CRITICAL,No data received for 81s (timeout 15s)
2026-07-10T18:04:07.796982,device_B,JAMMING,CRITICAL,No data received for 81s (timeout 15s)
2026-07-10T18:04:09.048587,device_A,JAMMING,CRITICAL,No data received for 82s (timeout 15s)
2026-07-10T18:04:09.051492,device_B,JAMMING,CRITICAL,No data received for 82s (timeout 15s)
2026-07-10T18:04:09.796058,device_A,JAMMING,CRITICAL,No data received for 83s (timeout 15s)
2026-07-10T18:04:09.797560,device_B,JAMMING,CRITICAL,No data received for 83s (timeout 15s)
2026-07-10T18:04:11.017421,device_A,JAMMING,CRITICAL,No data received for 84s (timeout 15s)
2026-07-10T18:04:11.019071,device_B,JAMMING,CRITICAL,No data received for 84s (timeout 15s)
2026-07-10T18:04:11.798495,device_A,JAMMING,CRITICAL,No data received for 85s (timeout 15s)
2026-07-10T18:04:11.799940,device_B,JAMMING,CRITICAL,No data received for 85s (timeout 15s)
2026-07-10T18:04:13.014623,device_A,JAMMING,CRITICAL,No data received for 86s (timeout 15s)
2026-07-10T18:04:13.032280,device_B,JAMMING,CRITICAL,No data received for 86s (timeout 15s)
2026-07-10T18:04:13.794367,device_A,JAMMING,CRITICAL,No data received for 87s (timeout 15s)
2026-07-10T18:04:13.796748,device_B,JAMMING,CRITICAL,No data received for 87s (timeout 15s)
2026-07-10T18:04:15.046486,device_A,JAMMING,CRITICAL,No data received for 88s (timeout 15s)
2026-07-10T18:04:15.049524,device_B,JAMMING,CRITICAL,No data received for 88s (timeout 15s)
2026-07-10T18:04:15.797791,device_A,JAMMING,CRITICAL,No data received for 89s (timeout 15s)
2026-07-10T18:04:15.800864,device_B,JAMMING,CRITICAL,No data received for 89s (timeout 15s)
2026-07-10T18:04:17.026083,device_A,JAMMING,CRITICAL,No data received for 90s (timeout 15s)
2026-07-10T18:04:17.029612,device_B,JAMMING,CRITICAL,No data received for 90s (timeout 15s)
2026-07-10T18:04:17.794970,device_A,JAMMING,CRITICAL,No data received for 91s (timeout 15s)
2026-07-10T18:04:17.797641,device_B,JAMMING,CRITICAL,No data received for 91s (timeout 15s)
2026-07-10T18:04:19.044339,device_A,JAMMING,CRITICAL,No data received for 92s (timeout 15s)
2026-07-10T18:04:19.047217,device_B,JAMMING,CRITICAL,No data received for 92s (timeout 15s)
2026-07-10T18:04:19.794047,device_A,JAMMING,CRITICAL,No data received for 93s (timeout 15s)
2026-07-10T18:04:19.800213,device_B,JAMMING,CRITICAL,No data received for 93s (timeout 15s)
2026-07-10T18:04:21.040107,device_A,JAMMING,CRITICAL,No data received for 94s (timeout 15s)
2026-07-10T18:04:21.042637,device_B,JAMMING,CRITICAL,No data received for 94s (timeout 15s)
2026-07-10T18:04:21.546200,device_A,JAMMING,CRITICAL,No data received for 94s (timeout 15s)
2026-07-10T18:04:21.551977,device_B,JAMMING,CRITICAL,No data received for 94s (timeout 15s)
2026-07-10T18:04:21.803215,device_A,JAMMING,CRITICAL,No data received for 95s (timeout 15s)
2026-07-10T18:04:21.806286,device_B,JAMMING,CRITICAL,No data received for 95s (timeout 15s)
2026-07-10T18:04:23.061985,device_A,JAMMING,CRITICAL,No data received for 96s (timeout 15s)
2026-07-10T18:04:23.064671,device_B,JAMMING,CRITICAL,No data received for 96s (timeout 15s)
2026-07-10T18:04:23.551020,device_A,JAMMING,CRITICAL,No data received for 96s (timeout 15s)
2026-07-10T18:04:23.553853,device_B,JAMMING,CRITICAL,No data received for 96s (timeout 15s)
2026-07-10T18:04:23.798039,device_A,JAMMING,CRITICAL,No data received for 97s (timeout 15s)
2026-07-10T18:04:23.800914,device_B,JAMMING,CRITICAL,No data received for 97s (timeout 15s)
2026-07-10T18:04:25.042083,device_A,JAMMING,CRITICAL,No data received for 98s (timeout 15s)
2026-07-10T18:04:25.045657,device_B,JAMMING,CRITICAL,No data received for 98s (timeout 15s)
2026-07-10T18:04:25.554177,device_A,JAMMING,CRITICAL,No data received for 98s (timeout 15s)
2026-07-10T18:04:25.558229,device_B,JAMMING,CRITICAL,No data received for 98s (timeout 15s)
2026-07-10T18:04:26.037578,device_A,JAMMING,CRITICAL,No data received for 99s (timeout 15s)
2026-07-10T18:04:26.040458,device_B,JAMMING,CRITICAL,No data received for 99s (timeout 15s)
2026-07-10T18:04:27.088159,device_A,JAMMING,CRITICAL,No data received for 100s (timeout 15s)
2026-07-10T18:04:27.092048,device_B,JAMMING,CRITICAL,No data received for 100s (timeout 15s)
2026-07-10T18:04:27.549602,device_A,JAMMING,CRITICAL,No data received for 100s (timeout 15s)
2026-07-10T18:04:27.553399,device_B,JAMMING,CRITICAL,No data received for 100s (timeout 15s)
2026-07-10T18:04:27.795008,device_A,JAMMING,CRITICAL,No data received for 101s (timeout 15s)
2026-07-10T18:04:27.797935,device_B,JAMMING,CRITICAL,No data received for 101s (timeout 15s)
2026-07-10T18:04:29.063568,device_A,JAMMING,CRITICAL,No data received for 102s (timeout 15s)
2026-07-10T18:04:29.067356,device_B,JAMMING,CRITICAL,No data received for 102s (timeout 15s)
2026-07-10T18:04:29.549924,device_A,JAMMING,CRITICAL,No data received for 102s (timeout 15s)
2026-07-10T18:04:29.553984,device_B,JAMMING,CRITICAL,No data received for 102s (timeout 15s)
2026-07-10T18:04:29.794239,device_A,JAMMING,CRITICAL,No data received for 103s (timeout 15s)
2026-07-10T18:04:29.797204,device_B,JAMMING,CRITICAL,No data received for 103s (timeout 15s)
2026-07-10T18:04:31.028932,device_A,JAMMING,CRITICAL,No data received for 104s (timeout 15s)
2026-07-10T18:04:31.066308,device_B,JAMMING,CRITICAL,No data received for 104s (timeout 15s)
2026-07-10T18:04:31.551150,device_A,JAMMING,CRITICAL,No data received for 104s (timeout 15s)
2026-07-10T18:04:31.555862,device_B,JAMMING,CRITICAL,No data received for 104s (timeout 15s)
2026-07-10T18:04:31.800832,device_A,JAMMING,CRITICAL,No data received for 105s (timeout 15s)
2026-07-10T18:04:31.802617,device_B,JAMMING,CRITICAL,No data received for 105s (timeout 15s)
2026-07-10T18:04:33.050405,device_A,JAMMING,CRITICAL,No data received for 106s (timeout 15s)
2026-07-10T18:04:33.053107,device_B,JAMMING,CRITICAL,No data received for 106s (timeout 15s)
2026-07-10T18:05:58.903626,device_B,SPOOFING,CRITICAL,Disagrees with device_A by 15.5 m (threshold 15 m)
2026-07-10T18:06:00.929310,device_B,SPOOFING,CRITICAL,Disagrees with device_A by 19.2 m (threshold 15 m)
2026-07-10T18:06:02.951817,device_B,SPOOFING,CRITICAL,Disagrees with device_A by 21.2 m (threshold 15 m)
2026-07-10T18:06:04.983267,device_B,SPOOFING,CRITICAL,Disagrees with device_A by 24.3 m (threshold 15 m)
2026-07-10T18:06:06.566697,device_A,JAMMING,CRITICAL,No data received for 16s (timeout 15s)
2026-07-10T18:06:09.943966,device_A,JAMMING,CRITICAL,No data received for 19s (timeout 15s)
2026-07-10T18:06:10.603690,device_A,JAMMING,CRITICAL,No data received for 20s (timeout 15s)
2026-07-10T18:06:11.784694,device_A,JAMMING,CRITICAL,No data received for 21s (timeout 15s)
2026-07-10T18:06:12.684226,device_A,JAMMING,CRITICAL,No data received for 22s (timeout 15s)
2026-07-10T18:07:48.753482,device_B,JAMMING,CRITICAL,No data received for 15s (timeout 15.0s)
2026-07-10T18:07:50.759452,device_A,JAMMING,CRITICAL,No data received for 16s (timeout 15.0s)
2026-07-10T18:07:50.761039,device_B,JAMMING,CRITICAL,No data received for 17s (timeout 15.0s)
2026-07-10T18:07:52.233337,device_A,JAMMING,CRITICAL,No data received for 17s (timeout 15.0s)
2026-07-10T18:07:52.235346,device_B,JAMMING,CRITICAL,No data received for 19s (timeout 15.0s)
2026-07-10T18:07:52.554294,device_A,JAMMING,CRITICAL,No data received for 18s (timeout 15.0s)
2026-07-10T18:07:52.555592,device_B,JAMMING,CRITICAL,No data received for 19s (timeout 15.0s)
2026-07-10T18:07:53.560457,device_A,JAMMING,CRITICAL,No data received for 19s (timeout 15.0s)
2026-07-10T18:07:53.562582,device_B,JAMMING,CRITICAL,No data received for 20s (timeout 15.0s)
2026-07-10T18:07:54.549108,device_A,JAMMING,CRITICAL,No data received for 20s (timeout 15.0s)
2026-07-10T18:07:54.551047,device_B,JAMMING,CRITICAL,No data received for 21s (timeout 15.0s)
2026-07-10T18:07:55.546926,device_A,JAMMING,CRITICAL,No data received for 21s (timeout 15.0s)
2026-07-10T18:07:55.548765,device_B,JAMMING,CRITICAL,No data received for 22s (timeout 15.0s)
2026-07-10T18:07:56.562003,device_A,JAMMING,CRITICAL,No data received for 22s (timeout 15.0s)
2026-07-10T18:07:56.582727,device_B,JAMMING,CRITICAL,No data received for 23s (timeout 15.0s)
2026-07-10T18:07:57.544266,device_A,JAMMING,CRITICAL,No data received for 23s (timeout 15.0s)
2026-07-10T18:07:57.545436,device_B,JAMMING,CRITICAL,No data received for 24s (timeout 15.0s)
2026-07-10T18:07:58.545538,device_A,JAMMING,CRITICAL,No data received for 24s (timeout 15.0s)
2026-07-10T18:07:58.547512,device_B,JAMMING,CRITICAL,No data received for 25s (timeout 15.0s)
2026-07-10T18:07:59.543263,device_A,JAMMING,CRITICAL,No data received for 25s (timeout 15.0s)
2026-07-10T18:07:59.544454,device_B,JAMMING,CRITICAL,No data received for 26s (timeout 15.0s)
2026-07-10T18:08:00.549185,device_A,JAMMING,CRITICAL,No data received for 26s (timeout 15.0s)
2026-07-10T18:08:00.550694,device_B,JAMMING,CRITICAL,No data received for 27s (timeout 15.0s)
2026-07-10T18:08:01.557134,device_A,JAMMING,CRITICAL,No data received for 27s (timeout 15.0s)
2026-07-10T18:08:01.560089,device_B,JAMMING,CRITICAL,No data received for 28s (timeout 15.0s)
2026-07-10T18:08:02.549564,device_A,JAMMING,CRITICAL,No data received for 28s (timeout 15.0s)
2026-07-10T18:08:02.550489,device_B,JAMMING,CRITICAL,No data received for 29s (timeout 15.0s)
2026-07-10T18:08:03.552466,device_A,JAMMING,CRITICAL,No data received for 29s (timeout 15.0s)
2026-07-10T18:08:03.553551,device_B,JAMMING,CRITICAL,No data received for 30s (timeout 15.0s)
2026-07-10T18:08:04.557938,device_A,JAMMING,CRITICAL,No data received for 30s (timeout 15.0s)
2026-07-10T18:08:04.559432,device_B,JAMMING,CRITICAL,No data received for 31s (timeout 15.0s)
2026-07-10T18:08:05.566443,device_A,JAMMING,CRITICAL,No data received for 31s (timeout 15.0s)
2026-07-10T18:08:05.568833,device_B,JAMMING,CRITICAL,No data received for 32s (timeout 15.0s)
2026-07-10T18:08:06.546200,device_A,JAMMING,CRITICAL,No data received for 32s (timeout 15.0s)
2026-07-10T18:08:06.547958,device_B,JAMMING,CRITICAL,No data received for 33s (timeout 15.0s)
2026-07-10T18:08:07.553588,device_A,JAMMING,CRITICAL,No data received for 33s (timeout 15.0s)
2026-07-10T18:08:07.555246,device_B,JAMMING,CRITICAL,No data received for 34s (timeout 15.0s)
2026-07-10T18:08:08.551039,device_A,JAMMING,CRITICAL,No data received for 34s (timeout 15.0s)
2026-07-10T18:08:08.553412,device_B,JAMMING,CRITICAL,No data received for 35s (timeout 15.0s)
2026-07-10T18:08:09.559184,device_A,JAMMING,CRITICAL,No data received for 35s (timeout 15.0s)
2026-07-10T18:08:09.560810,device_B,JAMMING,CRITICAL,No data received for 36s (timeout 15.0s)
2026-07-10T18:08:10.552940,device_A,JAMMING,CRITICAL,No data received for 36s (timeout 15.0s)
2026-07-10T18:08:10.555677,device_B,JAMMING,CRITICAL,No data received for 37s (timeout 15.0s)
2026-07-10T18:08:11.546881,device_A,JAMMING,CRITICAL,No data received for 37s (timeout 15.0s)
2026-07-10T18:08:11.548715,device_B,JAMMING,CRITICAL,No data received for 38s (timeout 15.0s)
2026-07-10T18:08:12.551504,device_A,JAMMING,CRITICAL,No data received for 38s (timeout 15.0s)
2026-07-10T18:08:12.553225,device_B,JAMMING,CRITICAL,No data received for 39s (timeout 15.0s)
2026-07-10T18:08:13.557009,device_A,JAMMING,CRITICAL,No data received for 39s (timeout 15.0s)
2026-07-10T18:08:13.559034,device_B,JAMMING,CRITICAL,No data received for 40s (timeout 15.0s)
2026-07-10T18:08:14.727980,device_A,JAMMING,CRITICAL,No data received for 40s (timeout 15.0s)
2026-07-10T18:08:14.729895,device_B,JAMMING,CRITICAL,No data received for 41s (timeout 15.0s)
2026-07-10T18:08:15.557465,device_A,JAMMING,CRITICAL,No data received for 41s (timeout 15.0s)
2026-07-10T18:08:15.558812,device_B,JAMMING,CRITICAL,No data received for 42s (timeout 15.0s)
2026-07-10T18:08:16.553690,device_A,JAMMING,CRITICAL,No data received for 42s (timeout 15.0s)
2026-07-10T18:08:16.556108,device_B,JAMMING,CRITICAL,No data received for 43s (timeout 15.0s)
2026-07-10T18:08:17.556215,device_A,JAMMING,CRITICAL,No data received for 43s (timeout 15.0s)
2026-07-10T18:08:17.557694,device_B,JAMMING,CRITICAL,No data received for 44s (timeout 15.0s)
2026-07-10T18:08:18.546959,device_A,JAMMING,CRITICAL,No data received for 44s (timeout 15.0s)
2026-07-10T18:08:18.548291,device_B,JAMMING,CRITICAL,No data received for 45s (timeout 15.0s)
2026-07-10T18:08:19.551731,device_A,JAMMING,CRITICAL,No data received for 45s (timeout 15.0s)
2026-07-10T18:08:19.553383,device_B,JAMMING,CRITICAL,No data received for 46s (timeout 15.0s)
2026-07-10T18:08:20.557912,device_A,JAMMING,CRITICAL,No data received for 46s (timeout 15.0s)
2026-07-10T18:08:20.558753,device_B,JAMMING,CRITICAL,No data received for 47s (timeout 15.0s)
2026-07-10T18:08:21.557859,device_A,JAMMING,CRITICAL,No data received for 47s (timeout 15.0s)
2026-07-10T18:08:21.559578,device_B,JAMMING,CRITICAL,No data received for 48s (timeout 15.0s)
2026-07-10T18:08:22.544840,device_A,JAMMING,CRITICAL,No data received for 48s (timeout 15.0s)
2026-07-10T18:08:22.546506,device_B,JAMMING,CRITICAL,No data received for 49s (timeout 15.0s)
2026-07-10T18:08:23.555350,device_A,JAMMING,CRITICAL,No data received for 49s (timeout 15.0s)
2026-07-10T18:08:23.557093,device_B,JAMMING,CRITICAL,No data received for 50s (timeout 15.0s)
2026-07-10T18:08:24.547831,device_A,JAMMING,CRITICAL,No data received for 50s (timeout 15.0s)
2026-07-10T18:08:24.548677,device_B,JAMMING,CRITICAL,No data received for 51s (timeout 15.0s)
2026-07-10T18:08:25.549820,device_A,JAMMING,CRITICAL,No data received for 51s (timeout 15.0s)
2026-07-10T18:08:25.551433,device_B,JAMMING,CRITICAL,No data received for 52s (timeout 15.0s)
2026-07-10T18:08:26.558746,device_A,JAMMING,CRITICAL,No data received for 52s (timeout 15.0s)
2026-07-10T18:08:26.560471,device_B,JAMMING,CRITICAL,No data received for 53s (timeout 15.0s)
2026-07-10T18:08:27.546965,device_A,JAMMING,CRITICAL,No data received for 53s (timeout 15.0s)
2026-07-10T18:08:27.548448,device_B,JAMMING,CRITICAL,No data received for 54s (timeout 15.0s)
2026-07-10T18:08:28.561756,device_A,JAMMING,CRITICAL,No data received for 54s (timeout 15.0s)
2026-07-10T18:08:28.563924,device_B,JAMMING,CRITICAL,No data received for 55s (timeout 15.0s)
2026-07-10T18:08:29.559024,device_A,JAMMING,CRITICAL,No data received for 55s (timeout 15.0s)
2026-07-10T18:08:29.560781,device_B,JAMMING,CRITICAL,No data received for 56s (timeout 15.0s)
2026-07-10T18:08:30.559456,device_A,JAMMING,CRITICAL,No data received for 56s (timeout 15.0s)
2026-07-10T18:08:30.561292,device_B,JAMMING,CRITICAL,No data received for 57s (timeout 15.0s)
2026-07-10T18:08:31.545123,device_A,JAMMING,CRITICAL,No data received for 57s (timeout 15.0s)
2026-07-10T18:08:31.547750,device_B,JAMMING,CRITICAL,No data received for 58s (timeout 15.0s)
2026-07-10T18:08:32.552291,device_A,JAMMING,CRITICAL,No data received for 58s (timeout 15.0s)
2026-07-10T18:08:32.554142,device_B,JAMMING,CRITICAL,No data received for 59s (timeout 15.0s)
2026-07-10T18:08:33.544955,device_A,JAMMING,CRITICAL,No data received for 59s (timeout 15.0s)
2026-07-10T18:08:33.546250,device_B,JAMMING,CRITICAL,No data received for 60s (timeout 15.0s)
2026-07-10T18:08:34.557358,device_A,JAMMING,CRITICAL,No data received for 60s (timeout 15.0s)
2026-07-10T18:08:34.561764,device_B,JAMMING,CRITICAL,No data received for 61s (timeout 15.0s)
2026-07-10T18:08:35.576635,device_A,JAMMING,CRITICAL,No data received for 61s (timeout 15.0s)
2026-07-10T18:08:35.578965,device_B,JAMMING,CRITICAL,No data received for 62s (timeout 15.0s)
2026-07-10T18:08:35.762311,device_A,JAMMING,CRITICAL,No data received for 61s (timeout 15.0s)
2026-07-10T18:08:35.764322,device_B,JAMMING,CRITICAL,No data received for 62s (timeout 15.0s)
2026-07-10T18:08:36.542143,device_A,JAMMING,CRITICAL,No data received for 62s (timeout 15.0s)
2026-07-10T18:08:36.543015,device_B,JAMMING,CRITICAL,No data received for 63s (timeout 15.0s)
2026-07-10T18:08:37.548767,device_A,JAMMING,CRITICAL,No data received for 63s (timeout 15.0s)
2026-07-10T18:08:37.550483,device_B,JAMMING,CRITICAL,No data received for 64s (timeout 15.0s)
2026-07-10T18:08:37.810648,device_A,JAMMING,CRITICAL,No data received for 63s (timeout 15.0s)
2026-07-10T18:08:37.812138,device_B,JAMMING,CRITICAL,No data received for 64s (timeout 15.0s)
2026-07-10T18:08:38.552889,device_A,JAMMING,CRITICAL,No data received for 64s (timeout 15.0s)
2026-07-10T18:08:38.554911,device_B,JAMMING,CRITICAL,No data received for 65s (timeout 15.0s)
2026-07-10T18:08:39.550005,device_A,JAMMING,CRITICAL,No data received for 65s (timeout 15.0s)
2026-07-10T18:08:39.552220,device_B,JAMMING,CRITICAL,No data received for 66s (timeout 15.0s)
2026-07-10T18:08:39.797815,device_A,JAMMING,CRITICAL,No data received for 65s (timeout 15.0s)
2026-07-10T18:08:39.798760,device_B,JAMMING,CRITICAL,No data received for 66s (timeout 15.0s)
2026-07-10T18:08:40.554993,device_A,JAMMING,CRITICAL,No data received for 66s (timeout 15.0s)
2026-07-10T18:08:40.557597,device_B,JAMMING,CRITICAL,No data received for 67s (timeout 15.0s)
2026-07-10T18:08:41.565922,device_A,JAMMING,CRITICAL,No data received for 67s (timeout 15.0s)
2026-07-10T18:08:41.568417,device_B,JAMMING,CRITICAL,No data received for 68s (timeout 15.0s)
2026-07-10T18:08:41.793023,device_A,JAMMING,CRITICAL,No data received for 67s (timeout 15.0s)
2026-07-10T18:08:41.794451,device_B,JAMMING,CRITICAL,No data received for 68s (timeout 15.0s)
2026-07-10T18:08:42.552960,device_A,JAMMING,CRITICAL,No data received for 68s (timeout 15.0s)
2026-07-10T18:08:42.554990,device_B,JAMMING,CRITICAL,No data received for 69s (timeout 15.0s)
2026-07-10T18:08:43.559916,device_A,JAMMING,CRITICAL,No data received for 69s (timeout 15.0s)
2026-07-10T18:08:43.561598,device_B,JAMMING,CRITICAL,No data received for 70s (timeout 15.0s)
2026-07-10T18:08:43.800774,device_A,JAMMING,CRITICAL,No data received for 69s (timeout 15.0s)
2026-07-10T18:08:43.802298,device_B,JAMMING,CRITICAL,No data received for 70s (timeout 15.0s)
2026-07-10T18:08:44.557154,device_A,JAMMING,CRITICAL,No data received for 70s (timeout 15.0s)
2026-07-10T18:08:44.559251,device_B,JAMMING,CRITICAL,No data received for 71s (timeout 15.0s)
2026-07-10T18:08:45.554794,device_A,JAMMING,CRITICAL,No data received for 71s (timeout 15.0s)
2026-07-10T18:08:45.557889,device_B,JAMMING,CRITICAL,No data received for 72s (timeout 15.0s)
2026-07-10T18:08:45.969013,device_A,JAMMING,CRITICAL,No data received for 71s (timeout 15.0s)
2026-07-10T18:08:45.970234,device_B,JAMMING,CRITICAL,No data received for 72s (timeout 15.0s)
2026-07-10T18:08:46.554749,device_A,JAMMING,CRITICAL,No data received for 72s (timeout 15.0s)
2026-07-10T18:08:46.557419,device_B,JAMMING,CRITICAL,No data received for 73s (timeout 15.0s)
2026-07-10T18:08:47.547870,device_A,JAMMING,CRITICAL,No data received for 73s (timeout 15.0s)
2026-07-10T18:08:47.550192,device_B,JAMMING,CRITICAL,No data received for 74s (timeout 15.0s)
2026-07-10T18:08:47.814255,device_A,JAMMING,CRITICAL,No data received for 73s (timeout 15.0s)
2026-07-10T18:08:47.815869,device_B,JAMMING,CRITICAL,No data received for 74s (timeout 15.0s)
2026-07-10T18:08:48.547085,device_A,JAMMING,CRITICAL,No data received for 74s (timeout 15.0s)
2026-07-10T18:08:48.548232,device_B,JAMMING,CRITICAL,No data received for 75s (timeout 15.0s)
2026-07-10T18:08:49.549403,device_A,JAMMING,CRITICAL,No data received for 75s (timeout 15.0s)
2026-07-10T18:08:49.551164,device_B,JAMMING,CRITICAL,No data received for 76s (timeout 15.0s)
2026-07-10T18:08:49.805186,device_A,JAMMING,CRITICAL,No data received for 75s (timeout 15.0s)
2026-07-10T18:08:49.807118,device_B,JAMMING,CRITICAL,No data received for 76s (timeout 15.0s)
2026-07-10T18:08:50.558150,device_A,JAMMING,CRITICAL,No data received for 76s (timeout 15.0s)
2026-07-10T18:08:50.559661,device_B,JAMMING,CRITICAL,No data received for 77s (timeout 15.0s)
2026-07-10T18:08:51.560996,device_A,JAMMING,CRITICAL,No data received for 77s (timeout 15.0s)
2026-07-10T18:08:51.564536,device_B,JAMMING,CRITICAL,No data received for 78s (timeout 15.0s)
2026-07-10T18:08:51.798012,device_A,JAMMING,CRITICAL,No data received for 77s (timeout 15.0s)
2026-07-10T18:08:51.799980,device_B,JAMMING,CRITICAL,No data received for 78s (timeout 15.0s)
2026-07-10T18:08:52.559793,device_A,JAMMING,CRITICAL,No data received for 78s (timeout 15.0s)
2026-07-10T18:08:52.561800,device_B,JAMMING,CRITICAL,No data received for 79s (timeout 15.0s)
2026-07-10T18:08:53.561992,device_A,JAMMING,CRITICAL,No data received for 79s (timeout 15.0s)
2026-07-10T18:08:53.563382,device_B,JAMMING,CRITICAL,No data received for 80s (timeout 15.0s)
2026-07-10T18:08:53.797038,device_A,JAMMING,CRITICAL,No data received for 79s (timeout 15.0s)
2026-07-10T18:08:53.798946,device_B,JAMMING,CRITICAL,No data received for 80s (timeout 15.0s)
2026-07-10T18:08:54.546070,device_A,JAMMING,CRITICAL,No data received for 80s (timeout 15.0s)
2026-07-10T18:08:54.547608,device_B,JAMMING,CRITICAL,No data received for 81s (timeout 15.0s)
2026-07-10T18:08:55.558109,device_A,JAMMING,CRITICAL,No data received for 81s (timeout 15.0s)
2026-07-10T18:08:55.560380,device_B,JAMMING,CRITICAL,No data received for 82s (timeout 15.0s)
2026-07-10T18:08:55.915150,device_A,JAMMING,CRITICAL,No data received for 81s (timeout 15.0s)
2026-07-10T18:08:55.917106,device_B,JAMMING,CRITICAL,No data received for 82s (timeout 15.0s)
2026-07-10T18:08:56.568852,device_A,JAMMING,CRITICAL,No data received for 82s (timeout 15.0s)
2026-07-10T18:08:56.574353,device_B,JAMMING,CRITICAL,No data received for 83s (timeout 15.0s)
2026-07-13T07:22:26.337321,device_B,SPOOFING,CRITICAL,Disagrees with device_A by 18.0 m (threshold 15 m)
2026-07-13T07:22:28.407730,device_B,SPOOFING,CRITICAL,Disagrees with device_A by 20.4 m (threshold 15 m)
2026-07-13T07:22:30.434548,device_B,SPOOFING,CRITICAL,Disagrees with device_A by 22.4 m (threshold 15 m)
2026-07-13T07:22:32.353853,device_A,JAMMING,CRITICAL,No data received for 16s (timeout 15s)
2026-07-13T07:22:35.008555,device_A,JAMMING,CRITICAL,No data received for 19s (timeout 15s)
2026-07-13T07:22:35.210836,device_A,JAMMING,CRITICAL,No data received for 19s (timeout 15s)
2026-07-13T07:22:36.990093,device_A,JAMMING,CRITICAL,No data received for 21s (timeout 15s)
2026-07-13T07:22:37.235789,device_A,JAMMING,CRITICAL,No data received for 21s (timeout 15s)
2026-07-13T07:23:07.922305,device_B,SPOOFING,CRITICAL,Disagrees with device_A by 17.5 m (threshold 15 m)
2026-07-13T07:23:09.954499,device_B,SPOOFING,CRITICAL,Disagrees with device_A by 20.6 m (threshold 15 m)
2026-07-13T07:23:11.986720,device_B,SPOOFING,CRITICAL,Disagrees with device_A by 23.3 m (threshold 15 m)
2026-07-13T07:23:14.774244,device_A,JAMMING,CRITICAL,No data received for 16s (timeout 15s)
2026-07-13T07:23:16.786701,device_A,JAMMING,CRITICAL,No data received for 18s (timeout 15s)
2026-07-13T07:23:17.037855,device_A,JAMMING,CRITICAL,No data received for 18s (timeout 15s)
2026-07-13T07:23:18.773143,device_A,JAMMING,CRITICAL,No data received for 20s (timeout 15s)
2026-07-13T07:23:19.037036,device_A,JAMMING,CRITICAL,No data received for 20s (timeout 15s)
2026-07-13T07:23:20.780719,device_A,JAMMING,CRITICAL,No data received for 22s (timeout 15s)
2026-07-13T07:23:44.774331,device_B,JAMMING,CRITICAL,No data received for 17s (timeout 15s)
2026-07-13T07:23:44.777811,device_A,JAMMING,CRITICAL,No data received for 16s (timeout 15s)
2026-07-13T07:23:45.035718,device_B,JAMMING,CRITICAL,No data received for 17s (timeout 15s)
2026-07-13T07:23:45.036948,device_A,JAMMING,CRITICAL,No data received for 16s (timeout 15s)
2026-07-13T07:23:46.773388,device_B,JAMMING,CRITICAL,No data received for 19s (timeout 15s)
2026-07-13T07:23:46.775445,device_A,JAMMING,CRITICAL,No data received for 18s (timeout 15s)
2026-07-13T07:23:47.033468,device_B,JAMMING,CRITICAL,No data received for 19s (timeout 15s)
2026-07-13T07:23:47.035705,device_A,JAMMING,CRITICAL,No data received for 18s (timeout 15s)
2026-07-13T07:23:48.778159,device_B,JAMMING,CRITICAL,No data received for 21s (timeout 15s)
2026-07-13T07:23:48.779463,device_A,JAMMING,CRITICAL,No data received for 20s (timeout 15s)
2026-07-13T07:23:49.043403,device_B,JAMMING,CRITICAL,No data received for 21s (timeout 15s)
2026-07-13T07:23:49.046376,device_A,JAMMING,CRITICAL,No data received for 20s (timeout 15s)
2026-07-13T07:23:50.777627,device_B,JAMMING,CRITICAL,No data received for 23s (timeout 15s)
2026-07-13T07:23:50.780051,device_A,JAMMING,CRITICAL,No data received for 22s (timeout 15s)
2026-07-13T07:23:51.052662,device_B,JAMMING,CRITICAL,No data received for 23s (timeout 15s)
2026-07-13T07:23:51.055868,device_A,JAMMING,CRITICAL,No data received for 22s (timeout 15s)
2026-07-13T07:23:52.774081,device_B,JAMMING,CRITICAL,No data received for 25s (timeout 15s)
2026-07-13T07:23:52.777300,device_A,JAMMING,CRITICAL,No data received for 24s (timeout 15s)
2026-07-13T07:23:53.048694,device_B,JAMMING,CRITICAL,No data received for 25s (timeout 15s)
2026-07-13T07:23:53.053739,device_A,JAMMING,CRITICAL,No data received for 24s (timeout 15s)
2026-07-13T07:23:54.777229,device_B,JAMMING,CRITICAL,No data received for 27s (timeout 15s)
2026-07-13T07:23:54.782091,device_A,JAMMING,CRITICAL,No data received for 26s (timeout 15s)
2026-07-13T07:23:55.050177,device_B,JAMMING,CRITICAL,No data received for 27s (timeout 15s)
2026-07-13T07:23:55.052862,device_A,JAMMING,CRITICAL,No data received for 26s (timeout 15s)
2026-07-13T07:23:56.788084,device_B,JAMMING,CRITICAL,No data received for 29s (timeout 15s)
2026-07-13T07:23:56.791223,device_A,JAMMING,CRITICAL,No data received for 28s (timeout 15s)
2026-07-13T07:23:57.046380,device_B,JAMMING,CRITICAL,No data received for 29s (timeout 15s)
2026-07-13T07:23:57.049599,device_A,JAMMING,CRITICAL,No data received for 28s (timeout 15s)
2026-07-13T07:23:58.787714,device_B,JAMMING,CRITICAL,No data received for 31s (timeout 15s)
2026-07-13T07:23:58.790664,device_A,JAMMING,CRITICAL,No data received for 30s (timeout 15s)
2026-07-13T07:23:59.046052,device_B,JAMMING,CRITICAL,No data received for 31s (timeout 15s)
2026-07-13T07:23:59.049329,device_A,JAMMING,CRITICAL,No data received for 30s (timeout 15s)
2026-07-13T07:24:00.775818,device_B,JAMMING,CRITICAL,No data received for 33s (timeout 15s)
2026-07-13T07:24:00.778214,device_A,JAMMING,CRITICAL,No data received for 32s (timeout 15s)
2026-07-13T07:24:01.040421,device_B,JAMMING,CRITICAL,No data received for 33s (timeout 15s)
2026-07-13T07:24:01.044363,device_A,JAMMING,CRITICAL,No data received for 32s (timeout 15s)
2026-07-13T07:24:02.777928,device_B,JAMMING,CRITICAL,No data received for 35s (timeout 15s)
2026-07-13T07:24:02.780814,device_A,JAMMING,CRITICAL,No data received for 34s (timeout 15s)
2026-07-13T07:24:03.062673,device_B,JAMMING,CRITICAL,No data received for 35s (timeout 15s)
2026-07-13T07:24:03.068459,device_A,JAMMING,CRITICAL,No data received for 34s (timeout 15s)
2026-07-13T07:24:04.771697,device_B,JAMMING,CRITICAL,No data received for 37s (timeout 15s)
2026-07-13T07:24:04.774534,device_A,JAMMING,CRITICAL,No data received for 36s (timeout 15s)
2026-07-13T07:24:05.048056,device_B,JAMMING,CRITICAL,No data received for 37s (timeout 15s)
2026-07-13T07:24:05.049170,device_A,JAMMING,CRITICAL,No data received for 36s (timeout 15s)
2026-07-13T07:24:06.780508,device_B,JAMMING,CRITICAL,No data received for 39s (timeout 15s)
2026-07-13T07:24:06.782100,device_A,JAMMING,CRITICAL,No data received for 38s (timeout 15s)
2026-07-13T07:24:07.036957,device_B,JAMMING,CRITICAL,No data received for 39s (timeout 15s)
2026-07-13T07:24:07.038160,device_A,JAMMING,CRITICAL,No data received for 38s (timeout 15s)
2026-07-13T07:24:08.783057,device_B,JAMMING,CRITICAL,No data received for 41s (timeout 15s)
2026-07-13T07:24:08.784439,device_A,JAMMING,CRITICAL,No data received for 40s (timeout 15s)
2026-07-13T07:24:09.036553,device_B,JAMMING,CRITICAL,No data received for 41s (timeout 15s)
2026-07-13T07:24:09.037674,device_A,JAMMING,CRITICAL,No data received for 40s (timeout 15s)
2026-07-13T07:24:10.774543,device_B,JAMMING,CRITICAL,No data received for 43s (timeout 15s)
2026-07-13T07:24:10.776873,device_A,JAMMING,CRITICAL,No data received for 42s (timeout 15s)
2026-07-13T07:24:11.054601,device_B,JAMMING,CRITICAL,No data received for 43s (timeout 15s)
2026-07-13T07:24:11.102327,device_A,JAMMING,CRITICAL,No data received for 42s (timeout 15s)
2026-07-13T07:24:12.787144,device_B,JAMMING,CRITICAL,No data received for 45s (timeout 15s)
2026-07-13T07:24:12.789545,device_A,JAMMING,CRITICAL,No data received for 44s (timeout 15s)
2026-07-13T07:24:13.107316,device_B,JAMMING,CRITICAL,No data received for 45s (timeout 15s)
2026-07-13T07:24:13.111948,device_A,JAMMING,CRITICAL,No data received for 44s (timeout 15s)
2026-07-13T07:24:14.779998,device_B,JAMMING,CRITICAL,No data received for 47s (timeout 15s)
2026-07-13T07:24:14.782967,device_A,JAMMING,CRITICAL,No data received for 46s (timeout 15s)
2026-07-13T07:24:15.035624,device_B,JAMMING,CRITICAL,No data received for 47s (timeout 15s)
2026-07-13T07:24:15.036671,device_A,JAMMING,CRITICAL,No data received for 46s (timeout 15s)
2026-07-13T07:24:16.780557,device_B,JAMMING,CRITICAL,No data received for 49s (timeout 15s)
2026-07-13T07:24:16.781901,device_A,JAMMING,CRITICAL,No data received for 48s (timeout 15s)
2026-07-13T07:24:17.034043,device_B,JAMMING,CRITICAL,No data received for 49s (timeout 15s)
2026-07-13T07:24:17.035008,device_A,JAMMING,CRITICAL,No data received for 48s (timeout 15s)
2026-07-13T07:24:18.776287,device_B,JAMMING,CRITICAL,No data received for 51s (timeout 15s)
2026-07-13T07:24:18.778585,device_A,JAMMING,CRITICAL,No data received for 50s (timeout 15s)
2026-07-13T07:24:19.043111,device_B,JAMMING,CRITICAL,No data received for 51s (timeout 15s)
2026-07-13T07:24:19.044346,device_A,JAMMING,CRITICAL,No data received for 50s (timeout 15s)
2026-07-13T07:24:20.789217,device_B,JAMMING,CRITICAL,No data received for 53s (timeout 15s)
2026-07-13T07:24:20.793140,device_A,JAMMING,CRITICAL,No data received for 52s (timeout 15s)
2026-07-13T07:24:21.048038,device_B,JAMMING,CRITICAL,No data received for 53s (timeout 15s)
2026-07-13T07:24:21.051594,device_A,JAMMING,CRITICAL,No data received for 52s (timeout 15s)
2026-07-13T07:24:22.795267,device_B,JAMMING,CRITICAL,No data received for 55s (timeout 15s)
2026-07-13T07:24:22.797836,device_A,JAMMING,CRITICAL,No data received for 54s (timeout 15s)
2026-07-13T07:24:23.039859,device_B,JAMMING,CRITICAL,No data received for 55s (timeout 15s)
2026-07-13T07:24:23.044148,device_A,JAMMING,CRITICAL,No data received for 54s (timeout 15s)
2026-07-13T07:24:24.787293,device_B,JAMMING,CRITICAL,No data received for 57s (timeout 15s)
2026-07-13T07:24:24.793112,device_A,JAMMING,CRITICAL,No data received for 56s (timeout 15s)
2026-07-13T07:24:25.057614,device_B,JAMMING,CRITICAL,No data received for 57s (timeout 15s)
2026-07-13T07:24:25.068718,device_A,JAMMING,CRITICAL,No data received for 56s (timeout 15s)
2026-07-13T07:24:26.787081,device_B,JAMMING,CRITICAL,No data received for 59s (timeout 15s)
2026-07-13T07:24:26.791482,device_A,JAMMING,CRITICAL,No data received for 58s (timeout 15s)
2026-07-13T07:24:27.052810,device_B,JAMMING,CRITICAL,No data received for 59s (timeout 15s)
2026-07-13T07:24:27.059999,device_A,JAMMING,CRITICAL,No data received for 58s (timeout 15s)
2026-07-13T07:24:28.783843,device_B,JAMMING,CRITICAL,No data received for 61s (timeout 15s)
2026-07-13T07:24:28.789038,device_A,JAMMING,CRITICAL,No data received for 60s (timeout 15s)
2026-07-13T07:24:29.050675,device_B,JAMMING,CRITICAL,No data received for 61s (timeout 15s)
2026-07-13T07:24:29.054393,device_A,JAMMING,CRITICAL,No data received for 60s (timeout 15s)
2026-07-13T07:24:30.784943,device_B,JAMMING,CRITICAL,No data received for 63s (timeout 15s)
2026-07-13T07:24:30.787796,device_A,JAMMING,CRITICAL,No data received for 62s (timeout 15s)
2026-07-13T07:24:31.045560,device_B,JAMMING,CRITICAL,No data received for 63s (timeout 15s)
2026-07-13T07:24:31.048835,device_A,JAMMING,CRITICAL,No data received for 62s (timeout 15s)
2026-07-13T07:24:32.783427,device_B,JAMMING,CRITICAL,No data received for 65s (timeout 15s)
2026-07-13T07:24:32.786035,device_A,JAMMING,CRITICAL,No data received for 64s (timeout 15s)
2026-07-13T07:24:33.035411,device_B,JAMMING,CRITICAL,No data received for 65s (timeout 15s)
2026-07-13T07:24:33.038349,device_A,JAMMING,CRITICAL,No data received for 64s (timeout 15s)
2026-07-13T07:24:34.775830,device_B,JAMMING,CRITICAL,No data received for 67s (timeout 15s)
2026-07-13T07:24:34.778445,device_A,JAMMING,CRITICAL,No data received for 66s (timeout 15s)
2026-07-13T07:24:35.031030,device_B,JAMMING,CRITICAL,No data received for 67s (timeout 15s)
2026-07-13T07:24:35.032208,device_A,JAMMING,CRITICAL,No data received for 66s (timeout 15s)
2026-07-13T07:24:36.772696,device_B,JAMMING,CRITICAL,No data received for 69s (timeout 15s)
2026-07-13T07:24:36.773935,device_A,JAMMING,CRITICAL,No data received for 68s (timeout 15s)
2026-07-13T07:24:37.043373,device_B,JAMMING,CRITICAL,No data received for 69s (timeout 15s)
2026-07-13T07:24:37.044795,device_A,JAMMING,CRITICAL,No data received for 68s (timeout 15s)
2026-07-13T07:24:38.773986,device_B,JAMMING,CRITICAL,No data received for 71s (timeout 15s)
2026-07-13T07:24:38.775705,device_A,JAMMING,CRITICAL,No data received for 70s (timeout 15s)
2026-07-13T07:24:39.042681,device_B,JAMMING,CRITICAL,No data received for 71s (timeout 15s)
2026-07-13T07:24:39.043880,device_A,JAMMING,CRITICAL,No data received for 70s (timeout 15s)
2026-07-13T07:24:40.771830,device_B,JAMMING,CRITICAL,No data received for 73s (timeout 15s)
2026-07-13T07:24:40.773612,device_A,JAMMING,CRITICAL,No data received for 72s (timeout 15s)
2026-07-13T07:24:41.043943,device_B,JAMMING,CRITICAL,No data received for 73s (timeout 15s)
2026-07-13T07:24:41.085798,device_A,JAMMING,CRITICAL,No data received for 72s (timeout 15s)
2026-07-13T07:24:42.772484,device_B,JAMMING,CRITICAL,No data received for 75s (timeout 15s)
2026-07-13T07:24:42.773814,device_A,JAMMING,CRITICAL,No data received for 74s (timeout 15s)
2026-07-13T07:24:43.043840,device_B,JAMMING,CRITICAL,No data received for 75s (timeout 15s)
2026-07-13T07:24:43.046129,device_A,JAMMING,CRITICAL,No data received for 74s (timeout 15s)
2026-07-13T07:24:44.775239,device_B,JAMMING,CRITICAL,No data received for 77s (timeout 15s)
2026-07-13T07:24:44.777824,device_A,JAMMING,CRITICAL,No data received for 76s (timeout 15s)
2026-07-13T07:24:45.044402,device_B,JAMMING,CRITICAL,No data received for 77s (timeout 15s)
2026-07-13T07:24:45.045937,device_A,JAMMING,CRITICAL,No data received for 76s (timeout 15s)
2026-07-13T07:24:46.774938,device_B,JAMMING,CRITICAL,No data received for 79s (timeout 15s)
2026-07-13T07:24:46.776504,device_A,JAMMING,CRITICAL,No data received for 78s (timeout 15s)
2026-07-13T07:24:47.045047,device_B,JAMMING,CRITICAL,No data received for 79s (timeout 15s)
2026-07-13T07:24:47.046661,device_A,JAMMING,CRITICAL,No data received for 78s (timeout 15s)
2026-07-13T07:24:48.783768,device_B,JAMMING,CRITICAL,No data received for 81s (timeout 15s)
2026-07-13T07:24:48.785193,device_A,JAMMING,CRITICAL,No data received for 80s (timeout 15s)
2026-07-13T07:24:49.038713,device_B,JAMMING,CRITICAL,No data received for 81s (timeout 15s)
2026-07-13T07:24:49.040008,device_A,JAMMING,CRITICAL,No data received for 80s (timeout 15s)
2026-07-13T07:24:50.777313,device_B,JAMMING,CRITICAL,No data received for 83s (timeout 15s)
2026-07-13T07:24:50.778685,device_A,JAMMING,CRITICAL,No data received for 82s (timeout 15s)
2026-07-13T07:24:51.033900,device_B,JAMMING,CRITICAL,No data received for 83s (timeout 15s)
2026-07-13T07:24:51.035081,device_A,JAMMING,CRITICAL,No data received for 82s (timeout 15s)
2026-07-13T07:24:52.782629,device_B,JAMMING,CRITICAL,No data received for 85s (timeout 15s)
2026-07-13T07:24:52.784201,device_A,JAMMING,CRITICAL,No data received for 84s (timeout 15s)
2026-07-13T07:24:53.037473,device_B,JAMMING,CRITICAL,No data received for 85s (timeout 15s)
2026-07-13T07:24:53.040167,device_A,JAMMING,CRITICAL,No data received for 84s (timeout 15s)
2026-07-13T07:24:54.781860,device_B,JAMMING,CRITICAL,No data received for 87s (timeout 15s)
2026-07-13T07:24:54.784463,device_A,JAMMING,CRITICAL,No data received for 86s (timeout 15s)
2026-07-13T07:24:55.031701,device_B,JAMMING,CRITICAL,No data received for 87s (timeout 15s)
2026-07-13T07:24:55.033059,device_A,JAMMING,CRITICAL,No data received for 86s (timeout 15s)
2026-07-13T07:24:56.776562,device_B,JAMMING,CRITICAL,No data received for 89s (timeout 15s)
2026-07-13T07:24:56.777876,device_A,JAMMING,CRITICAL,No data received for 88s (timeout 15s)
2026-07-13T07:24:57.033425,device_B,JAMMING,CRITICAL,No data received for 89s (timeout 15s)
2026-07-13T07:24:57.037803,device_A,JAMMING,CRITICAL,No data received for 88s (timeout 15s)
2026-07-13T07:24:58.776141,device_B,JAMMING,CRITICAL,No data received for 91s (timeout 15s)
2026-07-13T07:24:58.796535,device_A,JAMMING,CRITICAL,No data received for 90s (timeout 15s)
2026-07-13T07:24:59.037018,device_B,JAMMING,CRITICAL,No data received for 91s (timeout 15s)
2026-07-13T07:24:59.038440,device_A,JAMMING,CRITICAL,No data received for 90s (timeout 15s)
2026-07-13T07:25:00.778262,device_B,JAMMING,CRITICAL,No data received for 93s (timeout 15s)
2026-07-13T07:25:00.779887,device_A,JAMMING,CRITICAL,No data received for 92s (timeout 15s)
2026-07-13T07:25:01.034718,device_B,JAMMING,CRITICAL,No data received for 93s (timeout 15s)
2026-07-13T07:25:01.036401,device_A,JAMMING,CRITICAL,No data received for 92s (timeout 15s)
2026-07-13T07:25:02.773056,device_B,JAMMING,CRITICAL,No data received for 95s (timeout 15s)
2026-07-13T07:25:02.774309,device_A,JAMMING,CRITICAL,No data received for 94s (timeout 15s)
2026-07-13T07:25:03.041063,device_B,JAMMING,CRITICAL,No data received for 95s (timeout 15s)
2026-07-13T07:25:03.043432,device_A,JAMMING,CRITICAL,No data received for 94s (timeout 15s)
2026-07-13T07:25:04.781814,device_B,JAMMING,CRITICAL,No data received for 97s (timeout 15s)
2026-07-13T07:25:04.784520,device_A,JAMMING,CRITICAL,No data received for 96s (timeout 15s)
2026-07-13T07:25:05.046210,device_B,JAMMING,CRITICAL,No data received for 97s (timeout 15s)
2026-07-13T07:25:05.047789,device_A,JAMMING,CRITICAL,No data received for 96s (timeout 15s)
2026-07-13T07:25:06.779251,device_B,JAMMING,CRITICAL,No data received for 99s (timeout 15s)
2026-07-13T07:25:06.780430,device_A,JAMMING,CRITICAL,No data received for 98s (timeout 15s)
2026-07-13T07:25:07.034836,device_B,JAMMING,CRITICAL,No data received for 99s (timeout 15s)
2026-07-13T07:25:07.036294,device_A,JAMMING,CRITICAL,No data received for 98s (timeout 15s)
2026-07-13T07:25:08.772034,device_B,JAMMING,CRITICAL,No data received for 101s (timeout 15s)
2026-07-13T07:25:08.773112,device_A,JAMMING,CRITICAL,No data received for 100s (timeout 15s)
2026-07-13T07:25:09.036171,device_B,JAMMING,CRITICAL,No data received for 101s (timeout 15s)
2026-07-13T07:25:09.037258,device_A,JAMMING,CRITICAL,No data received for 100s (timeout 15s)
2026-07-13T07:25:10.783144,device_B,JAMMING,CRITICAL,No data received for 103s (timeout 15s)
2026-07-13T07:25:10.784340,device_A,JAMMING,CRITICAL,No data received for 102s (timeout 15s)
2026-07-13T07:25:11.040763,device_B,JAMMING,CRITICAL,No data received for 103s (timeout 15s)
2026-07-13T07:25:11.042486,device_A,JAMMING,CRITICAL,No data received for 102s (timeout 15s)
2026-07-13T07:25:12.786276,device_B,JAMMING,CRITICAL,No data received for 105s (timeout 15s)
2026-07-13T07:25:12.787662,device_A,JAMMING,CRITICAL,No data received for 104s (timeout 15s)
2026-07-13T07:25:13.042326,device_B,JAMMING,CRITICAL,No data received for 105s (timeout 15s)
2026-07-13T07:25:13.046033,device_A,JAMMING,CRITICAL,No data received for 104s (timeout 15s)
2026-07-13T07:25:14.778737,device_B,JAMMING,CRITICAL,No data received for 107s (timeout 15s)
2026-07-13T07:25:14.781090,device_A,JAMMING,CRITICAL,No data received for 106s (timeout 15s)
2026-07-13T07:25:15.044586,device_B,JAMMING,CRITICAL,No data received for 107s (timeout 15s)
2026-07-13T07:25:15.045684,device_A,JAMMING,CRITICAL,No data received for 106s (timeout 15s)
2026-07-13T07:25:16.782565,device_B,JAMMING,CRITICAL,No data received for 109s (timeout 15s)
2026-07-13T07:25:16.784135,device_A,JAMMING,CRITICAL,No data received for 108s (timeout 15s)
2026-07-13T07:25:17.038544,device_B,JAMMING,CRITICAL,No data received for 109s (timeout 15s)
2026-07-13T07:25:17.039632,device_A,JAMMING,CRITICAL,No data received for 108s (timeout 15s)
2026-07-13T07:25:18.779005,device_B,JAMMING,CRITICAL,No data received for 111s (timeout 15s)
2026-07-13T07:25:18.780259,device_A,JAMMING,CRITICAL,No data received for 110s (timeout 15s)
2026-07-13T07:25:19.031708,device_B,JAMMING,CRITICAL,No data received for 111s (timeout 15s)
2026-07-13T07:25:19.032874,device_A,JAMMING,CRITICAL,No data received for 110s (timeout 15s)
2026-07-13T07:25:20.782011,device_B,JAMMING,CRITICAL,No data received for 113s (timeout 15s)
2026-07-13T07:25:20.783423,device_A,JAMMING,CRITICAL,No data received for 112s (timeout 15s)
2026-07-13T07:25:21.035633,device_B,JAMMING,CRITICAL,No data received for 113s (timeout 15s)
2026-07-13T07:25:21.037096,device_A,JAMMING,CRITICAL,No data received for 112s (timeout 15s)
2026-07-13T07:25:22.776261,device_B,JAMMING,CRITICAL,No data received for 115s (timeout 15s)
2026-07-13T07:25:22.777688,device_A,JAMMING,CRITICAL,No data received for 114s (timeout 15s)
2026-07-13T07:25:23.045877,device_B,JAMMING,CRITICAL,No data received for 115s (timeout 15s)
2026-07-13T07:25:23.047457,device_A,JAMMING,CRITICAL,No data received for 114s (timeout 15s)
2026-07-13T07:25:24.782544,device_B,JAMMING,CRITICAL,No data received for 117s (timeout 15s)
2026-07-13T07:25:24.785610,device_A,JAMMING,CRITICAL,No data received for 116s (timeout 15s)
2026-07-13T07:25:25.032356,device_B,JAMMING,CRITICAL,No data received for 117s (timeout 15s)
2026-07-13T07:25:25.033501,device_A,JAMMING,CRITICAL,No data received for 116s (timeout 15s)
2026-07-13T07:25:26.772577,device_B,JAMMING,CRITICAL,No data received for 119s (timeout 15s)
2026-07-13T07:25:26.774167,device_A,JAMMING,CRITICAL,No data received for 118s (timeout 15s)
2026-07-13T07:25:27.033492,device_B,JAMMING,CRITICAL,No data received for 119s (timeout 15s)
2026-07-13T07:25:27.034984,device_A,JAMMING,CRITICAL,No data received for 118s (timeout 15s)
2026-07-13T07:25:28.780788,device_B,JAMMING,CRITICAL,No data received for 121s (timeout 15s)
2026-07-13T07:25:28.785630,device_A,JAMMING,CRITICAL,No data received for 120s (timeout 15s)
2026-07-13T07:25:29.037755,device_B,JAMMING,CRITICAL,No data received for 121s (timeout 15s)
2026-07-13T07:25:29.039122,device_A,JAMMING,CRITICAL,No data received for 120s (timeout 15s)
2026-07-13T07:25:30.783826,device_B,JAMMING,CRITICAL,No data received for 123s (timeout 15s)
2026-07-13T07:25:30.785180,device_A,JAMMING,CRITICAL,No data received for 122s (timeout 15s)
2026-07-13T07:25:31.039293,device_B,JAMMING,CRITICAL,No data received for 123s (timeout 15s)
2026-07-13T07:25:31.040507,device_A,JAMMING,CRITICAL,No data received for 122s (timeout 15s)
2026-07-13T07:25:32.781932,device_B,JAMMING,CRITICAL,No data received for 125s (timeout 15s)
2026-07-13T07:25:32.783387,device_A,JAMMING,CRITICAL,No data received for 124s (timeout 15s)
2026-07-13T07:25:33.033712,device_B,JAMMING,CRITICAL,No data received for 125s (timeout 15s)
2026-07-13T07:25:33.036110,device_A,JAMMING,CRITICAL,No data received for 124s (timeout 15s)
2026-07-13T07:25:34.781819,device_B,JAMMING,CRITICAL,No data received for 127s (timeout 15s)
2026-07-13T07:25:34.784604,device_A,JAMMING,CRITICAL,No data received for 126s (timeout 15s)
2026-07-13T07:25:35.033336,device_B,JAMMING,CRITICAL,No data received for 127s (timeout 15s)
2026-07-13T07:25:35.034526,device_A,JAMMING,CRITICAL,No data received for 126s (timeout 15s)
2026-07-13T07:25:36.776089,device_B,JAMMING,CRITICAL,No data received for 129s (timeout 15s)
2026-07-13T07:25:36.777364,device_A,JAMMING,CRITICAL,No data received for 128s (timeout 15s)
2026-07-13T07:25:37.046144,device_B,JAMMING,CRITICAL,No data received for 129s (timeout 15s)
2026-07-13T07:25:37.047543,device_A,JAMMING,CRITICAL,No data received for 128s (timeout 15s)
2026-07-13T07:25:38.777508,device_B,JAMMING,CRITICAL,No data received for 131s (timeout 15s)
2026-07-13T07:25:38.778818,device_A,JAMMING,CRITICAL,No data received for 130s (timeout 15s)
2026-07-13T07:25:39.031452,device_B,JAMMING,CRITICAL,No data received for 131s (timeout 15s)
2026-07-13T07:25:39.032732,device_A,JAMMING,CRITICAL,No data received for 130s (timeout 15s)
2026-07-13T07:25:40.773148,device_B,JAMMING,CRITICAL,No data received for 133s (timeout 15s)
2026-07-13T07:25:40.775742,device_A,JAMMING,CRITICAL,No data received for 132s (timeout 15s)
2026-07-13T07:25:41.044322,device_B,JAMMING,CRITICAL,No data received for 133s (timeout 15s)
2026-07-13T07:25:41.060440,device_A,JAMMING,CRITICAL,No data received for 132s (timeout 15s)
2026-07-13T07:25:42.784238,device_B,JAMMING,CRITICAL,No data received for 135s (timeout 15s)
2026-07-13T07:25:42.785734,device_A,JAMMING,CRITICAL,No data received for 134s (timeout 15s)
2026-07-13T07:25:43.035760,device_B,JAMMING,CRITICAL,No data received for 135s (timeout 15s)
2026-07-13T07:25:43.037841,device_A,JAMMING,CRITICAL,No data received for 134s (timeout 15s)
2026-07-13T07:25:44.786119,device_B,JAMMING,CRITICAL,No data received for 137s (timeout 15s)
2026-07-13T07:25:44.789076,device_A,JAMMING,CRITICAL,No data received for 136s (timeout 15s)
2026-07-13T07:25:45.043160,device_B,JAMMING,CRITICAL,No data received for 137s (timeout 15s)
2026-07-13T07:25:45.044091,device_A,JAMMING,CRITICAL,No data received for 136s (timeout 15s)
2026-07-13T07:25:46.772724,device_B,JAMMING,CRITICAL,No data received for 139s (timeout 15s)
2026-07-13T07:25:46.773728,device_A,JAMMING,CRITICAL,No data received for 138s (timeout 15s)
2026-07-13T07:25:47.039230,device_B,JAMMING,CRITICAL,No data received for 139s (timeout 15s)
2026-07-13T07:25:47.040100,device_A,JAMMING,CRITICAL,No data received for 138s (timeout 15s)
2026-07-13T07:25:48.774252,device_B,JAMMING,CRITICAL,No data received for 141s (timeout 15s)
2026-07-13T07:25:48.775790,device_A,JAMMING,CRITICAL,No data received for 140s (timeout 15s)
2026-07-13T07:25:49.046349,device_B,JAMMING,CRITICAL,No data received for 141s (timeout 15s)
2026-07-13T07:25:49.047704,device_A,JAMMING,CRITICAL,No data received for 140s (timeout 15s)
2026-07-13T07:25:50.783983,device_B,JAMMING,CRITICAL,No data received for 143s (timeout 15s)
2026-07-13T07:25:50.785174,device_A,JAMMING,CRITICAL,No data received for 142s (timeout 15s)
2026-07-13T07:25:51.031635,device_B,JAMMING,CRITICAL,No data received for 143s (timeout 15s)
2026-07-13T07:25:51.033193,device_A,JAMMING,CRITICAL,No data received for 142s (timeout 15s)
2026-07-13T07:25:52.782396,device_B,JAMMING,CRITICAL,No data received for 145s (timeout 15s)
2026-07-13T07:25:52.783550,device_A,JAMMING,CRITICAL,No data received for 144s (timeout 15s)
2026-07-13T07:25:53.036359,device_B,JAMMING,CRITICAL,No data received for 145s (timeout 15s)
2026-07-13T07:25:53.038161,device_A,JAMMING,CRITICAL,No data received for 144s (timeout 15s)
2026-07-13T07:25:54.782157,device_B,JAMMING,CRITICAL,No data received for 147s (timeout 15s)
2026-07-13T07:25:54.784912,device_A,JAMMING,CRITICAL,No data received for 146s (timeout 15s)
2026-07-13T07:25:55.036870,device_B,JAMMING,CRITICAL,No data received for 147s (timeout 15s)
2026-07-13T07:25:55.038273,device_A,JAMMING,CRITICAL,No data received for 146s (timeout 15s)
2026-07-13T07:25:56.774185,device_B,JAMMING,CRITICAL,No data received for 149s (timeout 15s)
2026-07-13T07:25:56.775841,device_A,JAMMING,CRITICAL,No data received for 148s (timeout 15s)
2026-07-13T07:25:57.044556,device_B,JAMMING,CRITICAL,No data received for 149s (timeout 15s)
2026-07-13T07:25:57.045526,device_A,JAMMING,CRITICAL,No data received for 148s (timeout 15s)
2026-07-13T07:25:58.779165,device_B,JAMMING,CRITICAL,No data received for 151s (timeout 15s)
2026-07-13T07:25:58.780416,device_A,JAMMING,CRITICAL,No data received for 150s (timeout 15s)
2026-07-13T07:25:59.034062,device_B,JAMMING,CRITICAL,No data received for 151s (timeout 15s)
2026-07-13T07:25:59.035437,device_A,JAMMING,CRITICAL,No data received for 150s (timeout 15s)
2026-07-13T07:26:00.772370,device_B,JAMMING,CRITICAL,No data received for 153s (timeout 15s)
2026-07-13T07:26:00.773471,device_A,JAMMING,CRITICAL,No data received for 152s (timeout 15s)
2026-07-13T07:26:01.042229,device_B,JAMMING,CRITICAL,No data received for 153s (timeout 15s)
2026-07-13T07:26:01.043657,device_A,JAMMING,CRITICAL,No data received for 152s (timeout 15s)
2026-07-13T07:26:02.785249,device_B,JAMMING,CRITICAL,No data received for 155s (timeout 15s)
2026-07-13T07:26:02.787730,device_A,JAMMING,CRITICAL,No data received for 154s (timeout 15s)
2026-07-13T07:26:03.039042,device_B,JAMMING,CRITICAL,No data received for 155s (timeout 15s)
2026-07-13T07:26:03.041118,device_A,JAMMING,CRITICAL,No data received for 154s (timeout 15s)
2026-07-13T07:26:04.782055,device_B,JAMMING,CRITICAL,No data received for 157s (timeout 15s)
2026-07-13T07:26:04.785080,device_A,JAMMING,CRITICAL,No data received for 156s (timeout 15s)
2026-07-13T07:26:05.040649,device_B,JAMMING,CRITICAL,No data received for 157s (timeout 15s)
2026-07-13T07:26:05.041813,device_A,JAMMING,CRITICAL,No data received for 156s (timeout 15s)
2026-07-13T07:26:06.778710,device_B,JAMMING,CRITICAL,No data received for 159s (timeout 15s)
2026-07-13T07:26:06.780084,device_A,JAMMING,CRITICAL,No data received for 158s (timeout 15s)
2026-07-13T07:26:07.069632,device_B,JAMMING,CRITICAL,No data received for 159s (timeout 15s)
2026-07-13T07:26:07.070958,device_A,JAMMING,CRITICAL,No data received for 158s (timeout 15s)
2026-07-13T07:26:08.775814,device_B,JAMMING,CRITICAL,No data received for 161s (timeout 15s)
2026-07-13T07:26:08.776836,device_A,JAMMING,CRITICAL,No data received for 160s (timeout 15s)
2026-07-13T07:26:09.044124,device_B,JAMMING,CRITICAL,No data received for 161s (timeout 15s)
2026-07-13T07:26:09.045141,device_A,JAMMING,CRITICAL,No data received for 160s (timeout 15s)
2026-07-13T07:26:10.778868,device_B,JAMMING,CRITICAL,No data received for 163s (timeout 15s)
2026-07-13T07:26:10.779737,device_A,JAMMING,CRITICAL,No data received for 162s (timeout 15s)
2026-07-13T07:26:11.040279,device_B,JAMMING,CRITICAL,No data received for 163s (timeout 15s)
2026-07-13T07:26:11.041011,device_A,JAMMING,CRITICAL,No data received for 162s (timeout 15s)
2026-07-13T07:26:12.772692,device_B,JAMMING,CRITICAL,No data received for 165s (timeout 15s)
2026-07-13T07:26:12.773798,device_A,JAMMING,CRITICAL,No data received for 164s (timeout 15s)
2026-07-13T07:26:13.043782,device_B,JAMMING,CRITICAL,No data received for 165s (timeout 15s)
2026-07-13T07:26:13.046570,device_A,JAMMING,CRITICAL,No data received for 164s (timeout 15s)
2026-07-13T07:26:14.786525,device_B,JAMMING,CRITICAL,No data received for 167s (timeout 15s)
2026-07-13T07:26:14.789663,device_A,JAMMING,CRITICAL,No data received for 166s (timeout 15s)
2026-07-13T07:26:15.043668,device_B,JAMMING,CRITICAL,No data received for 167s (timeout 15s)
2026-07-13T07:26:15.047013,device_A,JAMMING,CRITICAL,No data received for 166s (timeout 15s)
2026-07-13T07:26:16.780283,device_B,JAMMING,CRITICAL,No data received for 169s (timeout 15s)
2026-07-13T07:26:16.782915,device_A,JAMMING,CRITICAL,No data received for 168s (timeout 15s)
2026-07-13T07:26:17.035549,device_B,JAMMING,CRITICAL,No data received for 169s (timeout 15s)
2026-07-13T07:26:17.037127,device_A,JAMMING,CRITICAL,No data received for 168s (timeout 15s)
2026-07-13T07:26:18.779317,device_B,JAMMING,CRITICAL,No data received for 171s (timeout 15s)
2026-07-13T07:26:18.780700,device_A,JAMMING,CRITICAL,No data received for 170s (timeout 15s)
2026-07-13T07:26:19.038936,device_B,JAMMING,CRITICAL,No data received for 171s (timeout 15s)
2026-07-13T07:26:19.040456,device_A,JAMMING,CRITICAL,No data received for 170s (timeout 15s)
2026-07-13T07:26:20.783515,device_B,JAMMING,CRITICAL,No data received for 173s (timeout 15s)
2026-07-13T07:26:20.785990,device_A,JAMMING,CRITICAL,No data received for 172s (timeout 15s)
2026-07-13T07:26:21.035966,device_B,JAMMING,CRITICAL,No data received for 173s (timeout 15s)
2026-07-13T07:26:21.037581,device_A,JAMMING,CRITICAL,No data received for 172s (timeout 15s)
2026-07-13T07:26:22.775706,device_B,JAMMING,CRITICAL,No data received for 175s (timeout 15s)
2026-07-13T07:26:22.779090,device_A,JAMMING,CRITICAL,No data received for 174s (timeout 15s)
2026-07-13T07:26:23.044065,device_B,JAMMING,CRITICAL,No data received for 175s (timeout 15s)
2026-07-13T07:26:23.047427,device_A,JAMMING,CRITICAL,No data received for 174s (timeout 15s)
2026-07-13T07:26:24.785354,device_B,JAMMING,CRITICAL,No data received for 177s (timeout 15s)
2026-07-13T07:26:24.788471,device_A,JAMMING,CRITICAL,No data received for 176s (timeout 15s)
2026-07-13T07:26:25.037556,device_B,JAMMING,CRITICAL,No data received for 177s (timeout 15s)
2026-07-13T07:26:25.039912,device_A,JAMMING,CRITICAL,No data received for 176s (timeout 15s)
2026-07-13T07:26:26.782451,device_B,JAMMING,CRITICAL,No data received for 179s (timeout 15s)
2026-07-13T07:26:26.784370,device_A,JAMMING,CRITICAL,No data received for 178s (timeout 15s)
2026-07-13T07:26:27.037454,device_B,JAMMING,CRITICAL,No data received for 179s (timeout 15s)
2026-07-13T07:26:27.038713,device_A,JAMMING,CRITICAL,No data received for 178s (timeout 15s)
2026-07-13T07:26:28.782620,device_B,JAMMING,CRITICAL,No data received for 181s (timeout 15s)
2026-07-13T07:26:28.784955,device_A,JAMMING,CRITICAL,No data received for 180s (timeout 15s)
2026-07-13T07:26:29.048652,device_B,JAMMING,CRITICAL,No data received for 181s (timeout 15s)
2026-07-13T07:26:29.051111,device_A,JAMMING,CRITICAL,No data received for 180s (timeout 15s)
2026-07-13T07:26:30.787749,device_B,JAMMING,CRITICAL,No data received for 183s (timeout 15s)
2026-07-13T07:26:30.790587,device_A,JAMMING,CRITICAL,No data received for 182s (timeout 15s)
2026-07-13T07:26:31.051621,device_B,JAMMING,CRITICAL,No data received for 183s (timeout 15s)
2026-07-13T07:26:31.055327,device_A,JAMMING,CRITICAL,No data received for 182s (timeout 15s)
2026-07-13T07:26:32.775255,device_B,JAMMING,CRITICAL,No data received for 185s (timeout 15s)
2026-07-13T07:26:32.778053,device_A,JAMMING,CRITICAL,No data received for 184s (timeout 15s)
2026-07-13T07:26:33.058755,device_B,JAMMING,CRITICAL,No data received for 185s (timeout 15s)
2026-07-13T07:26:33.066601,device_A,JAMMING,CRITICAL,No data received for 184s (timeout 15s)
2026-07-13T07:26:34.772086,device_B,JAMMING,CRITICAL,No data received for 187s (timeout 15s)
2026-07-13T07:26:34.777805,device_A,JAMMING,CRITICAL,No data received for 186s (timeout 15s)
2026-07-13T07:26:35.069804,device_B,JAMMING,CRITICAL,No data received for 187s (timeout 15s)
2026-07-13T07:26:35.079273,device_A,JAMMING,CRITICAL,No data received for 186s (timeout 15s)
2026-07-13T07:26:36.786899,device_B,JAMMING,CRITICAL,No data received for 189s (timeout 15s)
2026-07-13T07:26:36.789773,device_A,JAMMING,CRITICAL,No data received for 188s (timeout 15s)
2026-07-13T07:26:37.064395,device_B,JAMMING,CRITICAL,No data received for 189s (timeout 15s)
2026-07-13T07:26:37.068088,device_A,JAMMING,CRITICAL,No data received for 188s (timeout 15s)
2026-07-13T07:26:38.787981,device_B,JAMMING,CRITICAL,No data received for 191s (timeout 15s)
2026-07-13T07:26:38.790360,device_A,JAMMING,CRITICAL,No data received for 190s (timeout 15s)
2026-07-13T07:26:39.046786,device_B,JAMMING,CRITICAL,No data received for 191s (timeout 15s)
2026-07-13T07:26:39.049634,device_A,JAMMING,CRITICAL,No data received for 190s (timeout 15s)
2026-07-13T07:26:40.786349,device_B,JAMMING,CRITICAL,No data received for 193s (timeout 15s)
2026-07-13T07:26:40.788930,device_A,JAMMING,CRITICAL,No data received for 192s (timeout 15s)
2026-07-13T07:26:41.056916,device_B,JAMMING,CRITICAL,No data received for 193s (timeout 15s)
2026-07-13T07:26:41.059588,device_A,JAMMING,CRITICAL,No data received for 192s (timeout 15s)
2026-07-13T07:26:42.787173,device_B,JAMMING,CRITICAL,No data received for 195s (timeout 15s)
2026-07-13T07:26:42.789922,device_A,JAMMING,CRITICAL,No data received for 194s (timeout 15s)
2026-07-13T07:26:43.049811,device_B,JAMMING,CRITICAL,No data received for 195s (timeout 15s)
2026-07-13T07:26:43.055052,device_A,JAMMING,CRITICAL,No data received for 194s (timeout 15s)
2026-07-13T07:26:44.787715,device_B,JAMMING,CRITICAL,No data received for 197s (timeout 15s)
2026-07-13T07:26:44.791738,device_A,JAMMING,CRITICAL,No data received for 196s (timeout 15s)
2026-07-13T07:26:45.040540,device_B,JAMMING,CRITICAL,No data received for 197s (timeout 15s)
2026-07-13T07:26:45.042815,device_A,JAMMING,CRITICAL,No data received for 196s (timeout 15s)
2026-07-13T07:26:46.784969,device_B,JAMMING,CRITICAL,No data received for 199s (timeout 15s)
2026-07-13T07:26:46.787451,device_A,JAMMING,CRITICAL,No data received for 198s (timeout 15s)
2026-07-13T07:26:47.051353,device_B,JAMMING,CRITICAL,No data received for 199s (timeout 15s)
2026-07-13T07:26:47.053101,device_A,JAMMING,CRITICAL,No data received for 198s (timeout 15s)
2026-07-13T07:26:48.772032,device_B,JAMMING,CRITICAL,No data received for 201s (timeout 15s)
2026-07-13T07:26:48.773466,device_A,JAMMING,CRITICAL,No data received for 200s (timeout 15s)
2026-07-13T07:26:49.042622,device_B,JAMMING,CRITICAL,No data received for 201s (timeout 15s)
2026-07-13T07:26:49.045570,device_A,JAMMING,CRITICAL,No data received for 200s (timeout 15s)
2026-07-13T07:26:50.772765,device_B,JAMMING,CRITICAL,No data received for 203s (timeout 15s)
2026-07-13T07:26:50.774086,device_A,JAMMING,CRITICAL,No data received for 202s (timeout 15s)
2026-07-13T07:26:51.038836,device_B,JAMMING,CRITICAL,No data received for 203s (timeout 15s)
2026-07-13T07:26:51.040136,device_A,JAMMING,CRITICAL,No data received for 202s (timeout 15s)
2026-07-13T07:26:52.780677,device_B,JAMMING,CRITICAL,No data received for 205s (timeout 15s)
2026-07-13T07:26:52.786258,device_A,JAMMING,CRITICAL,No data received for 204s (timeout 15s)
2026-07-13T07:26:53.043626,device_B,JAMMING,CRITICAL,No data received for 205s (timeout 15s)
2026-07-13T07:26:53.044421,device_A,JAMMING,CRITICAL,No data received for 204s (timeout 15s)
2026-07-13T07:26:54.772961,device_B,JAMMING,CRITICAL,No data received for 207s (timeout 15s)
2026-07-13T07:26:54.774601,device_A,JAMMING,CRITICAL,No data received for 206s (timeout 15s)
2026-07-13T07:26:55.042877,device_B,JAMMING,CRITICAL,No data received for 207s (timeout 15s)
2026-07-13T07:26:55.044184,device_A,JAMMING,CRITICAL,No data received for 206s (timeout 15s)
2026-07-13T07:30:47.412196,device_B,JAMMING,CRITICAL,No data received for 16s (timeout 15s)
2026-07-13T07:30:47.413869,device_A,JAMMING,CRITICAL,No data received for 16s (timeout 15s)
2026-07-13T07:30:48.345121,device_B,JAMMING,CRITICAL,No data received for 17s (timeout 15s)
2026-07-13T07:30:48.347523,device_A,JAMMING,CRITICAL,No data received for 17s (timeout 15s)
2026-07-13T07:30:49.037662,device_B,JAMMING,CRITICAL,No data received for 17s (timeout 15s)
2026-07-13T07:30:49.038887,device_A,JAMMING,CRITICAL,No data received for 17s (timeout 15s)
2026-07-13T07:30:50.353955,device_B,JAMMING,CRITICAL,No data received for 19s (timeout 15s)
2026-07-13T07:30:50.355188,device_A,JAMMING,CRITICAL,No data received for 19s (timeout 15s)
2026-07-13T07:30:51.035328,device_B,JAMMING,CRITICAL,No data received for 19s (timeout 15s)
2026-07-13T07:30:51.036226,device_A,JAMMING,CRITICAL,No data received for 19s (timeout 15s)
2026-07-13T07:30:52.351290,device_B,JAMMING,CRITICAL,No data received for 21s (timeout 15s)
2026-07-13T07:30:52.352707,device_A,JAMMING,CRITICAL,No data received for 21s (timeout 15s)
2026-07-13T07:30:53.039547,device_B,JAMMING,CRITICAL,No data received for 21s (timeout 15s)
2026-07-13T07:30:53.041719,device_A,JAMMING,CRITICAL,No data received for 21s (timeout 15s)
2026-07-13T07:30:54.350476,device_B,JAMMING,CRITICAL,No data received for 23s (timeout 15s)
2026-07-13T07:30:54.352955,device_A,JAMMING,CRITICAL,No data received for 23s (timeout 15s)
2026-07-13T07:30:55.040034,device_B,JAMMING,CRITICAL,No data received for 23s (timeout 15s)
2026-07-13T07:30:55.041297,device_A,JAMMING,CRITICAL,No data received for 23s (timeout 15s)
2026-07-13T07:30:56.355283,device_B,JAMMING,CRITICAL,No data received for 25s (timeout 15s)
2026-07-13T07:30:56.357220,device_A,JAMMING,CRITICAL,No data received for 25s (timeout 15s)
2026-07-13T07:30:57.056941,device_B,JAMMING,CRITICAL,No data received for 25s (timeout 15s)
2026-07-13T07:30:57.058837,device_A,JAMMING,CRITICAL,No data received for 25s (timeout 15s)
2026-07-13T07:30:58.350500,device_B,JAMMING,CRITICAL,No data received for 27s (timeout 15s)
2026-07-13T07:30:58.356744,device_A,JAMMING,CRITICAL,No data received for 27s (timeout 15s)
2026-07-13T07:30:59.047148,device_B,JAMMING,CRITICAL,No data received for 27s (timeout 15s)
2026-07-13T07:30:59.048629,device_A,JAMMING,CRITICAL,No data received for 27s (timeout 15s)
2026-07-13T07:31:00.348819,device_B,JAMMING,CRITICAL,No data received for 29s (timeout 15s)
2026-07-13T07:31:00.352475,device_A,JAMMING,CRITICAL,No data received for 29s (timeout 15s)
2026-07-13T07:31:01.099312,device_B,JAMMING,CRITICAL,No data received for 29s (timeout 15s)
2026-07-13T07:31:01.100963,device_A,JAMMING,CRITICAL,No data received for 29s (timeout 15s)
2026-07-13T07:31:02.349353,device_B,JAMMING,CRITICAL,No data received for 31s (timeout 15s)
2026-07-13T07:31:02.351638,device_A,JAMMING,CRITICAL,No data received for 31s (timeout 15s)
2026-07-13T07:31:03.050811,device_B,JAMMING,CRITICAL,No data received for 31s (timeout 15s)
2026-07-13T07:31:03.056857,device_A,JAMMING,CRITICAL,No data received for 31s (timeout 15s)
2026-07-13T07:31:04.345237,device_B,JAMMING,CRITICAL,No data received for 33s (timeout 15s)
2026-07-13T07:31:04.347732,device_A,JAMMING,CRITICAL,No data received for 33s (timeout 15s)
2026-07-13T07:31:05.052061,device_B,JAMMING,CRITICAL,No data received for 33s (timeout 15s)
2026-07-13T07:31:05.054434,device_A,JAMMING,CRITICAL,No data received for 33s (timeout 15s)
2026-07-13T07:31:06.350425,device_B,JAMMING,CRITICAL,No data received for 35s (timeout 15s)
2026-07-13T07:31:06.352459,device_A,JAMMING,CRITICAL,No data received for 35s (timeout 15s)
2026-07-13T07:31:07.489716,device_B,JAMMING,CRITICAL,No data received for 36s (timeout 15s)
2026-07-13T07:31:07.490671,device_A,JAMMING,CRITICAL,No data received for 36s (timeout 15s)
2026-07-13T07:31:08.353255,device_B,JAMMING,CRITICAL,No data received for 37s (timeout 15s)
2026-07-13T07:31:08.355240,device_A,JAMMING,CRITICAL,No data received for 37s (timeout 15s)
2026-07-13T07:31:09.044384,device_B,JAMMING,CRITICAL,No data received for 37s (timeout 15s)
2026-07-13T07:31:09.049686,device_A,JAMMING,CRITICAL,No data received for 37s (timeout 15s)
2026-07-13T07:31:10.344034,device_B,JAMMING,CRITICAL,No data received for 39s (timeout 15s)
2026-07-13T07:31:10.346347,device_A,JAMMING,CRITICAL,No data received for 39s (timeout 15s)
2026-07-13T07:31:11.042715,device_B,JAMMING,CRITICAL,No data received for 39s (timeout 15s)
2026-07-13T07:31:11.044390,device_A,JAMMING,CRITICAL,No data received for 39s (timeout 15s)
2026-07-13T07:31:12.353639,device_B,JAMMING,CRITICAL,No data received for 41s (timeout 15s)
2026-07-13T07:31:12.355736,device_A,JAMMING,CRITICAL,No data received for 41s (timeout 15s)
2026-07-13T07:31:13.055743,device_B,JAMMING,CRITICAL,No data received for 41s (timeout 15s)
2026-07-13T07:31:13.060864,device_A,JAMMING,CRITICAL,No data received for 41s (timeout 15s)
2026-07-13T07:31:14.354136,device_B,JAMMING,CRITICAL,No data received for 43s (timeout 15s)
2026-07-13T07:31:14.355552,device_A,JAMMING,CRITICAL,No data received for 43s (timeout 15s)
2026-07-13T07:31:15.038123,device_B,JAMMING,CRITICAL,No data received for 43s (timeout 15s)
2026-07-13T07:31:15.039760,device_A,JAMMING,CRITICAL,No data received for 43s (timeout 15s)
2026-07-13T07:31:16.356940,device_B,JAMMING,CRITICAL,No data received for 45s (timeout 15s)
2026-07-13T07:31:16.385764,device_A,JAMMING,CRITICAL,No data received for 45s (timeout 15s)
2026-07-13T07:31:17.053646,device_B,JAMMING,CRITICAL,No data received for 45s (timeout 15s)
2026-07-13T07:31:17.061007,device_A,JAMMING,CRITICAL,No data received for 45s (timeout 15s)
2026-07-13T07:31:18.433864,device_B,JAMMING,CRITICAL,No data received for 47s (timeout 15s)
2026-07-13T07:31:18.443340,device_A,JAMMING,CRITICAL,No data received for 47s (timeout 15s)
2026-07-13T07:31:19.184331,device_B,JAMMING,CRITICAL,No data received for 47s (timeout 15s)
2026-07-13T07:31:19.228390,device_A,JAMMING,CRITICAL,No data received for 47s (timeout 15s)
2026-07-13T07:31:20.456291,device_B,JAMMING,CRITICAL,No data received for 49s (timeout 15s)
2026-07-13T07:31:20.493640,device_A,JAMMING,CRITICAL,No data received for 49s (timeout 15s)
2026-07-13T07:31:21.139917,device_B,JAMMING,CRITICAL,No data received for 49s (timeout 15s)
2026-07-13T07:31:21.166224,device_A,JAMMING,CRITICAL,No data received for 49s (timeout 15s)
2026-07-13T07:31:22.373160,device_B,JAMMING,CRITICAL,No data received for 51s (timeout 15s)
2026-07-13T07:31:22.377399,device_A,JAMMING,CRITICAL,No data received for 51s (timeout 15s)
2026-07-13T07:31:23.053199,device_B,JAMMING,CRITICAL,No data received for 51s (timeout 15s)
2026-07-13T07:31:23.056150,device_A,JAMMING,CRITICAL,No data received for 51s (timeout 15s)
2026-07-13T07:31:24.352407,device_B,JAMMING,CRITICAL,No data received for 53s (timeout 15s)
2026-07-13T07:31:24.355312,device_A,JAMMING,CRITICAL,No data received for 53s (timeout 15s)
2026-07-13T07:31:25.242009,device_B,JAMMING,CRITICAL,No data received for 53s (timeout 15s)
2026-07-13T07:31:25.244241,device_A,JAMMING,CRITICAL,No data received for 54s (timeout 15s)
2026-07-13T07:31:26.355270,device_B,JAMMING,CRITICAL,No data received for 55s (timeout 15s)
2026-07-13T07:31:26.358560,device_A,JAMMING,CRITICAL,No data received for 55s (timeout 15s)
2026-07-13T07:31:27.046120,device_B,JAMMING,CRITICAL,No data received for 55s (timeout 15s)
2026-07-13T07:31:27.049127,device_A,JAMMING,CRITICAL,No data received for 55s (timeout 15s)
2026-07-13T07:31:28.352834,device_B,JAMMING,CRITICAL,No data received for 57s (timeout 15s)
2026-07-13T07:31:28.370472,device_A,JAMMING,CRITICAL,No data received for 57s (timeout 15s)
2026-07-13T07:31:29.049076,device_B,JAMMING,CRITICAL,No data received for 57s (timeout 15s)
2026-07-13T07:31:30.350656,device_B,JAMMING,CRITICAL,No data received for 59s (timeout 15s)
2026-07-13T07:31:31.062027,device_B,JAMMING,CRITICAL,No data received for 59s (timeout 15s)
2026-07-13T07:31:32.348016,device_B,JAMMING,CRITICAL,No data received for 61s (timeout 15s)
2026-07-13T07:31:32.755890,device_A,SPOOFING,CRITICAL,Implausible jump: 19.1 m in 0.3s (252 km/h) exceeds 150 km/h limit
2026-07-13T07:31:33.497987,device_A,SPOOFING,CRITICAL,Disagrees with device_B by 20.3 m (threshold 15 m)
2026-07-13T07:31:34.518443,device_A,SPOOFING,CRITICAL,Disagrees with device_B by 21.2 m (threshold 15 m)
2026-07-13T07:31:34.774640,device_B,SPOOFING,CRITICAL,Disagrees with device_A by 20.1 m (threshold 15 m)
2026-07-13T07:31:34.818349,device_A,SPOOFING,CRITICAL,Implausible jump: 20.0 m in 0.3s (240 km/h) exceeds 150 km/h limit
2026-07-13T07:31:35.538230,device_A,SPOOFING,CRITICAL,Disagrees with device_B by 20.8 m (threshold 15 m)
2026-07-13T07:31:36.557934,device_A,SPOOFING,CRITICAL,Disagrees with device_B by 21.7 m (threshold 15 m)
2026-07-13T07:31:36.835094,device_B,SPOOFING,CRITICAL,Disagrees with device_A by 20.0 m (threshold 15 m)
2026-07-13T07:31:36.837967,device_A,SPOOFING,CRITICAL,Implausible jump: 18.6 m in 0.3s (240 km/h) exceeds 150 km/h limit
2026-07-13T07:31:37.575487,device_A,SPOOFING,CRITICAL,Disagrees with device_B by 20.7 m (threshold 15 m)
2026-07-13T07:31:38.593981,device_A,SPOOFING,CRITICAL,Disagrees with device_B by 21.2 m (threshold 15 m)
2026-07-13T07:31:38.871822,device_B,SPOOFING,CRITICAL,Disagrees with device_A by 18.3 m (threshold 15 m)
2026-07-13T07:31:38.878818,device_A,SPOOFING,CRITICAL,Implausible jump: 17.8 m in 0.3s (226 km/h) exceeds 150 km/h limit
2026-07-13T07:31:39.613849,device_A,SPOOFING,CRITICAL,Disagrees with device_B by 18.8 m (threshold 15 m)
2026-07-13T07:31:40.631281,device_A,SPOOFING,CRITICAL,Disagrees with device_B by 19.5 m (threshold 15 m)
2026-07-13T07:31:40.922621,device_A,SPOOFING,CRITICAL,Implausible jump: 15.7 m in 0.3s (198 km/h) exceeds 150 km/h limit
2026-07-13T07:31:40.924381,device_B,SPOOFING,CRITICAL,Disagrees with device_A by 16.1 m (threshold 15 m)
2026-07-13T07:31:41.654852,device_A,SPOOFING,CRITICAL,Disagrees with device_B by 16.8 m (threshold 15 m)
2026-07-13T07:31:47.557855,device_A,SPOOFING,CRITICAL,Disagrees with device_B by 15.6 m (threshold 15 m)
2026-07-13T07:31:55.697366,device_A,SPOOFING,CRITICAL,Disagrees with device_B by 16.1 m (threshold 15 m)
2026-07-13T07:31:56.716467,device_A,SPOOFING,CRITICAL,Disagrees with device_B by 16.7 m (threshold 15 m)
2026-07-13T07:31:57.737415,device_A,SPOOFING,CRITICAL,Disagrees with device_B by 20.4 m (threshold 15 m)
2026-07-13T07:31:58.759991,device_A,SPOOFING,CRITICAL,Disagrees with device_B by 21.0 m (threshold 15 m)
2026-07-13T07:31:59.199807,device_A,SPOOFING,CRITICAL,Implausible jump: 25.2 m in 0.4s (206 km/h) exceeds 150 km/h limit
2026-07-13T07:31:59.786299,device_A,SPOOFING,CRITICAL,Implausible jump: 26.0 m in 0.6s (159 km/h) exceeds 150 km/h limit; Disagrees with device_B by 24.9 m (threshold 15 m)
2026-07-13T07:32:00.810763,device_A,SPOOFING,CRITICAL,Disagrees with device_B by 25.7 m (threshold 15 m)
2026-07-13T07:32:01.238341,device_A,SPOOFING,CRITICAL,Implausible jump: 29.5 m in 0.4s (248 km/h) exceeds 150 km/h limit
2026-07-13T07:32:01.844747,device_A,SPOOFING,CRITICAL,Implausible jump: 30.6 m in 0.6s (182 km/h) exceeds 150 km/h limit; Disagrees with device_B by 28.8 m (threshold 15 m)
2026-07-13T07:32:02.889677,device_A,SPOOFING,CRITICAL,Disagrees with device_B by 29.8 m (threshold 15 m)
2026-07-13T07:32:03.266224,device_A,SPOOFING,CRITICAL,Implausible jump: 32.7 m in 0.4s (312 km/h) exceeds 150 km/h limit
2026-07-13T07:32:03.923971,device_A,SPOOFING,CRITICAL,Implausible jump: 33.7 m in 0.7s (185 km/h) exceeds 150 km/h limit; Disagrees with device_B by 33.0 m (threshold 15 m)
2026-07-13T07:32:04.965870,device_A,SPOOFING,CRITICAL,Disagrees with device_B by 33.9 m (threshold 15 m)
2026-07-13T07:32:06.012519,device_A,SPOOFING,CRITICAL,Disagrees with device_B by 34.9 m (threshold 15 m)
2026-07-13T07:32:07.054059,device_A,SPOOFING,CRITICAL,Disagrees with device_B by 35.7 m (threshold 15 m)
2026-07-13T07:32:08.102056,device_A,SPOOFING,CRITICAL,Disagrees with device_B by 36.6 m (threshold 15 m)
2026-07-13T07:32:09.117379,device_A,SPOOFING,CRITICAL,Disagrees with device_B by 37.7 m (threshold 15 m)
2026-07-13T07:32:10.136828,device_A,SPOOFING,CRITICAL,Disagrees with device_B by 38.7 m (threshold 15 m)
2026-07-13T07:32:11.197039,device_A,SPOOFING,CRITICAL,Disagrees with device_B by 39.6 m (threshold 15 m)
2026-07-13T07:32:12.226703,device_A,SPOOFING,CRITICAL,Disagrees with device_B by 40.9 m (threshold 15 m)
2026-07-13T07:32:13.244543,device_A,SPOOFING,CRITICAL,Disagrees with device_B by 41.9 m (threshold 15 m)
2026-07-13T07:32:14.262725,device_A,SPOOFING,CRITICAL,Disagrees with device_B by 43.1 m (threshold 15 m)
2026-07-13T07:32:15.321802,device_A,SPOOFING,CRITICAL,Disagrees with device_B by 44.4 m (threshold 15 m)
2026-07-13T07:32:16.365207,device_A,SPOOFING,CRITICAL,Disagrees with device_B by 45.7 m (threshold 15 m)
2026-07-13T07:32:17.384183,device_A,SPOOFING,CRITICAL,Disagrees with device_B by 47.0 m (threshold 15 m)
2026-07-13T07:32:19.034319,device_B,JAMMING,CRITICAL,No data received for 16s (timeout 15s)
2026-07-13T07:35:03.463510,device_B,SPOOFING,CRITICAL,Disagrees with device_A by 15.0 m (threshold 15 m)
2026-07-13T07:35:05.510479,device_B,SPOOFING,CRITICAL,Disagrees with device_A by 17.8 m (threshold 15 m)
2026-07-13T07:35:07.538004,device_B,SPOOFING,CRITICAL,Disagrees with device_A by 20.7 m (threshold 15 m)
2026-07-13T07:35:09.552566,device_B,SPOOFING,CRITICAL,Disagrees with device_A by 23.7 m (threshold 15 m)
2026-07-13T07:35:12.130418,device_A,JAMMING,CRITICAL,No data received for 17s (timeout 15s)
2026-07-13T07:35:14.117111,device_A,JAMMING,CRITICAL,No data received for 19s (timeout 15s)
2026-07-13T07:35:16.128356,device_A,JAMMING,CRITICAL,No data received for 21s (timeout 15s)
2026-07-13T07:35:53.862651,device_A,SPOOFING,CRITICAL,Implausible jump: 7578.2 m in 2.0s (13398 km/h) exceeds 150 km/h limit; Disagrees with device_B by 7577.8 m (threshold 15 m)
2026-07-13T07:35:54.144229,device_B,SPOOFING,CRITICAL,Disagrees with device_A by 7581.2 m (threshold 15 m)
2026-07-13T07:35:55.896367,device_A,SPOOFING,CRITICAL,Implausible jump: 7584.2 m in 2.0s (13426 km/h) exceeds 150 km/h limit
2026-07-13T07:36:32.405812,device_B,JAMMING,CRITICAL,No data received for 16s (timeout 15s)
2026-07-13T07:36:32.408329,device_A,JAMMING,CRITICAL,No data received for 16s (timeout 15s)
2026-07-13T07:36:34.123621,device_B,JAMMING,CRITICAL,No data received for 18s (timeout 15s)
2026-07-13T07:36:34.124548,device_A,JAMMING,CRITICAL,No data received for 18s (timeout 15s)
2026-07-13T07:36:36.119941,device_B,JAMMING,CRITICAL,No data received for 20s (timeout 15s)
2026-07-13T07:36:36.120801,device_A,JAMMING,CRITICAL,No data received for 20s (timeout 15s)
2026-07-13T07:36:38.115619,device_B,JAMMING,CRITICAL,No data received for 22s (timeout 15s)
2026-07-13T07:36:38.116840,device_A,JAMMING,CRITICAL,No data received for 22s (timeout 15s)
2026-07-13T07:36:40.115315,device_B,JAMMING,CRITICAL,No data received for 24s (timeout 15s)
2026-07-13T07:36:40.116551,device_A,JAMMING,CRITICAL,No data received for 24s (timeout 15s)
2026-07-13T07:36:42.116802,device_B,JAMMING,CRITICAL,No data received for 26s (timeout 15s)
2026-07-13T07:36:42.120196,device_A,JAMMING,CRITICAL,No data received for 26s (timeout 15s)
2026-07-13T07:36:44.118252,device_B,JAMMING,CRITICAL,No data received for 28s (timeout 15s)
2026-07-13T07:36:44.119161,device_A,JAMMING,CRITICAL,No data received for 28s (timeout 15s)
2026-07-13T07:36:46.116365,device_B,JAMMING,CRITICAL,No data received for 30s (timeout 15s)
2026-07-13T07:36:46.117709,device_A,JAMMING,CRITICAL,No data received for 30s (timeout 15s)
2026-07-13T07:36:48.127562,device_B,JAMMING,CRITICAL,No data received for 32s (timeout 15s)
2026-07-13T07:36:48.128356,device_A,JAMMING,CRITICAL,No data received for 32s (timeout 15s)
2026-07-13T07:36:50.126058,device_B,JAMMING,CRITICAL,No data received for 34s (timeout 15s)
2026-07-13T07:36:50.127268,device_A,JAMMING,CRITICAL,No data received for 34s (timeout 15s)
2026-07-13T07:36:52.126778,device_B,JAMMING,CRITICAL,No data received for 36s (timeout 15s)
2026-07-13T07:36:52.129484,device_A,JAMMING,CRITICAL,No data received for 36s (timeout 15s)
2026-07-13T07:36:54.124289,device_B,JAMMING,CRITICAL,No data received for 38s (timeout 15s)
2026-07-13T07:36:54.125460,device_A,JAMMING,CRITICAL,No data received for 38s (timeout 15s)
2026-07-13T07:36:56.123491,device_B,JAMMING,CRITICAL,No data received for 40s (timeout 15s)
2026-07-13T07:36:56.124557,device_A,JAMMING,CRITICAL,No data received for 40s (timeout 15s)
2026-07-13T07:36:58.122524,device_B,JAMMING,CRITICAL,No data received for 42s (timeout 15s)
2026-07-13T07:36:58.123269,device_A,JAMMING,CRITICAL,No data received for 42s (timeout 15s)
2026-07-13T07:37:00.124594,device_B,JAMMING,CRITICAL,No data received for 44s (timeout 15s)
2026-07-13T07:37:00.125785,device_A,JAMMING,CRITICAL,No data received for 44s (timeout 15s)
2026-07-13T07:37:02.118887,device_B,JAMMING,CRITICAL,No data received for 46s (timeout 15s)
2026-07-13T07:37:02.120875,device_A,JAMMING,CRITICAL,No data received for 46s (timeout 15s)
2026-07-13T07:37:04.124281,device_B,JAMMING,CRITICAL,No data received for 48s (timeout 15s)
2026-07-13T07:37:04.125555,device_A,JAMMING,CRITICAL,No data received for 48s (timeout 15s)
2026-07-13T07:37:06.115723,device_B,JAMMING,CRITICAL,No data received for 50s (timeout 15s)
2026-07-13T07:37:06.116972,device_A,JAMMING,CRITICAL,No data received for 50s (timeout 15s)
2026-07-13T07:37:08.121280,device_B,JAMMING,CRITICAL,No data received for 52s (timeout 15s)
2026-07-13T07:37:08.122220,device_A,JAMMING,CRITICAL,No data received for 52s (timeout 15s)
2026-07-13T07:37:10.128317,device_B,JAMMING,CRITICAL,No data received for 54s (timeout 15s)
2026-07-13T07:37:10.129342,device_A,JAMMING,CRITICAL,No data received for 54s (timeout 15s)
2026-07-13T07:37:12.117841,device_B,JAMMING,CRITICAL,No data received for 56s (timeout 15s)
2026-07-13T07:37:12.120385,device_A,JAMMING,CRITICAL,No data received for 56s (timeout 15s)
2026-07-13T07:37:14.115960,device_B,JAMMING,CRITICAL,No data received for 58s (timeout 15s)
2026-07-13T07:37:14.116966,device_A,JAMMING,CRITICAL,No data received for 58s (timeout 15s)
2026-07-13T07:37:16.112077,device_B,JAMMING,CRITICAL,No data received for 60s (timeout 15s)
2026-07-13T07:37:16.112962,device_A,JAMMING,CRITICAL,No data received for 60s (timeout 15s)
2026-07-13T07:37:18.114136,device_B,JAMMING,CRITICAL,No data received for 62s (timeout 15s)
2026-07-13T07:37:18.114961,device_A,JAMMING,CRITICAL,No data received for 62s (timeout 15s)
2026-07-13T07:37:20.124707,device_B,JAMMING,CRITICAL,No data received for 64s (timeout 15s)
2026-07-13T07:37:20.125484,device_A,JAMMING,CRITICAL,No data received for 64s (timeout 15s)
2026-07-13T07:37:22.128733,device_B,JAMMING,CRITICAL,No data received for 66s (timeout 15s)
2026-07-13T07:37:22.131228,device_A,JAMMING,CRITICAL,No data received for 66s (timeout 15s)
2026-07-13T07:37:24.114659,device_B,JAMMING,CRITICAL,No data received for 68s (timeout 15s)
2026-07-13T07:37:24.116047,device_A,JAMMING,CRITICAL,No data received for 68s (timeout 15s)
2026-07-13T07:37:26.113770,device_B,JAMMING,CRITICAL,No data received for 70s (timeout 15s)
2026-07-13T07:37:26.114788,device_A,JAMMING,CRITICAL,No data received for 70s (timeout 15s)
2026-07-13T07:37:28.126182,device_B,JAMMING,CRITICAL,No data received for 72s (timeout 15s)
2026-07-13T07:37:28.127115,device_A,JAMMING,CRITICAL,No data received for 72s (timeout 15s)
2026-07-13T07:37:30.118766,device_B,JAMMING,CRITICAL,No data received for 74s (timeout 15s)
2026-07-13T07:37:30.119598,device_A,JAMMING,CRITICAL,No data received for 74s (timeout 15s)
2026-07-13T07:37:32.127676,device_B,JAMMING,CRITICAL,No data received for 76s (timeout 15s)
2026-07-13T07:37:32.131155,device_A,JAMMING,CRITICAL,No data received for 76s (timeout 15s)
2026-07-13T07:37:34.120506,device_B,JAMMING,CRITICAL,No data received for 78s (timeout 15s)
2026-07-13T07:37:34.121760,device_A,JAMMING,CRITICAL,No data received for 78s (timeout 15s)
2026-07-13T07:37:36.114066,device_B,JAMMING,CRITICAL,No data received for 80s (timeout 15s)
2026-07-13T07:37:36.115025,device_A,JAMMING,CRITICAL,No data received for 80s (timeout 15s)
2026-07-13T07:38:29.591626,system,INFO,INFO,System state reset by administrator
2026-07-13T07:38:38.180240,system,INFO,INFO,System state reset by administrator
2026-07-13T07:39:07.664084,system,INFO,INFO,System state reset by administrator
2026-07-13T07:39:14.492530,system,INFO,INFO,System state reset by administrator
2026-07-13T07:40:18.098588,device_B,JAMMING,CRITICAL,No data received for 16s (timeout 15s)
2026-07-13T07:40:18.099816,device_A,JAMMING,CRITICAL,No data received for 16s (timeout 15s)
2026-07-13T07:40:18.401286,device_B,JAMMING,CRITICAL,No data received for 16s (timeout 15s)
2026-07-13T07:40:18.403060,device_A,JAMMING,CRITICAL,No data received for 16s (timeout 15s)
2026-07-13T07:40:20.097853,device_B,JAMMING,CRITICAL,No data received for 18s (timeout 15s)
2026-07-13T07:40:20.100043,device_A,JAMMING,CRITICAL,No data received for 18s (timeout 15s)
2026-07-13T07:40:20.120317,device_B,JAMMING,CRITICAL,No data received for 18s (timeout 15s)
2026-07-13T07:40:20.122913,device_A,JAMMING,CRITICAL,No data received for 18s (timeout 15s)
2026-07-13T07:40:21.790222,device_B,JAMMING,CRITICAL,No data received for 20s (timeout 15s)
2026-07-13T07:40:21.793418,device_A,JAMMING,CRITICAL,No data received for 20s (timeout 15s)
2026-07-13T07:40:22.134175,device_B,JAMMING,CRITICAL,No data received for 20s (timeout 15s)
2026-07-13T07:40:22.138425,device_A,JAMMING,CRITICAL,No data received for 20s (timeout 15s)
2026-07-13T07:40:24.107286,device_B,JAMMING,CRITICAL,No data received for 22s (timeout 15s)
2026-07-13T07:40:24.110346,device_A,JAMMING,CRITICAL,No data received for 22s (timeout 15s)
2026-07-13T07:40:24.128975,device_B,JAMMING,CRITICAL,No data received for 22s (timeout 15s)
2026-07-13T07:40:24.132810,device_A,JAMMING,CRITICAL,No data received for 22s (timeout 15s)
2026-07-13T07:40:25.781413,device_B,JAMMING,CRITICAL,No data received for 24s (timeout 15s)
2026-07-13T07:40:25.784555,device_A,JAMMING,CRITICAL,No data received for 24s (timeout 15s)
2026-07-13T07:40:26.130735,device_B,JAMMING,CRITICAL,No data received for 24s (timeout 15s)
2026-07-13T07:40:26.132952,device_A,JAMMING,CRITICAL,No data received for 24s (timeout 15s)
2026-07-13T07:40:28.117127,device_B,JAMMING,CRITICAL,No data received for 26s (timeout 15s)
2026-07-13T07:40:28.124695,device_A,JAMMING,CRITICAL,No data received for 26s (timeout 15s)
2026-07-13T07:40:28.357879,device_B,JAMMING,CRITICAL,No data received for 26s (timeout 15s)
2026-07-13T07:40:28.360395,device_A,JAMMING,CRITICAL,No data received for 26s (timeout 15s)
2026-07-13T07:40:30.124119,device_B,JAMMING,CRITICAL,No data received for 28s (timeout 15s)
2026-07-13T07:40:30.126214,device_A,JAMMING,CRITICAL,No data received for 28s (timeout 15s)
2026-07-13T07:40:30.595619,system,INFO,INFO,System state reset by administrator
2026-07-15T17:49:36.350358,nav_unit,SPOOFING,CRITICAL,Disagrees with device_B by 17.6 m (threshold 15 m); Disagrees with device_A by 20.4 m (threshold 15 m)
2026-07-15T17:49:36.362777,reference,SPOOFING,CRITICAL,Disagrees with device_B by 17.6 m (threshold 15 m); Disagrees with device_A by 20.3 m (threshold 15 m)
2026-07-15T17:49:36.476640,device_B,SPOOFING,CRITICAL,Disagrees with nav_unit by 21.2 m (threshold 15 m); Disagrees with reference by 21.1 m (threshold 15 m)
2026-07-15T17:49:38.257071,device_A,SPOOFING,CRITICAL,Disagrees with nav_unit by 23.4 m (threshold 15 m); Disagrees with reference by 23.2 m (threshold 15 m)
2026-07-15T17:49:38.639640,nav_unit,SPOOFING,CRITICAL,Disagrees with device_B by 16.9 m (threshold 15 m); Disagrees with device_A by 19.5 m (threshold 15 m)
2026-07-15T17:49:38.723087,device_B,SPOOFING,CRITICAL,Disagrees with nav_unit by 20.4 m (threshold 15 m); Disagrees with reference by 23.7 m (threshold 15 m)
2026-07-15T17:49:38.796144,reference,SPOOFING,CRITICAL,Disagrees with device_B by 20.0 m (threshold 15 m); Disagrees with device_A by 19.1 m (threshold 15 m)
2026-07-15T17:49:40.474698,device_A,SPOOFING,CRITICAL,Disagrees with nav_unit by 22.7 m (threshold 15 m); Disagrees with reference by 22.2 m (threshold 15 m)
2026-07-15T17:49:40.693858,nav_unit,SPOOFING,CRITICAL,Disagrees with device_B by 17.0 m (threshold 15 m); Disagrees with device_A by 19.5 m (threshold 15 m)
2026-07-15T17:49:40.762447,reference,SPOOFING,CRITICAL,Disagrees with device_B by 16.6 m (threshold 15 m); Disagrees with device_A by 19.1 m (threshold 15 m)
2026-07-15T17:49:40.989060,device_B,SPOOFING,CRITICAL,Disagrees with nav_unit by 20.8 m (threshold 15 m); Disagrees with reference by 20.4 m (threshold 15 m)
2026-07-15T17:49:42.658495,device_A,SPOOFING,CRITICAL,Disagrees with nav_unit by 23.2 m (threshold 15 m); Disagrees with reference by 22.7 m (threshold 15 m)
2026-07-15T17:49:43.282979,nav_unit,SPOOFING,CRITICAL,Disagrees with device_B by 17.8 m (threshold 15 m); Disagrees with device_A by 20.4 m (threshold 15 m)
2026-07-15T17:49:43.334867,reference,SPOOFING,CRITICAL,Disagrees with device_B by 17.4 m (threshold 15 m); Disagrees with device_A by 19.9 m (threshold 15 m)
2026-07-15T17:49:43.373486,device_B,SPOOFING,CRITICAL,Disagrees with nav_unit by 22.1 m (threshold 15 m); Disagrees with reference by 21.6 m (threshold 15 m)
2026-07-15T17:49:44.864118,device_A,SPOOFING,CRITICAL,Disagrees with nav_unit by 22.6 m (threshold 15 m); Disagrees with reference by 22.0 m (threshold 15 m)
2026-07-15T17:49:45.596033,device_B,SPOOFING,CRITICAL,Disagrees with nav_unit by 24.0 m (threshold 15 m); Disagrees with reference by 23.5 m (threshold 15 m)
2026-07-15T17:49:46.055143,nav_unit,SPOOFING,CRITICAL,Disagrees with device_B by 20.7 m (threshold 15 m); Disagrees with device_A by 19.2 m (threshold 15 m)
2026-07-15T17:49:46.111674,reference,SPOOFING,CRITICAL,Disagrees with device_B by 20.1 m (threshold 15 m); Disagrees with device_A by 18.6 m (threshold 15 m)
2026-07-15T17:49:47.050943,device_A,SPOOFING,CRITICAL,Disagrees with nav_unit by 22.5 m (threshold 15 m); Disagrees with reference by 21.9 m (threshold 15 m)
2026-07-15T17:49:47.895726,device_B,SPOOFING,CRITICAL,Disagrees with nav_unit by 24.3 m (threshold 15 m); Disagrees with reference by 23.7 m (threshold 15 m)
2026-07-15T17:49:48.552184,reference,SPOOFING,CRITICAL,Disagrees with device_B by 20.5 m (threshold 15 m); Disagrees with device_A by 18.2 m (threshold 15 m)
2026-07-15T17:49:48.611727,nav_unit,SPOOFING,CRITICAL,Disagrees with device_B by 21.1 m (threshold 15 m); Disagrees with device_A by 18.8 m (threshold 15 m)
2026-07-15T17:49:49.290171,device_A,SPOOFING,CRITICAL,Disagrees with nav_unit by 22.5 m (threshold 15 m); Disagrees with reference by 21.9 m (threshold 15 m)
2026-07-15T17:49:50.147414,device_B,SPOOFING,CRITICAL,Disagrees with nav_unit by 24.6 m (threshold 15 m); Disagrees with reference by 24.0 m (threshold 15 m)
2026-07-15T17:49:50.953237,nav_unit,SPOOFING,CRITICAL,Disagrees with device_B by 21.0 m (threshold 15 m); Disagrees with device_A by 18.7 m (threshold 15 m)
2026-07-15T17:49:51.101398,reference,SPOOFING,CRITICAL,Disagrees with device_B by 20.5 m (threshold 15 m); Disagrees with device_A by 18.1 m (threshold 15 m)
2026-07-15T17:49:51.624700,device_A,SPOOFING,CRITICAL,Disagrees with nav_unit by 23.3 m (threshold 15 m); Disagrees with reference by 22.8 m (threshold 15 m)
2026-07-15T17:49:52.326548,device_B,SPOOFING,CRITICAL,Disagrees with nav_unit by 24.7 m (threshold 15 m); Disagrees with reference by 24.2 m (threshold 15 m)
2026-07-15T17:49:53.094525,nav_unit,SPOOFING,CRITICAL,Disagrees with device_B by 21.5 m (threshold 15 m); Disagrees with device_A by 20.0 m (threshold 15 m)
2026-07-15T17:49:53.581544,reference,SPOOFING,CRITICAL,Disagrees with device_B by 20.7 m (threshold 15 m); Disagrees with device_A by 19.1 m (threshold 15 m)
2026-07-15T17:49:53.797247,device_A,SPOOFING,CRITICAL,Disagrees with nav_unit by 22.5 m (threshold 15 m); Disagrees with reference by 21.7 m (threshold 15 m)
2026-07-15T17:49:54.526142,device_B,SPOOFING,CRITICAL,Disagrees with nav_unit by 23.3 m (threshold 15 m); Disagrees with reference by 22.6 m (threshold 15 m)
2026-07-15T17:49:55.194905,nav_unit,SPOOFING,CRITICAL,Disagrees with device_B by 20.2 m (threshold 15 m); Disagrees with device_A by 19.4 m (threshold 15 m)
2026-07-15T17:49:55.868486,reference,SPOOFING,CRITICAL,Disagrees with device_B by 18.8 m (threshold 15 m); Disagrees with device_A by 18.0 m (threshold 15 m)
2026-07-15T17:49:55.930537,device_A,SPOOFING,CRITICAL,Disagrees with nav_unit by 22.2 m (threshold 15 m); Disagrees with reference by 20.9 m (threshold 15 m)
2026-07-15T17:49:56.739908,device_B,SPOOFING,CRITICAL,Disagrees with nav_unit by 24.4 m (threshold 15 m); Disagrees with reference by 23.2 m (threshold 15 m)
2026-07-15T17:49:57.832955,nav_unit,SPOOFING,CRITICAL,Disagrees with device_B by 21.2 m (threshold 15 m); Disagrees with device_A by 18.9 m (threshold 15 m)
2026-07-15T17:49:58.108962,device_A,SPOOFING,CRITICAL,Disagrees with nav_unit by 22.6 m (threshold 15 m); Disagrees with reference by 24.6 m (threshold 15 m)
2026-07-15T17:49:58.329651,reference,SPOOFING,CRITICAL,Disagrees with device_B by 19.7 m (threshold 15 m); Disagrees with device_A by 21.2 m (threshold 15 m)
2026-07-15T17:49:58.996160,device_B,SPOOFING,CRITICAL,Disagrees with nav_unit by 23.4 m (threshold 15 m); Disagrees with reference by 22.1 m (threshold 15 m)
2026-07-15T17:50:00.336175,device_A,SPOOFING,CRITICAL,Disagrees with nav_unit by 24.2 m (threshold 15 m); Disagrees with reference by 23.0 m (threshold 15 m)
2026-07-15T17:50:00.662136,nav_unit,SPOOFING,CRITICAL,Disagrees with device_B by 19.4 m (threshold 15 m); Disagrees with device_A by 20.4 m (threshold 15 m)
2026-07-15T17:50:00.860270,reference,SPOOFING,CRITICAL,Disagrees with device_B by 18.0 m (threshold 15 m); Disagrees with device_A by 19.1 m (threshold 15 m)
2026-07-15T17:50:01.236326,device_B,SPOOFING,CRITICAL,Disagrees with nav_unit by 23.1 m (threshold 15 m); Disagrees with reference by 21.9 m (threshold 15 m)
2026-07-15T17:50:02.843087,device_A,SPOOFING,CRITICAL,Disagrees with nav_unit by 24.0 m (threshold 15 m); Disagrees with reference by 23.0 m (threshold 15 m)
2026-07-15T17:50:03.035815,nav_unit,SPOOFING,CRITICAL,Disagrees with device_B by 18.0 m (threshold 15 m); Disagrees with device_A by 19.3 m (threshold 15 m)
2026-07-15T17:50:03.050736,reference,SPOOFING,CRITICAL,Disagrees with device_B by 18.1 m (threshold 15 m); Disagrees with device_A by 19.5 m (threshold 15 m)
2026-07-15T17:50:03.639314,device_B,SPOOFING,CRITICAL,Disagrees with nav_unit by 21.2 m (threshold 15 m); Disagrees with reference by 21.4 m (threshold 15 m)
2026-07-15T17:50:05.228660,device_A,SPOOFING,CRITICAL,Disagrees with nav_unit by 22.5 m (threshold 15 m); Disagrees with reference by 22.7 m (threshold 15 m)
2026-07-15T17:50:05.680915,nav_unit,SPOOFING,CRITICAL,Disagrees with device_B by 17.8 m (threshold 15 m); Disagrees with device_A by 19.3 m (threshold 15 m)
2026-07-15T17:50:05.781140,reference,SPOOFING,CRITICAL,Disagrees with device_B by 18.0 m (threshold 15 m); Disagrees with device_A by 19.6 m (threshold 15 m)
2026-07-15T17:50:05.878649,device_B,SPOOFING,CRITICAL,Disagrees with nav_unit by 20.2 m (threshold 15 m); Disagrees with reference by 20.5 m (threshold 15 m)
2026-07-15T17:50:07.489517,device_A,SPOOFING,CRITICAL,Disagrees with nav_unit by 23.1 m (threshold 15 m); Disagrees with reference by 23.4 m (threshold 15 m)
2026-07-15T17:50:08.090907,nav_unit,SPOOFING,CRITICAL,Disagrees with device_B by 16.6 m (threshold 15 m); Disagrees with device_A by 19.8 m (threshold 15 m)
2026-07-15T17:50:08.256541,device_B,SPOOFING,CRITICAL,Disagrees with nav_unit by 19.3 m (threshold 15 m); Disagrees with reference by 22.8 m (threshold 15 m)
2026-07-15T17:50:08.258247,reference,SPOOFING,CRITICAL,Disagrees with device_B by 19.8 m (threshold 15 m); Disagrees with device_A by 20.2 m (threshold 15 m)
2026-07-15T17:50:09.720465,device_A,SPOOFING,CRITICAL,Disagrees with nav_unit by 21.9 m (threshold 15 m); Disagrees with reference by 22.4 m (threshold 15 m)
2026-07-15T17:50:10.293592,nav_unit,SPOOFING,CRITICAL,Disagrees with device_B by 15.9 m (threshold 15 m); Disagrees with device_A by 18.8 m (threshold 15 m)
2026-07-15T17:50:10.566908,device_B,SPOOFING,CRITICAL,Disagrees with nav_unit by 19.8 m (threshold 15 m); Disagrees with reference by 23.4 m (threshold 15 m)
2026-07-15T17:50:10.908641,reference,SPOOFING,CRITICAL,Disagrees with device_B by 20.0 m (threshold 15 m); Disagrees with device_A by 19.0 m (threshold 15 m)
2026-07-15T17:50:11.940311,device_A,SPOOFING,CRITICAL,Disagrees with nav_unit by 23.1 m (threshold 15 m); Disagrees with reference by 23.4 m (threshold 15 m)
2026-07-15T17:50:12.868986,device_B,SPOOFING,CRITICAL,Disagrees with nav_unit by 23.5 m (threshold 15 m); Disagrees with reference by 23.9 m (threshold 15 m)
2026-07-15T17:50:12.922539,nav_unit,SPOOFING,CRITICAL,Disagrees with device_B by 21.0 m (threshold 15 m); Disagrees with device_A by 20.4 m (threshold 15 m)
2026-07-15T17:50:13.271190,reference,SPOOFING,CRITICAL,Disagrees with device_B by 20.6 m (threshold 15 m); Disagrees with device_A by 19.9 m (threshold 15 m)
2026-07-15T17:50:14.126980,device_A,SPOOFING,CRITICAL,Disagrees with nav_unit by 23.7 m (threshold 15 m); Disagrees with reference by 23.3 m (threshold 15 m)
2026-07-15T17:50:15.108608,device_B,SPOOFING,CRITICAL,Disagrees with nav_unit by 23.0 m (threshold 15 m); Disagrees with reference by 22.6 m (threshold 15 m)
2026-07-15T17:50:15.217676,nav_unit,SPOOFING,CRITICAL,Disagrees with device_B by 19.7 m (threshold 15 m); Disagrees with device_A by 20.2 m (threshold 15 m)
2026-07-15T17:50:15.528754,reference,SPOOFING,CRITICAL,Disagrees with device_B by 19.7 m (threshold 15 m); Disagrees with device_A by 20.2 m (threshold 15 m)
2026-07-15T17:50:16.388200,device_A,SPOOFING,CRITICAL,Disagrees with nav_unit by 22.8 m (threshold 15 m); Disagrees with reference by 22.9 m (threshold 15 m)
2026-07-15T17:50:17.373000,device_B,SPOOFING,CRITICAL,Disagrees with nav_unit by 24.0 m (threshold 15 m); Disagrees with reference by 24.1 m (threshold 15 m)
2026-07-15T17:50:17.817159,nav_unit,SPOOFING,CRITICAL,Disagrees with device_B by 20.7 m (threshold 15 m); Disagrees with device_A by 19.4 m (threshold 15 m)
2026-07-15T17:50:17.934222,reference,SPOOFING,CRITICAL,Disagrees with device_B by 21.0 m (threshold 15 m); Disagrees with device_A by 19.7 m (threshold 15 m)
2026-07-15T17:50:18.770501,device_A,SPOOFING,CRITICAL,Disagrees with nav_unit by 22.3 m (threshold 15 m); Disagrees with reference by 22.6 m (threshold 15 m)
2026-07-15T17:50:19.577575,device_B,SPOOFING,CRITICAL,Disagrees with nav_unit by 23.5 m (threshold 15 m); Disagrees with reference by 23.7 m (threshold 15 m)
2026-07-15T17:50:20.499021,nav_unit,SPOOFING,CRITICAL,Disagrees with device_B by 19.7 m (threshold 15 m); Disagrees with device_A by 18.3 m (threshold 15 m)
2026-07-15T17:50:20.634869,reference,SPOOFING,CRITICAL,Disagrees with device_B by 20.2 m (threshold 15 m); Disagrees with device_A by 18.8 m (threshold 15 m)
2026-07-15T17:50:21.027285,device_A,SPOOFING,CRITICAL,Disagrees with nav_unit by 23.4 m (threshold 15 m); Disagrees with reference by 23.8 m (threshold 15 m)
2026-07-15T17:50:21.832136,device_B,SPOOFING,CRITICAL,Disagrees with nav_unit by 23.9 m (threshold 15 m); Disagrees with reference by 24.4 m (threshold 15 m)
2026-07-15T17:50:23.136741,nav_unit,SPOOFING,CRITICAL,Disagrees with device_B by 19.9 m (threshold 15 m); Disagrees with device_A by 19.3 m (threshold 15 m)
2026-07-15T17:50:23.180482,reference,SPOOFING,CRITICAL,Disagrees with device_B by 20.3 m (threshold 15 m); Disagrees with device_A by 19.6 m (threshold 15 m)
2026-07-15T17:50:23.509982,device_A,SPOOFING,CRITICAL,Disagrees with nav_unit by 21.9 m (threshold 15 m); Disagrees with reference by 22.2 m (threshold 15 m)
2026-07-15T17:50:24.114670,device_B,SPOOFING,CRITICAL,Disagrees with nav_unit by 23.3 m (threshold 15 m); Disagrees with reference by 23.6 m (threshold 15 m)
2026-07-15T17:50:25.736158,nav_unit,SPOOFING,CRITICAL,Disagrees with device_B by 19.5 m (threshold 15 m); Disagrees with device_A by 18.0 m (threshold 15 m)
2026-07-15T17:50:25.811897,device_A,SPOOFING,CRITICAL,Disagrees with nav_unit by 22.1 m (threshold 15 m); Disagrees with reference by 25.8 m (threshold 15 m)
2026-07-15T17:50:25.862053,reference,SPOOFING,CRITICAL,Disagrees with device_B by 19.4 m (threshold 15 m); Disagrees with device_A by 21.9 m (threshold 15 m)
2026-07-15T17:50:26.375986,device_B,SPOOFING,CRITICAL,Disagrees with nav_unit by 22.1 m (threshold 15 m); Disagrees with reference by 21.9 m (threshold 15 m)
2026-07-15T17:50:28.022430,device_A,SPOOFING,CRITICAL,Disagrees with nav_unit by 24.7 m (threshold 15 m); Disagrees with reference by 24.5 m (threshold 15 m)
2026-07-15T17:50:28.197876,reference,SPOOFING,CRITICAL,Disagrees with device_B by 17.6 m (threshold 15 m); Disagrees with device_A by 20.4 m (threshold 15 m)
2026-07-15T17:50:28.232641,nav_unit,SPOOFING,CRITICAL,Disagrees with device_B by 17.9 m (threshold 15 m); Disagrees with device_A by 20.7 m (threshold 15 m)
2026-07-15T17:50:28.611840,device_B,SPOOFING,CRITICAL,Disagrees with nav_unit by 21.4 m (threshold 15 m); Disagrees with reference by 21.1 m (threshold 15 m)
2026-07-15T17:50:30.268069,device_A,SPOOFING,CRITICAL,Disagrees with nav_unit by 23.0 m (threshold 15 m); Disagrees with reference by 22.7 m (threshold 15 m)
2026-07-15T17:50:30.853678,nav_unit,SPOOFING,CRITICAL,Disagrees with device_B by 17.0 m (threshold 15 m); Disagrees with device_A by 18.8 m (threshold 15 m)
2026-07-15T17:50:30.952484,device_B,SPOOFING,CRITICAL,Disagrees with nav_unit by 20.0 m (threshold 15 m); Disagrees with reference by 23.4 m (threshold 15 m)
2026-07-15T17:50:30.964837,reference,SPOOFING,CRITICAL,Disagrees with device_B by 20.3 m (threshold 15 m); Disagrees with device_A by 19.3 m (threshold 15 m)
2026-07-15T17:50:32.542767,device_A,SPOOFING,CRITICAL,Disagrees with nav_unit by 23.1 m (threshold 15 m); Disagrees with reference by 23.3 m (threshold 15 m)
2026-07-15T17:50:33.249320,device_B,SPOOFING,CRITICAL,Disagrees with nav_unit by 24.0 m (threshold 15 m); Disagrees with reference by 24.2 m (threshold 15 m)
2026-07-15T17:50:33.343415,nav_unit,SPOOFING,CRITICAL,Disagrees with device_B by 21.0 m (threshold 15 m); Disagrees with device_A by 20.0 m (threshold 15 m)
2026-07-15T17:50:33.400508,reference,SPOOFING,CRITICAL,Disagrees with device_B by 20.3 m (threshold 15 m); Disagrees with device_A by 19.3 m (threshold 15 m)
2026-07-15T17:50:34.791736,device_A,SPOOFING,CRITICAL,Disagrees with nav_unit by 21.5 m (threshold 15 m); Disagrees with reference by 20.8 m (threshold 15 m)
2026-07-15T17:50:35.588006,device_B,SPOOFING,CRITICAL,Disagrees with nav_unit by 24.1 m (threshold 15 m); Disagrees with reference by 23.4 m (threshold 15 m)
2026-07-15T17:50:36.015687,nav_unit,SPOOFING,CRITICAL,Disagrees with device_B by 20.8 m (threshold 15 m); Disagrees with device_A by 17.9 m (threshold 15 m)
2026-07-15T17:50:36.085642,reference,SPOOFING,CRITICAL,Disagrees with device_B by 20.3 m (threshold 15 m); Disagrees with device_A by 17.4 m (threshold 15 m)
2026-07-15T17:50:36.988677,device_A,SPOOFING,CRITICAL,Disagrees with nav_unit by 21.8 m (threshold 15 m); Disagrees with reference by 21.3 m (threshold 15 m)
2026-07-15T17:50:37.794315,device_B,SPOOFING,CRITICAL,Disagrees with nav_unit by 23.2 m (threshold 15 m); Disagrees with reference by 22.6 m (threshold 15 m)
2026-07-15T17:50:39.282083,device_A,SPOOFING,CRITICAL,Disagrees with nav_unit by 25.3 m (threshold 15 m); Disagrees with reference by 24.7 m (threshold 15 m)
2026-07-15T17:50:39.785606,nav_unit,SPOOFING,CRITICAL,Disagrees with device_B by 19.9 m (threshold 15 m); Disagrees with device_A by 22.4 m (threshold 15 m)
2026-07-15T17:50:39.852571,reference,SPOOFING,CRITICAL,Disagrees with device_B by 19.0 m (threshold 15 m); Disagrees with device_A by 21.6 m (threshold 15 m)
2026-07-15T17:50:40.040276,device_B,SPOOFING,CRITICAL,Disagrees with nav_unit by 23.1 m (threshold 15 m); Disagrees with reference by 22.3 m (threshold 15 m)
2026-07-15T17:50:41.519250,device_A,SPOOFING,CRITICAL,Disagrees with nav_unit by 25.0 m (threshold 15 m); Disagrees with reference by 24.1 m (threshold 15 m)
2026-07-15T17:50:42.092759,nav_unit,SPOOFING,CRITICAL,Disagrees with device_B by 18.0 m (threshold 15 m); Disagrees with device_A by 20.4 m (threshold 15 m)
2026-07-15T17:50:42.166664,reference,SPOOFING,CRITICAL,Disagrees with device_B by 17.1 m (threshold 15 m); Disagrees with device_A by 19.5 m (threshold 15 m)
2026-07-15T17:50:42.405682,device_B,SPOOFING,CRITICAL,Disagrees with nav_unit by 22.4 m (threshold 15 m); Disagrees with reference by 21.5 m (threshold 15 m)
2026-07-15T17:50:43.967433,device_A,SPOOFING,CRITICAL,Disagrees with nav_unit by 23.7 m (threshold 15 m); Disagrees with reference by 22.9 m (threshold 15 m)
2026-07-15T17:50:44.682953,device_B,SPOOFING,CRITICAL,Disagrees with nav_unit by 25.9 m (threshold 15 m); Disagrees with reference by 25.0 m (threshold 15 m)
2026-07-15T17:50:45.249059,nav_unit,SPOOFING,CRITICAL,Disagrees with device_B by 22.5 m (threshold 15 m); Disagrees with device_A by 20.3 m (threshold 15 m)
2026-07-15T17:50:45.463216,reference,SPOOFING,CRITICAL,Disagrees with device_B by 21.8 m (threshold 15 m); Disagrees with device_A by 19.6 m (threshold 15 m)
2026-07-15T17:50:46.164161,device_A,SPOOFING,CRITICAL,Disagrees with nav_unit by 24.6 m (threshold 15 m); Disagrees with reference by 24.0 m (threshold 15 m)
2026-07-15T17:50:47.086134,device_B,SPOOFING,CRITICAL,Disagrees with nav_unit by 26.4 m (threshold 15 m); Disagrees with reference by 25.8 m (threshold 15 m)
2026-07-15T17:50:47.722278,reference,SPOOFING,CRITICAL,Disagrees with device_B by 20.9 m (threshold 15 m); Disagrees with device_A by 19.1 m (threshold 15 m)
2026-07-15T17:50:48.401107,device_A,SPOOFING,CRITICAL,Disagrees with nav_unit by 27.2 m (threshold 15 m); Disagrees with reference by 22.1 m (threshold 15 m)
2026-07-15T17:50:49.547340,device_B,SPOOFING,CRITICAL,Disagrees with nav_unit by 28.2 m (threshold 15 m); Disagrees with reference by 23.5 m (threshold 15 m)
2026-07-15T17:50:50.227728,reference,SPOOFING,CRITICAL,Disagrees with device_B by 20.4 m (threshold 15 m); Disagrees with device_A by 18.9 m (threshold 15 m)
2026-07-15T17:50:50.576102,device_A,SPOOFING,CRITICAL,Disagrees with nav_unit by 29.1 m (threshold 15 m); Disagrees with reference by 21.8 m (threshold 15 m)
2026-07-15T17:50:51.994471,device_B,SPOOFING,CRITICAL,Disagrees with nav_unit by 30.2 m (threshold 15 m); Disagrees with reference by 23.5 m (threshold 15 m)
2026-07-15T17:50:53.009319,device_A,SPOOFING,CRITICAL,Disagrees with nav_unit by 31.1 m (threshold 15 m); Disagrees with reference by 25.3 m (threshold 15 m)
2026-07-15T17:50:54.238571,device_B,SPOOFING,CRITICAL,Disagrees with nav_unit by 31.5 m (threshold 15 m); Disagrees with reference by 26.2 m (threshold 15 m)
2026-07-15T17:50:54.276791,reference,SPOOFING,CRITICAL,Disagrees with device_B by 22.2 m (threshold 15 m); Disagrees with device_A by 21.0 m (threshold 15 m); Disagrees with nav_unit by 16.8 m (threshold 15 m)
2026-07-15T17:50:55.460002,device_A,SPOOFING,CRITICAL,Disagrees with nav_unit by 31.6 m (threshold 15 m); Disagrees with reference by 23.4 m (threshold 15 m)
2026-07-15T17:50:56.486279,device_B,SPOOFING,CRITICAL,Disagrees with nav_unit by 33.8 m (threshold 15 m); Disagrees with reference by 26.0 m (threshold 15 m)
2026-07-15T17:50:57.464246,reference,SPOOFING,CRITICAL,Disagrees with device_B by 20.9 m (threshold 15 m); Disagrees with device_A by 18.3 m (threshold 15 m); Disagrees with nav_unit by 22.7 m (threshold 15 m)
2026-07-15T17:50:57.791764,device_A,SPOOFING,CRITICAL,Disagrees with nav_unit by 33.4 m (threshold 15 m); Disagrees with reference by 22.7 m (threshold 15 m)
2026-07-15T17:50:59.085263,device_B,SPOOFING,CRITICAL,Disagrees with nav_unit by 31.9 m (threshold 15 m); Disagrees with reference by 22.9 m (threshold 15 m)
2026-07-15T17:51:00.111061,device_A,SPOOFING,CRITICAL,Disagrees with nav_unit by 32.0 m (threshold 15 m); Disagrees with reference by 24.1 m (threshold 15 m)
2026-07-15T17:51:00.797384,reference,SPOOFING,CRITICAL,Disagrees with device_B by 18.6 m (threshold 15 m); Disagrees with device_A by 20.1 m (threshold 15 m)
2026-07-15T17:51:01.023020,nav_unit,JAMMING,CRITICAL,No data received for 16s (timeout 15s)
2026-07-15T17:51:01.355243,device_B,SPOOFING,CRITICAL,Disagrees with reference by 22.1 m (threshold 15 m)
2026-07-15T17:51:02.492721,nav_unit,JAMMING,CRITICAL,No data received for 17s (timeout 15s)
2026-07-15T17:51:02.461489,device_A,SPOOFING,CRITICAL,Disagrees with reference by 23.1 m (threshold 15 m)
2026-07-15T17:51:03.655505,device_B,SPOOFING,CRITICAL,Disagrees with reference by 25.7 m (threshold 15 m)
2026-07-15T17:51:03.984994,reference,SPOOFING,CRITICAL,Disagrees with device_B by 21.5 m (threshold 15 m); Disagrees with device_A by 18.3 m (threshold 15 m)
2026-07-15T17:51:04.869601,nav_unit,JAMMING,CRITICAL,No data received for 20s (timeout 15s)
2026-07-15T17:51:04.984199,device_A,SPOOFING,CRITICAL,Disagrees with reference by 23.1 m (threshold 15 m)
2026-07-15T17:51:06.083759,device_B,SPOOFING,CRITICAL,Disagrees with reference by 24.5 m (threshold 15 m)
2026-07-15T17:51:06.325088,reference,SPOOFING,CRITICAL,Disagrees with device_B by 20.9 m (threshold 15 m); Disagrees with device_A by 19.4 m (threshold 15 m)
2026-07-15T17:51:06.484663,nav_unit,JAMMING,CRITICAL,No data received for 21s (timeout 15s)
2026-07-15T17:51:07.324587,device_A,SPOOFING,CRITICAL,Disagrees with reference by 23.5 m (threshold 15 m)
2026-07-15T17:51:08.367731,device_B,SPOOFING,CRITICAL,Disagrees with reference by 23.8 m (threshold 15 m)
2026-07-15T17:51:08.483856,nav_unit,JAMMING,CRITICAL,No data received for 23s (timeout 15s)
2026-07-15T17:51:08.658543,nav_unit,SPOOFING,CRITICAL,Disagrees with device_B by 21.2 m (threshold 15 m); Disagrees with device_A by 20.8 m (threshold 15 m)
2026-07-15T17:51:08.924108,reference,SPOOFING,CRITICAL,Disagrees with device_B by 20.7 m (threshold 15 m); Disagrees with device_A by 20.3 m (threshold 15 m)
2026-07-15T17:51:09.543786,device_A,SPOOFING,CRITICAL,Disagrees with nav_unit by 23.2 m (threshold 15 m); Disagrees with reference by 22.7 m (threshold 15 m)
2026-07-15T17:51:10.734773,device_B,SPOOFING,CRITICAL,Disagrees with nav_unit by 24.4 m (threshold 15 m); Disagrees with reference by 24.0 m (threshold 15 m)
2026-07-15T17:51:11.381928,nav_unit,SPOOFING,CRITICAL,Disagrees with device_B by 20.3 m (threshold 15 m); Disagrees with device_A by 18.6 m (threshold 15 m)
2026-07-15T17:51:11.544156,reference,SPOOFING,CRITICAL,Disagrees with device_B by 20.1 m (threshold 15 m); Disagrees with device_A by 18.4 m (threshold 15 m)
2026-07-15T17:51:11.795778,device_A,SPOOFING,CRITICAL,Disagrees with nav_unit by 23.1 m (threshold 15 m); Disagrees with reference by 22.9 m (threshold 15 m)
2026-07-15T17:51:13.178928,device_B,SPOOFING,CRITICAL,Disagrees with nav_unit by 24.2 m (threshold 15 m); Disagrees with reference by 24.1 m (threshold 15 m)
2026-07-15T17:51:14.102420,device_A,SPOOFING,CRITICAL,Disagrees with nav_unit by 26.6 m (threshold 15 m); Disagrees with reference by 26.4 m (threshold 15 m)
2026-07-15T17:51:14.254077,reference,SPOOFING,CRITICAL,Disagrees with device_B by 20.8 m (threshold 15 m); Disagrees with device_A by 23.1 m (threshold 15 m)
2026-07-15T17:51:14.350566,nav_unit,SPOOFING,CRITICAL,Disagrees with device_B by 20.4 m (threshold 15 m); Disagrees with device_A by 22.8 m (threshold 15 m)
2026-07-15T17:51:15.462863,device_B,SPOOFING,CRITICAL,Disagrees with nav_unit by 23.9 m (threshold 15 m); Disagrees with reference by 24.3 m (threshold 15 m)
2026-07-15T17:51:16.458328,device_A,SPOOFING,CRITICAL,Disagrees with nav_unit by 25.7 m (threshold 15 m); Disagrees with reference by 26.0 m (threshold 15 m)
2026-07-15T17:51:16.769844,nav_unit,SPOOFING,CRITICAL,Disagrees with device_B by 19.2 m (threshold 15 m); Disagrees with device_A by 21.1 m (threshold 15 m)
2026-07-15T17:51:16.816467,reference,SPOOFING,CRITICAL,Disagrees with device_B by 19.5 m (threshold 15 m); Disagrees with device_A by 21.4 m (threshold 15 m)
2026-07-15T17:51:17.980103,device_B,SPOOFING,CRITICAL,Disagrees with nav_unit by 22.8 m (threshold 15 m); Disagrees with reference by 23.0 m (threshold 15 m)
2026-07-15T17:51:19.035839,device_A,SPOOFING,CRITICAL,Disagrees with nav_unit by 24.4 m (threshold 15 m); Disagrees with reference by 24.6 m (threshold 15 m)
2026-07-15T17:51:19.705557,nav_unit,SPOOFING,CRITICAL,Disagrees with device_B by 19.0 m (threshold 15 m); Disagrees with device_A by 20.6 m (threshold 15 m)
2026-07-15T17:51:19.771289,reference,SPOOFING,CRITICAL,Disagrees with device_B by 18.4 m (threshold 15 m); Disagrees with device_A by 20.0 m (threshold 15 m)
2026-07-15T17:51:20.257860,device_B,SPOOFING,CRITICAL,Disagrees with nav_unit by 22.5 m (threshold 15 m); Disagrees with reference by 21.9 m (threshold 15 m)
2026-07-15T17:51:21.408044,device_A,SPOOFING,CRITICAL,Disagrees with nav_unit by 24.0 m (threshold 15 m); Disagrees with reference by 23.4 m (threshold 15 m)
2026-07-15T17:51:21.919022,nav_unit,SPOOFING,CRITICAL,Disagrees with device_B by 18.6 m (threshold 15 m); Disagrees with device_A by 19.9 m (threshold 15 m)
2026-07-15T17:51:22.578929,reference,SPOOFING,CRITICAL,Disagrees with device_B by 17.9 m (threshold 15 m); Disagrees with device_A by 19.2 m (threshold 15 m)
2026-07-15T17:51:22.731935,device_B,SPOOFING,CRITICAL,Disagrees with nav_unit by 21.1 m (threshold 15 m); Disagrees with reference by 20.3 m (threshold 15 m)
2026-07-15T17:51:23.805994,device_A,SPOOFING,CRITICAL,Disagrees with nav_unit by 23.2 m (threshold 15 m); Disagrees with reference by 22.4 m (threshold 15 m)
2026-07-15T17:51:24.909289,nav_unit,SPOOFING,CRITICAL,Disagrees with device_B by 17.4 m (threshold 15 m); Disagrees with device_A by 19.6 m (threshold 15 m)
2026-07-15T17:51:25.117568,device_B,SPOOFING,CRITICAL,Disagrees with nav_unit by 22.2 m (threshold 15 m); Disagrees with reference by 24.5 m (threshold 15 m)
2026-07-15T17:51:25.159289,reference,SPOOFING,CRITICAL,Disagrees with device_B by 21.0 m (threshold 15 m); Disagrees with device_A by 18.4 m (threshold 15 m)
2026-07-15T17:51:26.076298,device_A,SPOOFING,CRITICAL,Disagrees with nav_unit by 22.1 m (threshold 15 m); Disagrees with reference by 20.9 m (threshold 15 m)
2026-07-15T17:51:27.492159,nav_unit,SPOOFING,CRITICAL,Disagrees with device_B by 18.2 m (threshold 15 m); Disagrees with device_A by 18.0 m (threshold 15 m)
2026-07-15T17:51:27.549291,device_B,SPOOFING,CRITICAL,Disagrees with nav_unit by 20.6 m (threshold 15 m); Disagrees with reference by 23.1 m (threshold 15 m)
2026-07-15T17:51:27.612455,reference,SPOOFING,CRITICAL,Disagrees with device_B by 19.8 m (threshold 15 m); Disagrees with device_A by 17.3 m (threshold 15 m)
2026-07-15T17:51:28.639638,device_A,SPOOFING,CRITICAL,Disagrees with nav_unit by 21.7 m (threshold 15 m); Disagrees with reference by 20.9 m (threshold 15 m)
2026-07-15T17:51:29.796584,device_B,SPOOFING,CRITICAL,Disagrees with nav_unit by 24.3 m (threshold 15 m); Disagrees with reference by 23.5 m (threshold 15 m)
2026-07-15T17:51:30.146830,reference,SPOOFING,CRITICAL,Disagrees with device_B by 20.2 m (threshold 15 m); Disagrees with device_A by 17.4 m (threshold 15 m)
2026-07-15T17:51:30.182066,nav_unit,SPOOFING,CRITICAL,Disagrees with device_B by 20.8 m (threshold 15 m); Disagrees with device_A by 18.0 m (threshold 15 m)
2026-07-15T17:51:31.046722,device_A,SPOOFING,CRITICAL,Disagrees with nav_unit by 21.8 m (threshold 15 m); Disagrees with reference by 21.2 m (threshold 15 m)
2026-07-15T17:51:32.018684,device_B,SPOOFING,CRITICAL,Disagrees with nav_unit by 23.9 m (threshold 15 m); Disagrees with reference by 23.3 m (threshold 15 m)
2026-07-15T17:51:33.495918,device_A,SPOOFING,CRITICAL,Disagrees with nav_unit by 24.7 m (threshold 15 m); Disagrees with reference by 24.1 m (threshold 15 m)
2026-07-15T17:51:34.396038,device_B,SPOOFING,CRITICAL,Disagrees with nav_unit by 27.3 m (threshold 15 m); Disagrees with reference by 26.7 m (threshold 15 m)
2026-07-15T17:51:34.466221,reference,SPOOFING,CRITICAL,Disagrees with device_B by 23.9 m (threshold 15 m); Disagrees with device_A by 21.1 m (threshold 15 m)
2026-07-15T17:51:34.595553,nav_unit,SPOOFING,CRITICAL,Disagrees with device_B by 24.5 m (threshold 15 m); Disagrees with device_A by 21.7 m (threshold 15 m)
2026-07-15T17:51:35.826621,device_A,SPOOFING,CRITICAL,Disagrees with nav_unit by 26.0 m (threshold 15 m); Disagrees with reference by 25.4 m (threshold 15 m)
2026-07-15T17:51:36.781263,device_B,SPOOFING,CRITICAL,Disagrees with nav_unit by 26.9 m (threshold 15 m); Disagrees with reference by 26.3 m (threshold 15 m)
2026-07-15T17:51:37.027727,nav_unit,SPOOFING,CRITICAL,Disagrees with device_B by 21.3 m (threshold 15 m); Disagrees with device_A by 20.4 m (threshold 15 m)
2026-07-15T17:51:37.073604,reference,SPOOFING,CRITICAL,Disagrees with device_B by 20.8 m (threshold 15 m); Disagrees with device_A by 19.9 m (threshold 15 m)
2026-07-15T17:51:38.075485,device_A,SPOOFING,CRITICAL,Disagrees with nav_unit by 23.3 m (threshold 15 m); Disagrees with reference by 22.8 m (threshold 15 m)
2026-07-15T17:51:39.034968,device_B,SPOOFING,CRITICAL,Disagrees with nav_unit by 25.3 m (threshold 15 m); Disagrees with reference by 24.8 m (threshold 15 m)
2026-07-15T17:51:39.290241,reference,SPOOFING,CRITICAL,Disagrees with device_B by 21.2 m (threshold 15 m); Disagrees with device_A by 19.1 m (threshold 15 m)
2026-07-15T17:51:39.335497,nav_unit,SPOOFING,CRITICAL,Disagrees with device_B by 21.7 m (threshold 15 m); Disagrees with device_A by 19.5 m (threshold 15 m)
2026-07-15T17:51:40.232579,device_A,SPOOFING,CRITICAL,Disagrees with nav_unit by 22.2 m (threshold 15 m); Disagrees with reference by 21.8 m (threshold 15 m)
2026-07-15T17:51:41.327977,device_B,SPOOFING,CRITICAL,Disagrees with nav_unit by 25.7 m (threshold 15 m); Disagrees with reference by 25.3 m (threshold 15 m)
2026-07-15T17:51:41.644032,nav_unit,SPOOFING,CRITICAL,Disagrees with device_B by 22.2 m (threshold 15 m); Disagrees with device_A by 18.6 m (threshold 15 m)
2026-07-15T17:51:41.787678,reference,SPOOFING,CRITICAL,Disagrees with device_B by 21.9 m (threshold 15 m); Disagrees with device_A by 18.3 m (threshold 15 m)
2026-07-15T17:51:42.622011,device_A,SPOOFING,CRITICAL,Disagrees with nav_unit by 23.6 m (threshold 15 m); Disagrees with reference by 23.3 m (threshold 15 m)
2026-07-15T17:51:43.700172,device_B,SPOOFING,CRITICAL,Disagrees with nav_unit by 24.0 m (threshold 15 m); Disagrees with reference by 23.8 m (threshold 15 m)
2026-07-15T17:51:44.322808,nav_unit,SPOOFING,CRITICAL,Disagrees with device_B by 20.2 m (threshold 15 m); Disagrees with device_A by 19.6 m (threshold 15 m)
2026-07-15T17:51:44.396482,reference,SPOOFING,CRITICAL,Disagrees with device_B by 20.1 m (threshold 15 m); Disagrees with device_A by 19.4 m (threshold 15 m)
2026-07-15T17:51:44.993782,device_A,SPOOFING,CRITICAL,Disagrees with nav_unit by 22.7 m (threshold 15 m); Disagrees with reference by 22.6 m (threshold 15 m)
2026-07-15T17:51:46.236812,device_B,SPOOFING,CRITICAL,Disagrees with nav_unit by 23.3 m (threshold 15 m); Disagrees with reference by 23.2 m (threshold 15 m)
2026-07-15T17:51:46.385305,reference,SPOOFING,CRITICAL,Disagrees with device_B by 19.3 m (threshold 15 m); Disagrees with device_A by 18.5 m (threshold 15 m)
2026-07-15T17:51:46.455406,nav_unit,SPOOFING,CRITICAL,Disagrees with device_B by 19.4 m (threshold 15 m); Disagrees with device_A by 18.7 m (threshold 15 m)
2026-07-15T17:51:47.529386,device_A,SPOOFING,CRITICAL,Disagrees with nav_unit by 22.3 m (threshold 15 m); Disagrees with reference by 22.3 m (threshold 15 m)
2026-07-15T17:51:48.545434,device_B,SPOOFING,CRITICAL,Disagrees with nav_unit by 22.7 m (threshold 15 m); Disagrees with reference by 22.7 m (threshold 15 m)
2026-07-15T17:51:49.624000,nav_unit,SPOOFING,CRITICAL,Disagrees with device_B by 19.5 m (threshold 15 m); Disagrees with device_A by 19.1 m (threshold 15 m)
2026-07-15T17:51:49.766133,reference,SPOOFING,CRITICAL,Disagrees with device_B by 19.7 m (threshold 15 m); Disagrees with device_A by 19.2 m (threshold 15 m)
2026-07-15T17:51:49.802566,device_A,SPOOFING,CRITICAL,Disagrees with nav_unit by 20.8 m (threshold 15 m); Disagrees with reference by 21.0 m (threshold 15 m)
2026-07-15T17:51:50.871850,device_B,SPOOFING,CRITICAL,Disagrees with nav_unit by 22.0 m (threshold 15 m); Disagrees with reference by 22.2 m (threshold 15 m)
2026-07-15T17:51:52.029049,nav_unit,SPOOFING,CRITICAL,Disagrees with device_B by 17.3 m (threshold 15 m); Disagrees with device_A by 16.0 m (threshold 15 m)
2026-07-15T17:51:52.245030,reference,SPOOFING,CRITICAL,Disagrees with device_B by 17.4 m (threshold 15 m); Disagrees with device_A by 16.0 m (threshold 15 m)
2026-07-15T17:51:52.407984,device_A,SPOOFING,CRITICAL,Disagrees with nav_unit by 20.6 m (threshold 15 m); Disagrees with reference by 20.7 m (threshold 15 m)
2026-07-15T17:51:53.183763,device_B,SPOOFING,CRITICAL,Disagrees with nav_unit by 20.6 m (threshold 15 m); Disagrees with reference by 20.8 m (threshold 15 m)
2026-07-15T17:51:54.975330,reference,SPOOFING,CRITICAL,Disagrees with device_B by 17.6 m (threshold 15 m); Disagrees with device_A by 17.6 m (threshold 15 m)
2026-07-15T17:51:55.079234,nav_unit,SPOOFING,CRITICAL,Disagrees with device_B by 17.5 m (threshold 15 m); Disagrees with device_A by 17.4 m (threshold 15 m)
2026-07-15T17:51:55.101935,device_A,SPOOFING,CRITICAL,Disagrees with nav_unit by 21.0 m (threshold 15 m); Disagrees with reference by 21.3 m (threshold 15 m)
2026-07-15T17:51:55.591942,device_B,SPOOFING,CRITICAL,Disagrees with nav_unit by 20.9 m (threshold 15 m); Disagrees with reference by 21.1 m (threshold 15 m)
2026-07-15T17:51:57.413290,device_A,SPOOFING,CRITICAL,Disagrees with nav_unit by 25.1 m (threshold 15 m); Disagrees with reference by 25.4 m (threshold 15 m)
2026-07-15T17:51:57.610054,nav_unit,SPOOFING,CRITICAL,Disagrees with device_B by 16.2 m (threshold 15 m); Disagrees with device_A by 21.0 m (threshold 15 m)
2026-07-15T17:51:57.755659,reference,SPOOFING,CRITICAL,Disagrees with device_B by 17.1 m (threshold 15 m); Disagrees with device_A by 21.9 m (threshold 15 m)
2026-07-15T17:51:57.854560,device_B,SPOOFING,CRITICAL,Disagrees with nav_unit by 20.8 m (threshold 15 m); Disagrees with reference by 21.7 m (threshold 15 m)
2026-07-15T17:51:59.816994,device_A,SPOOFING,CRITICAL,Disagrees with nav_unit by 24.4 m (threshold 15 m); Disagrees with reference by 25.3 m (threshold 15 m)
2026-07-15T17:52:00.185964,device_B,SPOOFING,CRITICAL,Disagrees with nav_unit by 24.2 m (threshold 15 m); Disagrees with reference by 25.1 m (threshold 15 m)
2026-07-15T17:52:00.288821,reference,SPOOFING,CRITICAL,Disagrees with device_B by 21.8 m (threshold 15 m); Disagrees with device_A by 21.9 m (threshold 15 m)
2026-07-15T17:52:00.311620,nav_unit,SPOOFING,CRITICAL,Disagrees with device_B by 21.2 m (threshold 15 m); Disagrees with device_A by 21.3 m (threshold 15 m)
2026-07-15T17:52:02.045122,device_A,SPOOFING,CRITICAL,Disagrees with nav_unit by 24.4 m (threshold 15 m); Disagrees with reference by 25.0 m (threshold 15 m)
2026-07-15T17:52:02.434296,device_B,SPOOFING,CRITICAL,Disagrees with nav_unit by 23.6 m (threshold 15 m); Disagrees with reference by 24.2 m (threshold 15 m)
2026-07-15T17:52:02.710115,reference,SPOOFING,CRITICAL,Disagrees with device_B by 20.6 m (threshold 15 m); Disagrees with device_A by 21.3 m (threshold 15 m)
2026-07-15T17:52:02.751590,nav_unit,SPOOFING,CRITICAL,Disagrees with device_B by 20.1 m (threshold 15 m); Disagrees with device_A by 20.8 m (threshold 15 m)
2026-07-15T17:52:04.347872,device_A,SPOOFING,CRITICAL,Disagrees with nav_unit by 24.7 m (threshold 15 m); Disagrees with reference by 25.2 m (threshold 15 m)
2026-07-15T17:52:04.728050,device_B,SPOOFING,CRITICAL,Disagrees with nav_unit by 24.4 m (threshold 15 m); Disagrees with reference by 24.9 m (threshold 15 m)
2026-07-15T17:52:05.821793,nav_unit,SPOOFING,CRITICAL,Disagrees with device_B by 20.9 m (threshold 15 m); Disagrees with device_A by 21.1 m (threshold 15 m)
2026-07-15T17:52:05.888789,reference,SPOOFING,CRITICAL,Disagrees with device_B by 21.7 m (threshold 15 m); Disagrees with device_A by 21.9 m (threshold 15 m)
2026-07-15T17:52:06.595900,device_A,SPOOFING,CRITICAL,Disagrees with nav_unit by 23.3 m (threshold 15 m); Disagrees with reference by 24.1 m (threshold 15 m)
2026-07-15T17:52:06.894874,device_B,SPOOFING,CRITICAL,Disagrees with nav_unit by 24.2 m (threshold 15 m); Disagrees with reference by 24.9 m (threshold 15 m)
2026-07-15T17:52:08.412890,reference,SPOOFING,CRITICAL,Disagrees with device_B by 19.6 m (threshold 15 m); Disagrees with device_A by 18.6 m (threshold 15 m)
2026-07-15T17:52:08.593852,nav_unit,SPOOFING,CRITICAL,Disagrees with device_B by 19.3 m (threshold 15 m); Disagrees with device_A by 18.3 m (threshold 15 m)
2026-07-15T17:52:08.829081,device_A,SPOOFING,CRITICAL,Disagrees with nav_unit by 21.5 m (threshold 15 m); Disagrees with reference by 21.8 m (threshold 15 m)
2026-07-15T17:52:09.095686,device_B,SPOOFING,CRITICAL,Disagrees with nav_unit by 21.6 m (threshold 15 m); Disagrees with reference by 21.8 m (threshold 15 m)
2026-07-15T17:52:10.812175,reference,SPOOFING,CRITICAL,Disagrees with device_B by 18.1 m (threshold 15 m); Disagrees with device_A by 17.9 m (threshold 15 m)
2026-07-15T17:52:10.957942,nav_unit,SPOOFING,CRITICAL,Disagrees with device_B by 17.7 m (threshold 15 m); Disagrees with device_A by 17.4 m (threshold 15 m)
2026-07-15T17:52:11.084024,device_A,SPOOFING,CRITICAL,Disagrees with nav_unit by 21.7 m (threshold 15 m); Disagrees with reference by 22.1 m (threshold 15 m)
2026-07-15T17:52:11.339838,device_B,SPOOFING,CRITICAL,Disagrees with nav_unit by 20.7 m (threshold 15 m); Disagrees with reference by 21.0 m (threshold 15 m)
2026-07-15T17:52:13.089136,nav_unit,SPOOFING,CRITICAL,Disagrees with device_B by 17.2 m (threshold 15 m); Disagrees with device_A by 18.0 m (threshold 15 m)
2026-07-15T17:52:13.177069,reference,SPOOFING,CRITICAL,Disagrees with device_B by 17.4 m (threshold 15 m); Disagrees with device_A by 18.3 m (threshold 15 m)
2026-07-15T17:52:13.285591,device_A,SPOOFING,CRITICAL,Disagrees with nav_unit by 20.4 m (threshold 15 m); Disagrees with reference by 20.5 m (threshold 15 m)
2026-07-15T17:52:13.549228,device_B,SPOOFING,CRITICAL,Disagrees with nav_unit by 20.7 m (threshold 15 m); Disagrees with reference by 20.8 m (threshold 15 m)
2026-07-15T17:52:15.344557,reference,SPOOFING,CRITICAL,Disagrees with device_B by 17.1 m (threshold 15 m); Disagrees with device_A by 16.7 m (threshold 15 m)
2026-07-15T17:52:15.506147,nav_unit,SPOOFING,CRITICAL,Disagrees with device_B by 17.3 m (threshold 15 m); Disagrees with device_A by 16.8 m (threshold 15 m)
2026-07-15T17:52:15.651359,device_A,SPOOFING,CRITICAL,Disagrees with nav_unit by 20.2 m (threshold 15 m); Disagrees with reference by 20.0 m (threshold 15 m)
2026-07-15T17:52:15.745092,device_B,SPOOFING,CRITICAL,Disagrees with nav_unit by 20.8 m (threshold 15 m); Disagrees with reference by 20.6 m (threshold 15 m)
2026-07-15T17:52:17.745464,nav_unit,SPOOFING,CRITICAL,Disagrees with device_B by 17.2 m (threshold 15 m); Disagrees with device_A by 16.4 m (threshold 15 m)
2026-07-15T17:52:17.777666,reference,SPOOFING,CRITICAL,Disagrees with device_B by 17.1 m (threshold 15 m); Disagrees with device_A by 16.4 m (threshold 15 m)
2026-07-15T17:52:18.034722,device_A,SPOOFING,CRITICAL,Disagrees with nav_unit by 20.4 m (threshold 15 m); Disagrees with reference by 20.3 m (threshold 15 m)
2026-07-15T17:52:18.084919,device_B,SPOOFING,CRITICAL,Disagrees with nav_unit by 21.1 m (threshold 15 m); Disagrees with reference by 21.0 m (threshold 15 m)
2026-07-15T17:52:20.300651,device_A,SPOOFING,CRITICAL,Disagrees with nav_unit by 22.7 m (threshold 15 m); Disagrees with reference by 22.4 m (threshold 15 m)
2026-07-15T17:52:20.386593,device_B,SPOOFING,CRITICAL,Disagrees with nav_unit by 24.1 m (threshold 15 m); Disagrees with reference by 23.8 m (threshold 15 m)
2026-07-15T17:52:20.552850,nav_unit,SPOOFING,CRITICAL,Disagrees with device_B by 21.6 m (threshold 15 m); Disagrees with device_A by 20.2 m (threshold 15 m)
2026-07-15T17:52:20.605651,reference,SPOOFING,CRITICAL,Disagrees with device_B by 21.1 m (threshold 15 m); Disagrees with device_A by 19.6 m (threshold 15 m)
2026-07-15T17:52:22.563614,device_A,SPOOFING,CRITICAL,Disagrees with nav_unit by 24.1 m (threshold 15 m); Disagrees with reference by 23.5 m (threshold 15 m)
2026-07-15T17:52:22.638845,device_B,SPOOFING,CRITICAL,Disagrees with nav_unit by 24.2 m (threshold 15 m); Disagrees with reference by 23.6 m (threshold 15 m)
2026-07-15T17:52:23.279350,nav_unit,SPOOFING,CRITICAL,Disagrees with device_B by 20.5 m (threshold 15 m); Disagrees with device_A by 20.4 m (threshold 15 m)
2026-07-15T17:52:23.316488,reference,SPOOFING,CRITICAL,Disagrees with device_B by 20.0 m (threshold 15 m); Disagrees with device_A by 19.8 m (threshold 15 m)
2026-07-15T17:52:24.739739,device_A,SPOOFING,CRITICAL,Disagrees with nav_unit by 23.1 m (threshold 15 m); Disagrees with reference by 22.5 m (threshold 15 m)
2026-07-15T17:52:24.813071,device_B,SPOOFING,CRITICAL,Disagrees with nav_unit by 23.7 m (threshold 15 m); Disagrees with reference by 23.1 m (threshold 15 m)
2026-07-15T17:52:25.957323,reference,SPOOFING,CRITICAL,Disagrees with device_B by 19.5 m (threshold 15 m); Disagrees with device_A by 18.9 m (threshold 15 m)
2026-07-15T17:52:26.012679,nav_unit,SPOOFING,CRITICAL,Disagrees with device_B by 20.1 m (threshold 15 m); Disagrees with device_A by 19.5 m (threshold 15 m)
2026-07-15T17:52:26.847869,device_A,SPOOFING,CRITICAL,Disagrees with nav_unit by 22.7 m (threshold 15 m); Disagrees with reference by 22.1 m (threshold 15 m)
2026-07-15T17:52:26.944155,device_B,SPOOFING,CRITICAL,Disagrees with nav_unit by 23.7 m (threshold 15 m); Disagrees with reference by 23.1 m (threshold 15 m)
2026-07-15T17:52:27.685625,reference,SPOOFING,CRITICAL,Disagrees with device_B by 19.7 m (threshold 15 m); Disagrees with device_A by 18.6 m (threshold 15 m)
2026-07-15T17:52:28.542202,nav_unit,SPOOFING,CRITICAL,Disagrees with device_B by 20.0 m (threshold 15 m); Disagrees with device_A by 19.0 m (threshold 15 m)
2026-07-15T17:52:28.875862,device_A,SPOOFING,CRITICAL,Disagrees with nav_unit by 22.7 m (threshold 15 m); Disagrees with reference by 22.4 m (threshold 15 m)
2026-07-15T17:52:28.967975,device_B,SPOOFING,CRITICAL,Disagrees with nav_unit by 23.9 m (threshold 15 m); Disagrees with reference by 23.6 m (threshold 15 m)
2026-07-15T17:52:29.865040,reference,SPOOFING,CRITICAL,Disagrees with device_B by 21.0 m (threshold 15 m); Disagrees with device_A by 19.8 m (threshold 15 m)
2026-07-15T17:52:30.640242,nav_unit,SPOOFING,CRITICAL,Disagrees with device_B by 20.3 m (threshold 15 m); Disagrees with device_A by 19.0 m (threshold 15 m)
2026-07-15T17:52:30.902909,device_A,SPOOFING,CRITICAL,Disagrees with nav_unit by 21.4 m (threshold 15 m); Disagrees with reference by 22.1 m (threshold 15 m)
2026-07-15T17:52:30.984013,device_B,SPOOFING,CRITICAL,Disagrees with nav_unit by 23.6 m (threshold 15 m); Disagrees with reference by 24.4 m (threshold 15 m)
2026-07-15T17:52:32.013281,reference,SPOOFING,CRITICAL,Disagrees with device_B by 21.2 m (threshold 15 m); Disagrees with device_A by 19.1 m (threshold 15 m)
2026-07-15T17:52:32.572024,nav_unit,SPOOFING,CRITICAL,Disagrees with device_B by 20.3 m (threshold 15 m); Disagrees with device_A by 18.2 m (threshold 15 m)
2026-07-15T17:52:33.009288,device_A,SPOOFING,CRITICAL,Disagrees with nav_unit by 23.0 m (threshold 15 m); Disagrees with reference by 23.7 m (threshold 15 m)
2026-07-15T17:52:33.120719,device_B,SPOOFING,CRITICAL,Disagrees with nav_unit by 23.2 m (threshold 15 m); Disagrees with reference by 24.0 m (threshold 15 m)
2026-07-15T17:52:34.489347,reference,SPOOFING,CRITICAL,Disagrees with device_B by 20.5 m (threshold 15 m); Disagrees with device_A by 20.4 m (threshold 15 m)
2026-07-15T17:52:34.998155,nav_unit,SPOOFING,CRITICAL,Disagrees with device_B by 19.6 m (threshold 15 m); Disagrees with device_A by 19.6 m (threshold 15 m)
2026-07-15T17:52:35.401659,device_A,SPOOFING,CRITICAL,Disagrees with nav_unit by 22.2 m (threshold 15 m); Disagrees with reference by 23.0 m (threshold 15 m)
2026-07-15T17:52:35.626878,device_B,SPOOFING,CRITICAL,Disagrees with nav_unit by 21.6 m (threshold 15 m); Disagrees with reference by 22.5 m (threshold 15 m)
2026-07-15T17:52:37.188346,reference,SPOOFING,CRITICAL,Disagrees with device_B by 18.5 m (threshold 15 m); Disagrees with device_A by 19.1 m (threshold 15 m)
2026-07-15T17:52:37.694632,nav_unit,SPOOFING,CRITICAL,Disagrees with device_B by 17.3 m (threshold 15 m); Disagrees with device_A by 18.0 m (threshold 15 m)
2026-07-15T17:52:38.250665,device_A,SPOOFING,CRITICAL,Disagrees with nav_unit by 22.0 m (threshold 15 m); Disagrees with reference by 23.1 m (threshold 15 m)
2026-07-15T17:52:38.302440,device_B,SPOOFING,CRITICAL,Disagrees with nav_unit by 21.8 m (threshold 15 m); Disagrees with reference by 22.9 m (threshold 15 m)
2026-07-15T17:52:39.826131,reference,SPOOFING,CRITICAL,Disagrees with device_B by 18.5 m (threshold 15 m); Disagrees with device_A by 18.8 m (threshold 15 m)
2026-07-15T17:52:39.864857,nav_unit,SPOOFING,CRITICAL,Disagrees with device_B by 17.8 m (threshold 15 m); Disagrees with device_A by 18.1 m (threshold 15 m)
2026-07-15T17:52:40.553938,device_B,SPOOFING,CRITICAL,Disagrees with nav_unit by 21.5 m (threshold 15 m); Disagrees with reference by 22.2 m (threshold 15 m)
2026-07-15T17:52:40.602101,device_A,SPOOFING,CRITICAL,Disagrees with nav_unit by 20.7 m (threshold 15 m); Disagrees with reference by 21.4 m (threshold 15 m)
2026-07-15T17:52:42.466807,nav_unit,SPOOFING,CRITICAL,Disagrees with device_B by 17.8 m (threshold 15 m); Disagrees with device_A by 17.2 m (threshold 15 m)
2026-07-15T17:52:42.521409,reference,SPOOFING,CRITICAL,Disagrees with device_B by 18.0 m (threshold 15 m); Disagrees with device_A by 17.4 m (threshold 15 m)
2026-07-15T17:52:42.736818,device_B,SPOOFING,CRITICAL,Disagrees with nav_unit by 20.9 m (threshold 15 m); Disagrees with reference by 21.2 m (threshold 15 m)
2026-07-15T17:52:42.924462,device_A,SPOOFING,CRITICAL,Disagrees with nav_unit by 21.0 m (threshold 15 m); Disagrees with reference by 21.3 m (threshold 15 m)
2026-07-15T17:52:45.171676,device_B,SPOOFING,CRITICAL,Disagrees with nav_unit by 22.9 m (threshold 15 m); Disagrees with reference by 23.3 m (threshold 15 m)
2026-07-15T17:52:45.341823,device_A,SPOOFING,CRITICAL,Disagrees with nav_unit by 24.3 m (threshold 15 m); Disagrees with reference by 24.7 m (threshold 15 m)
2026-07-15T17:52:45.460650,nav_unit,SPOOFING,CRITICAL,Disagrees with device_B by 19.4 m (threshold 15 m); Disagrees with device_A by 20.8 m (threshold 15 m)
2026-07-15T17:52:45.673348,reference,SPOOFING,CRITICAL,Disagrees with device_B by 19.9 m (threshold 15 m); Disagrees with device_A by 21.3 m (threshold 15 m)
2026-07-15T17:52:47.482215,device_B,SPOOFING,CRITICAL,Disagrees with nav_unit by 22.2 m (threshold 15 m); Disagrees with reference by 22.6 m (threshold 15 m)
2026-07-15T17:52:47.670027,device_A,SPOOFING,CRITICAL,Disagrees with nav_unit by 23.5 m (threshold 15 m); Disagrees with reference by 24.0 m (threshold 15 m)
2026-07-15T17:52:48.268076,nav_unit,SPOOFING,CRITICAL,Disagrees with device_B by 18.1 m (threshold 15 m); Disagrees with device_A by 19.5 m (threshold 15 m)
2026-07-15T17:52:48.355365,reference,SPOOFING,CRITICAL,Disagrees with device_B by 18.7 m (threshold 15 m); Disagrees with device_A by 20.0 m (threshold 15 m)
2026-07-15T17:52:49.796110,device_B,SPOOFING,CRITICAL,Disagrees with nav_unit by 22.7 m (threshold 15 m); Disagrees with reference by 23.3 m (threshold 15 m)
2026-07-15T17:52:49.858788,device_A,SPOOFING,CRITICAL,Disagrees with nav_unit by 23.9 m (threshold 15 m); Disagrees with reference by 24.5 m (threshold 15 m)
2026-07-15T17:52:52.006339,device_B,SPOOFING,CRITICAL,Disagrees with nav_unit by 25.6 m (threshold 15 m); Disagrees with reference by 26.2 m (threshold 15 m)
2026-07-15T17:52:52.096930,device_A,SPOOFING,CRITICAL,Disagrees with nav_unit by 26.3 m (threshold 15 m); Disagrees with reference by 26.9 m (threshold 15 m)
2026-07-15T17:52:54.215574,device_B,SPOOFING,CRITICAL,Disagrees with nav_unit by 28.4 m (threshold 15 m); Disagrees with reference by 29.0 m (threshold 15 m)
2026-07-15T17:52:54.376265,device_A,SPOOFING,CRITICAL,Disagrees with nav_unit by 28.3 m (threshold 15 m); Disagrees with reference by 28.9 m (threshold 15 m)
2026-07-15T17:52:56.421583,device_B,SPOOFING,CRITICAL,Disagrees with nav_unit by 30.5 m (threshold 15 m); Disagrees with reference by 31.1 m (threshold 15 m)
2026-07-15T17:52:56.686012,device_A,SPOOFING,CRITICAL,Disagrees with nav_unit by 29.9 m (threshold 15 m); Disagrees with reference by 30.5 m (threshold 15 m)
2026-07-15T17:52:58.600476,device_B,SPOOFING,CRITICAL,Disagrees with nav_unit by 31.8 m (threshold 15 m); Disagrees with reference by 32.4 m (threshold 15 m)
2026-07-15T17:52:58.910753,device_A,SPOOFING,CRITICAL,Disagrees with nav_unit by 32.9 m (threshold 15 m); Disagrees with reference by 33.5 m (threshold 15 m)
2026-07-15T17:53:00.821846,device_B,SPOOFING,CRITICAL,Disagrees with nav_unit by 32.7 m (threshold 15 m); Disagrees with reference by 33.3 m (threshold 15 m)
2026-07-15T17:53:01.156259,device_A,SPOOFING,CRITICAL,Disagrees with nav_unit by 32.8 m (threshold 15 m); Disagrees with reference by 33.4 m (threshold 15 m)
2026-07-15T17:53:03.094231,device_B,SPOOFING,CRITICAL,Disagrees with nav_unit by 33.3 m (threshold 15 m); Disagrees with reference by 33.8 m (threshold 15 m)
2026-07-15T17:53:04.713223,nav_unit,JAMMING,CRITICAL,No data received for 17s (timeout 15s)
2026-07-15T17:53:04.773658,reference,JAMMING,CRITICAL,No data received for 16s (timeout 15s)
2026-07-15T17:53:04.839127,nav_unit,JAMMING,CRITICAL,No data received for 17s (timeout 15s)
2026-07-15T17:53:04.923332,reference,JAMMING,CRITICAL,No data received for 17s (timeout 15s)
2026-07-15T17:53:05.517599,nav_unit,JAMMING,CRITICAL,No data received for 17s (timeout 15s)
2026-07-15T17:53:05.589777,reference,JAMMING,CRITICAL,No data received for 17s (timeout 15s)
2026-07-15T17:53:06.488049,nav_unit,JAMMING,CRITICAL,No data received for 18s (timeout 15s)
2026-07-15T17:53:06.505537,reference,JAMMING,CRITICAL,No data received for 18s (timeout 15s)
2026-07-15T17:53:08.157397,nav_unit,JAMMING,CRITICAL,No data received for 20s (timeout 15s)
2026-07-15T17:53:08.204188,reference,JAMMING,CRITICAL,No data received for 20s (timeout 15s)
2026-07-15T17:53:08.479751,nav_unit,JAMMING,CRITICAL,No data received for 20s (timeout 15s)
2026-07-15T17:53:08.500703,reference,JAMMING,CRITICAL,No data received for 20s (timeout 15s)
2026-07-15T17:53:10.831475,nav_unit,JAMMING,CRITICAL,No data received for 23s (timeout 15s)
2026-07-15T17:53:10.894742,reference,JAMMING,CRITICAL,No data received for 23s (timeout 15s)
2026-07-15T17:53:12.484566,nav_unit,JAMMING,CRITICAL,No data received for 24s (timeout 15s)
2026-07-15T17:53:12.516871,reference,JAMMING,CRITICAL,No data received for 24s (timeout 15s)
2026-07-15T17:53:14.826830,nav_unit,JAMMING,CRITICAL,No data received for 27s (timeout 15s)
2026-07-15T17:53:14.881510,reference,JAMMING,CRITICAL,No data received for 27s (timeout 15s)
2026-07-15T17:53:16.051184,nav_unit,JAMMING,CRITICAL,No data received for 28s (timeout 15s)
2026-07-15T17:53:16.119634,reference,JAMMING,CRITICAL,No data received for 28s (timeout 15s)
2026-07-15T17:53:16.351721,nav_unit,JAMMING,CRITICAL,No data received for 28s (timeout 15s)
2026-07-15T17:53:16.404895,reference,JAMMING,CRITICAL,No data received for 28s (timeout 15s)
2026-07-15T17:53:16.517826,nav_unit,JAMMING,CRITICAL,No data received for 28s (timeout 15s)
2026-07-15T17:53:16.545255,reference,JAMMING,CRITICAL,No data received for 28s (timeout 15s)
2026-07-15T17:53:18.487942,nav_unit,JAMMING,CRITICAL,No data received for 30s (timeout 15s)
2026-07-15T17:53:18.539315,reference,JAMMING,CRITICAL,No data received for 30s (timeout 15s)
2026-07-15T17:53:20.845733,nav_unit,JAMMING,CRITICAL,No data received for 33s (timeout 15s)
2026-07-15T17:53:20.882529,reference,JAMMING,CRITICAL,No data received for 33s (timeout 15s)
2026-07-15T17:53:20.895887,nav_unit,JAMMING,CRITICAL,No data received for 33s (timeout 15s)
2026-07-15T17:53:20.950183,reference,JAMMING,CRITICAL,No data received for 33s (timeout 15s)
2026-07-15T17:53:21.472870,nav_unit,JAMMING,CRITICAL,No data received for 33s (timeout 15s)
2026-07-15T17:53:21.500468,reference,JAMMING,CRITICAL,No data received for 33s (timeout 15s)
2026-07-15T17:53:22.488837,nav_unit,JAMMING,CRITICAL,No data received for 34s (timeout 15s)
2026-07-15T17:53:22.610099,reference,JAMMING,CRITICAL,No data received for 34s (timeout 15s)
2026-07-15T17:53:24.858767,nav_unit,JAMMING,CRITICAL,No data received for 37s (timeout 15s)
2026-07-15T17:53:24.932926,reference,JAMMING,CRITICAL,No data received for 37s (timeout 15s)
2026-07-15T17:53:26.489211,nav_unit,JAMMING,CRITICAL,No data received for 38s (timeout 15s)
2026-07-15T17:53:26.510033,reference,JAMMING,CRITICAL,No data received for 38s (timeout 15s)
2026-07-15T17:53:27.222373,nav_unit,JAMMING,CRITICAL,No data received for 39s (timeout 15s)
2026-07-15T17:53:27.278518,reference,JAMMING,CRITICAL,No data received for 39s (timeout 15s)
2026-07-15T17:53:27.686654,nav_unit,JAMMING,CRITICAL,No data received for 40s (timeout 15s)
2026-07-15T17:53:27.794579,reference,JAMMING,CRITICAL,No data received for 39s (timeout 15s)
2026-07-15T17:53:28.488540,nav_unit,JAMMING,CRITICAL,No data received for 40s (timeout 15s)
2026-07-15T17:53:28.493076,reference,JAMMING,CRITICAL,No data received for 40s (timeout 15s)
2026-07-15T17:53:30.843185,nav_unit,JAMMING,CRITICAL,No data received for 43s (timeout 15s)
2026-07-15T17:53:30.887407,reference,JAMMING,CRITICAL,No data received for 43s (timeout 15s)
2026-07-15T17:53:32.487386,nav_unit,JAMMING,CRITICAL,No data received for 44s (timeout 15s)
2026-07-15T17:53:32.511637,reference,JAMMING,CRITICAL,No data received for 44s (timeout 15s)
2026-07-15T17:53:33.950882,nav_unit,JAMMING,CRITICAL,No data received for 46s (timeout 15s)
2026-07-15T17:53:33.988344,reference,JAMMING,CRITICAL,No data received for 46s (timeout 15s)
2026-07-15T17:53:34.836056,nav_unit,JAMMING,CRITICAL,No data received for 47s (timeout 15s)
2026-07-15T17:53:34.880159,reference,JAMMING,CRITICAL,No data received for 47s (timeout 15s)
2026-07-15T17:53:36.487706,nav_unit,JAMMING,CRITICAL,No data received for 48s (timeout 15s)
2026-07-15T17:53:36.533169,reference,JAMMING,CRITICAL,No data received for 48s (timeout 15s)
2026-07-15T17:53:37.252348,nav_unit,JAMMING,CRITICAL,No data received for 49s (timeout 15s)
2026-07-15T17:53:37.287285,reference,JAMMING,CRITICAL,No data received for 49s (timeout 15s)
2026-07-15T17:53:37.541409,nav_unit,JAMMING,CRITICAL,No data received for 49s (timeout 15s)
2026-07-15T17:53:37.596873,reference,JAMMING,CRITICAL,No data received for 49s (timeout 15s)
2026-07-15T17:53:38.488630,nav_unit,JAMMING,CRITICAL,No data received for 50s (timeout 15s)
2026-07-15T17:53:38.532311,reference,JAMMING,CRITICAL,No data received for 50s (timeout 15s)
2026-07-15T17:53:39.372215,nav_unit,JAMMING,CRITICAL,No data received for 51s (timeout 15s)
2026-07-15T17:53:39.397735,reference,JAMMING,CRITICAL,No data received for 51s (timeout 15s)
2026-07-15T17:53:40.448433,nav_unit,JAMMING,CRITICAL,No data received for 52s (timeout 15s)
2026-07-15T17:53:40.450690,reference,JAMMING,CRITICAL,No data received for 52s (timeout 15s)
2026-07-15T17:53:40.884275,nav_unit,JAMMING,CRITICAL,No data received for 53s (timeout 15s)
2026-07-15T17:53:40.886495,reference,JAMMING,CRITICAL,No data received for 53s (timeout 15s)
2026-07-15T17:53:41.420894,nav_unit,JAMMING,CRITICAL,No data received for 53s (timeout 15s)
2026-07-15T17:53:41.423979,reference,JAMMING,CRITICAL,No data received for 53s (timeout 15s)
2026-07-15T17:53:43.414335,nav_unit,JAMMING,CRITICAL,No data received for 55s (timeout 15s)
2026-07-15T17:53:43.420625,reference,JAMMING,CRITICAL,No data received for 55s (timeout 15s)
2026-07-15T17:53:44.857004,nav_unit,JAMMING,CRITICAL,No data received for 57s (timeout 15s)
2026-07-15T17:53:44.859833,reference,JAMMING,CRITICAL,No data received for 57s (timeout 15s)
2026-07-15T17:53:45.418275,nav_unit,JAMMING,CRITICAL,No data received for 57s (timeout 15s)
2026-07-15T17:53:45.421761,reference,JAMMING,CRITICAL,No data received for 57s (timeout 15s)
2026-07-15T17:53:47.418779,nav_unit,JAMMING,CRITICAL,No data received for 59s (timeout 15s)
2026-07-15T17:53:47.419925,reference,JAMMING,CRITICAL,No data received for 59s (timeout 15s)
2026-07-15T17:53:48.669884,nav_unit,JAMMING,CRITICAL,No data received for 61s (timeout 15s)
2026-07-15T17:53:48.672909,reference,JAMMING,CRITICAL,No data received for 60s (timeout 15s)
2026-07-15T17:53:48.937879,nav_unit,JAMMING,CRITICAL,No data received for 61s (timeout 15s)
2026-07-15T17:53:48.939424,reference,JAMMING,CRITICAL,No data received for 61s (timeout 15s)
2026-07-15T17:53:49.429311,nav_unit,JAMMING,CRITICAL,No data received for 61s (timeout 15s)
2026-07-15T17:53:49.431399,reference,JAMMING,CRITICAL,No data received for 61s (timeout 15s)
2026-07-16T15:56:21.784703,nav_unit,SPOOFING,CRITICAL,Disagrees with device_A by 28.8 m (threshold 15 m); Disagrees with device_B by 28.7 m (threshold 15 m)
2026-07-16T15:56:21.786951,reference,SPOOFING,CRITICAL,Disagrees with device_A by 29.1 m (threshold 15 m); Disagrees with device_B by 28.9 m (threshold 15 m)
2026-07-16T15:56:23.241365,device_A,SPOOFING,CRITICAL,Disagrees with nav_unit by 26.8 m (threshold 15 m); Disagrees with reference by 27.1 m (threshold 15 m)
2026-07-16T15:56:23.320409,device_B,SPOOFING,CRITICAL,Disagrees with nav_unit by 27.0 m (threshold 15 m); Disagrees with reference by 27.3 m (threshold 15 m)
2026-07-16T15:56:25.269828,device_A,SPOOFING,CRITICAL,Disagrees with nav_unit by 25.1 m (threshold 15 m); Disagrees with reference by 25.5 m (threshold 15 m)
2026-07-16T15:56:25.332883,device_B,SPOOFING,CRITICAL,Disagrees with nav_unit by 23.7 m (threshold 15 m); Disagrees with reference by 24.1 m (threshold 15 m)
2026-07-16T15:56:25.665700,nav_unit,SPOOFING,CRITICAL,Disagrees with device_A by 28.3 m (threshold 15 m); Disagrees with device_B by 27.0 m (threshold 15 m)
2026-07-16T15:56:25.667134,reference,SPOOFING,CRITICAL,Disagrees with device_A by 28.7 m (threshold 15 m); Disagrees with device_B by 27.5 m (threshold 15 m)
2026-07-16T15:56:27.298914,device_A,SPOOFING,CRITICAL,Disagrees with nav_unit by 27.0 m (threshold 15 m); Disagrees with reference by 27.5 m (threshold 15 m)
2026-07-16T15:56:27.358198,device_B,SPOOFING,CRITICAL,Disagrees with nav_unit by 25.7 m (threshold 15 m); Disagrees with reference by 26.2 m (threshold 15 m)
2026-07-16T15:56:27.621124,reference,SPOOFING,CRITICAL,Disagrees with device_A by 30.7 m (threshold 15 m); Disagrees with device_B by 29.4 m (threshold 15 m)
2026-07-16T15:56:27.622195,nav_unit,SPOOFING,CRITICAL,Disagrees with device_A by 30.1 m (threshold 15 m); Disagrees with device_B by 28.8 m (threshold 15 m)
2026-07-16T15:56:29.325732,device_A,SPOOFING,CRITICAL,Disagrees with nav_unit by 29.0 m (threshold 15 m); Disagrees with reference by 29.6 m (threshold 15 m)
2026-07-16T15:56:29.374056,device_B,SPOOFING,CRITICAL,Disagrees with nav_unit by 28.1 m (threshold 15 m); Disagrees with reference by 28.7 m (threshold 15 m)
2026-07-16T15:56:30.279438,reference,SPOOFING,CRITICAL,Disagrees with device_A by 31.5 m (threshold 15 m); Disagrees with device_B by 30.5 m (threshold 15 m)
2026-07-16T15:56:30.282202,nav_unit,SPOOFING,CRITICAL,Disagrees with device_A by 30.8 m (threshold 15 m); Disagrees with device_B by 29.9 m (threshold 15 m)
2026-07-16T15:56:31.358462,device_A,SPOOFING,CRITICAL,Disagrees with nav_unit by 28.9 m (threshold 15 m); Disagrees with reference by 29.5 m (threshold 15 m)
2026-07-16T15:56:31.404927,device_B,SPOOFING,CRITICAL,Disagrees with nav_unit by 28.6 m (threshold 15 m); Disagrees with reference by 29.2 m (threshold 15 m)
2026-07-16T15:56:32.883705,nav_unit,SPOOFING,CRITICAL,Disagrees with device_A by 31.1 m (threshold 15 m); Disagrees with device_B by 30.9 m (threshold 15 m)
2026-07-16T15:56:32.889654,reference,SPOOFING,CRITICAL,Disagrees with device_A by 31.7 m (threshold 15 m); Disagrees with device_B by 31.4 m (threshold 15 m)
2026-07-16T15:56:33.391841,device_A,SPOOFING,CRITICAL,Disagrees with nav_unit by 29.7 m (threshold 15 m); Disagrees with reference by 30.3 m (threshold 15 m)
2026-07-16T15:56:33.439947,device_B,SPOOFING,CRITICAL,Disagrees with nav_unit by 29.0 m (threshold 15 m); Disagrees with reference by 29.6 m (threshold 15 m)
2026-07-16T15:56:34.788202,nav_unit,SPOOFING,CRITICAL,Disagrees with device_A by 31.6 m (threshold 15 m); Disagrees with device_B by 31.1 m (threshold 15 m)
2026-07-16T15:56:34.790248,reference,SPOOFING,CRITICAL,Disagrees with device_A by 32.1 m (threshold 15 m); Disagrees with device_B by 31.6 m (threshold 15 m)
2026-07-16T15:56:35.415676,device_A,SPOOFING,CRITICAL,Disagrees with nav_unit by 31.6 m (threshold 15 m); Disagrees with reference by 32.1 m (threshold 15 m)
2026-07-16T15:56:35.480448,device_B,SPOOFING,CRITICAL,Disagrees with nav_unit by 30.3 m (threshold 15 m); Disagrees with reference by 30.8 m (threshold 15 m)
2026-07-16T15:56:37.244267,reference,SPOOFING,CRITICAL,Disagrees with device_A by 33.2 m (threshold 15 m); Disagrees with device_B by 32.0 m (threshold 15 m)
2026-07-16T15:56:37.244400,nav_unit,SPOOFING,CRITICAL,Disagrees with device_A by 32.7 m (threshold 15 m); Disagrees with device_B by 31.5 m (threshold 15 m)
2026-07-16T15:56:37.455564,device_A,SPOOFING,CRITICAL,Disagrees with nav_unit by 31.3 m (threshold 15 m); Disagrees with reference by 31.7 m (threshold 15 m)
2026-07-16T15:56:37.522494,device_B,SPOOFING,CRITICAL,Disagrees with nav_unit by 30.1 m (threshold 15 m); Disagrees with reference by 30.6 m (threshold 15 m)
2026-07-16T15:56:39.481390,device_A,SPOOFING,CRITICAL,Disagrees with nav_unit by 29.1 m (threshold 15 m); Disagrees with reference by 29.4 m (threshold 15 m)
2026-07-16T15:56:39.559448,device_B,SPOOFING,CRITICAL,Disagrees with nav_unit by 28.7 m (threshold 15 m); Disagrees with reference by 29.1 m (threshold 15 m)
2026-07-16T15:56:40.094294,reference,SPOOFING,CRITICAL,Disagrees with device_A by 31.4 m (threshold 15 m); Disagrees with device_B by 31.1 m (threshold 15 m)
2026-07-16T15:56:40.106084,nav_unit,SPOOFING,CRITICAL,Disagrees with device_A by 31.1 m (threshold 15 m); Disagrees with device_B by 30.9 m (threshold 15 m)
2026-07-16T15:56:41.518645,device_A,SPOOFING,CRITICAL,Disagrees with nav_unit by 29.6 m (threshold 15 m); Disagrees with reference by 29.8 m (threshold 15 m)
2026-07-16T15:56:41.619842,device_B,SPOOFING,CRITICAL,Disagrees with nav_unit by 29.9 m (threshold 15 m); Disagrees with reference by 30.1 m (threshold 15 m)
2026-07-16T15:56:43.078404,reference,SPOOFING,CRITICAL,Disagrees with device_A by 31.4 m (threshold 15 m); Disagrees with device_B by 31.6 m (threshold 15 m)
2026-07-16T15:56:43.084300,nav_unit,SPOOFING,CRITICAL,Disagrees with device_A by 31.2 m (threshold 15 m); Disagrees with device_B by 31.5 m (threshold 15 m)
2026-07-16T15:56:43.548574,device_A,SPOOFING,CRITICAL,Disagrees with nav_unit by 30.5 m (threshold 15 m); Disagrees with reference by 30.5 m (threshold 15 m)
2026-07-16T15:56:43.666625,device_B,SPOOFING,CRITICAL,Disagrees with nav_unit by 30.0 m (threshold 15 m); Disagrees with reference by 30.0 m (threshold 15 m)
2026-07-16T15:56:45.574116,device_A,SPOOFING,CRITICAL,Disagrees with nav_unit by 27.9 m (threshold 15 m); Disagrees with reference by 27.9 m (threshold 15 m)
2026-07-16T15:56:45.704013,device_B,SPOOFING,CRITICAL,Disagrees with nav_unit by 27.1 m (threshold 15 m); Disagrees with reference by 27.1 m (threshold 15 m)
2026-07-16T15:56:47.601163,device_A,SPOOFING,CRITICAL,Disagrees with nav_unit by 25.2 m (threshold 15 m); Disagrees with reference by 25.2 m (threshold 15 m)
2026-07-16T15:56:47.728261,reference,SPOOFING,CRITICAL,Disagrees with device_A by 27.6 m (threshold 15 m); Disagrees with device_B by 29.1 m (threshold 15 m)
2026-07-16T15:56:47.731558,nav_unit,SPOOFING,CRITICAL,Disagrees with device_A by 27.8 m (threshold 15 m); Disagrees with device_B by 29.2 m (threshold 15 m)
2026-07-16T15:56:47.761802,device_B,SPOOFING,CRITICAL,Disagrees with nav_unit by 27.3 m (threshold 15 m); Disagrees with reference by 27.1 m (threshold 15 m)
2026-07-16T15:56:49.638580,device_A,SPOOFING,CRITICAL,Disagrees with nav_unit by 25.2 m (threshold 15 m); Disagrees with reference by 25.0 m (threshold 15 m)
2026-07-16T15:56:49.818294,device_B,SPOOFING,CRITICAL,Disagrees with nav_unit by 25.0 m (threshold 15 m); Disagrees with reference by 24.8 m (threshold 15 m)
2026-07-16T15:56:51.378167,reference,SPOOFING,CRITICAL,Disagrees with device_A by 28.3 m (threshold 15 m); Disagrees with device_B by 28.5 m (threshold 15 m)
2026-07-16T15:56:51.379957,nav_unit,SPOOFING,CRITICAL,Disagrees with device_A by 28.7 m (threshold 15 m); Disagrees with device_B by 29.0 m (threshold 15 m)
2026-07-16T15:56:51.716424,device_A,SPOOFING,CRITICAL,Disagrees with nav_unit by 27.7 m (threshold 15 m); Disagrees with reference by 27.2 m (threshold 15 m)
2026-07-16T15:56:51.892721,device_B,SPOOFING,CRITICAL,Disagrees with nav_unit by 27.6 m (threshold 15 m); Disagrees with reference by 27.0 m (threshold 15 m)
2026-07-16T15:56:53.799322,device_A,SPOOFING,CRITICAL,Disagrees with nav_unit by 25.3 m (threshold 15 m); Disagrees with reference by 24.7 m (threshold 15 m)
2026-07-16T15:56:53.931834,device_B,SPOOFING,CRITICAL,Disagrees with nav_unit by 25.8 m (threshold 15 m); Disagrees with reference by 25.2 m (threshold 15 m)
2026-07-16T15:56:54.371339,reference,SPOOFING,CRITICAL,Disagrees with device_A by 28.6 m (threshold 15 m); Disagrees with device_B by 29.3 m (threshold 15 m)
2026-07-16T15:56:54.402162,nav_unit,SPOOFING,CRITICAL,Disagrees with device_A by 29.2 m (threshold 15 m); Disagrees with device_B by 29.9 m (threshold 15 m)
2026-07-16T15:56:55.864791,device_A,SPOOFING,CRITICAL,Disagrees with nav_unit by 29.2 m (threshold 15 m); Disagrees with reference by 28.6 m (threshold 15 m)
2026-07-16T15:56:55.973562,device_B,SPOOFING,CRITICAL,Disagrees with nav_unit by 29.0 m (threshold 15 m); Disagrees with reference by 28.4 m (threshold 15 m)
2026-07-16T15:56:57.907122,device_A,SPOOFING,CRITICAL,Disagrees with nav_unit by 26.7 m (threshold 15 m); Disagrees with reference by 26.0 m (threshold 15 m)
2026-07-16T15:56:58.036279,device_B,SPOOFING,CRITICAL,Disagrees with nav_unit by 28.0 m (threshold 15 m); Disagrees with reference by 27.4 m (threshold 15 m)
2026-07-16T15:56:59.006548,reference,SPOOFING,CRITICAL,Disagrees with device_A by 28.5 m (threshold 15 m); Disagrees with device_B by 29.8 m (threshold 15 m)
2026-07-16T15:56:59.035951,nav_unit,SPOOFING,CRITICAL,Disagrees with device_A by 29.1 m (threshold 15 m); Disagrees with device_B by 30.4 m (threshold 15 m)
2026-07-16T15:56:59.952330,device_A,SPOOFING,CRITICAL,Disagrees with nav_unit by 28.0 m (threshold 15 m); Disagrees with reference by 27.4 m (threshold 15 m)
2026-07-16T15:57:00.150325,device_B,SPOOFING,CRITICAL,Disagrees with nav_unit by 28.3 m (threshold 15 m); Disagrees with reference by 27.7 m (threshold 15 m)
2026-07-16T15:57:01.649039,reference,SPOOFING,CRITICAL,Disagrees with device_A by 31.8 m (threshold 15 m); Disagrees with device_B by 31.7 m (threshold 15 m)
2026-07-16T15:57:01.673024,nav_unit,SPOOFING,CRITICAL,Disagrees with device_A by 32.3 m (threshold 15 m); Disagrees with device_B by 32.2 m (threshold 15 m)
2026-07-16T15:57:01.993339,device_A,SPOOFING,CRITICAL,Disagrees with nav_unit by 30.4 m (threshold 15 m); Disagrees with reference by 29.9 m (threshold 15 m)
2026-07-16T15:57:02.210268,device_B,SPOOFING,CRITICAL,Disagrees with nav_unit by 31.9 m (threshold 15 m); Disagrees with reference by 31.4 m (threshold 15 m)
2026-07-16T15:57:04.064447,device_A,SPOOFING,CRITICAL,Disagrees with nav_unit by 28.5 m (threshold 15 m); Disagrees with reference by 28.1 m (threshold 15 m)
2026-07-16T15:57:04.170676,reference,SPOOFING,CRITICAL,Disagrees with device_A by 30.3 m (threshold 15 m); Disagrees with device_B by 33.0 m (threshold 15 m)
2026-07-16T15:57:04.191934,nav_unit,SPOOFING,CRITICAL,Disagrees with device_A by 30.7 m (threshold 15 m); Disagrees with device_B by 33.4 m (threshold 15 m)
2026-07-16T15:57:04.233535,device_B,SPOOFING,CRITICAL,Disagrees with nav_unit by 32.0 m (threshold 15 m); Disagrees with reference by 31.6 m (threshold 15 m)
2026-07-16T15:57:05.931081,reference,SPOOFING,CRITICAL,Disagrees with device_A by 31.4 m (threshold 15 m); Disagrees with device_B by 32.6 m (threshold 15 m)
2026-07-16T15:57:06.110979,device_A,SPOOFING,CRITICAL,Disagrees with nav_unit by 30.7 m (threshold 15 m); Disagrees with reference by 31.9 m (threshold 15 m)
2026-07-16T15:57:06.255221,device_B,SPOOFING,CRITICAL,Disagrees with nav_unit by 29.6 m (threshold 15 m); Disagrees with reference by 30.7 m (threshold 15 m)
2026-07-16T15:57:06.430668,nav_unit,SPOOFING,CRITICAL,Disagrees with device_A by 32.4 m (threshold 15 m); Disagrees with device_B by 31.2 m (threshold 15 m)
2026-07-16T15:57:08.149779,device_A,SPOOFING,CRITICAL,Disagrees with nav_unit by 29.3 m (threshold 15 m); Disagrees with reference by 28.8 m (threshold 15 m)
2026-07-16T15:57:08.171770,reference,SPOOFING,CRITICAL,Disagrees with device_A by 30.1 m (threshold 15 m); Disagrees with device_B by 31.5 m (threshold 15 m)
2026-07-16T15:57:08.280849,device_B,SPOOFING,CRITICAL,Disagrees with nav_unit by 29.9 m (threshold 15 m); Disagrees with reference by 30.6 m (threshold 15 m)
2026-07-16T15:57:08.785770,nav_unit,SPOOFING,CRITICAL,Disagrees with device_A by 30.5 m (threshold 15 m); Disagrees with device_B by 31.1 m (threshold 15 m)
2026-07-16T15:57:10.124215,reference,SPOOFING,CRITICAL,Disagrees with device_A by 31.2 m (threshold 15 m); Disagrees with device_B by 31.6 m (threshold 15 m)
2026-07-16T15:57:10.214480,device_A,SPOOFING,CRITICAL,Disagrees with nav_unit by 29.6 m (threshold 15 m); Disagrees with reference by 30.5 m (threshold 15 m)
2026-07-16T15:57:10.313219,device_B,SPOOFING,CRITICAL,Disagrees with nav_unit by 29.4 m (threshold 15 m); Disagrees with reference by 30.3 m (threshold 15 m)
2026-07-16T15:57:11.260210,nav_unit,SPOOFING,CRITICAL,Disagrees with device_A by 30.8 m (threshold 15 m); Disagrees with device_B by 30.5 m (threshold 15 m)
2026-07-16T15:57:12.251140,device_A,SPOOFING,CRITICAL,Disagrees with nav_unit by 28.3 m (threshold 15 m); Disagrees with reference by 28.0 m (threshold 15 m)
2026-07-16T15:57:12.272261,reference,SPOOFING,CRITICAL,Disagrees with device_A by 29.3 m (threshold 15 m); Disagrees with device_B by 31.0 m (threshold 15 m)
2026-07-16T15:57:12.344733,device_B,SPOOFING,CRITICAL,Disagrees with nav_unit by 27.7 m (threshold 15 m); Disagrees with reference by 28.7 m (threshold 15 m)
2026-07-16T15:57:13.409162,nav_unit,SPOOFING,CRITICAL,Disagrees with device_A by 29.6 m (threshold 15 m); Disagrees with device_B by 29.0 m (threshold 15 m)
2026-07-16T15:57:14.287823,device_A,SPOOFING,CRITICAL,Disagrees with nav_unit by 28.2 m (threshold 15 m); Disagrees with reference by 27.8 m (threshold 15 m)
2026-07-16T15:57:14.381566,device_B,SPOOFING,CRITICAL,Disagrees with nav_unit by 29.0 m (threshold 15 m); Disagrees with reference by 28.6 m (threshold 15 m)
2026-07-16T15:57:14.411561,reference,SPOOFING,CRITICAL,Disagrees with device_A by 29.2 m (threshold 15 m); Disagrees with device_B by 29.9 m (threshold 15 m)
2026-07-16T15:57:15.612710,nav_unit,SPOOFING,CRITICAL,Disagrees with device_A by 29.6 m (threshold 15 m); Disagrees with device_B by 30.2 m (threshold 15 m)
2026-07-16T15:57:16.321532,device_A,SPOOFING,CRITICAL,Disagrees with nav_unit by 27.9 m (threshold 15 m); Disagrees with reference by 27.4 m (threshold 15 m)
2026-07-16T15:57:16.356825,reference,SPOOFING,CRITICAL,Disagrees with device_A by 28.9 m (threshold 15 m); Disagrees with device_B by 30.9 m (threshold 15 m)
2026-07-16T15:57:16.419998,device_B,SPOOFING,CRITICAL,Disagrees with nav_unit by 27.4 m (threshold 15 m); Disagrees with reference by 28.4 m (threshold 15 m)
2026-07-16T15:57:17.793898,nav_unit,SPOOFING,CRITICAL,Disagrees with device_A by 29.2 m (threshold 15 m); Disagrees with device_B by 28.8 m (threshold 15 m)
2026-07-16T15:57:18.297257,reference,SPOOFING,CRITICAL,Disagrees with device_A by 29.9 m (threshold 15 m); Disagrees with device_B by 29.6 m (threshold 15 m)
2026-07-16T15:57:18.355991,device_A,SPOOFING,CRITICAL,Disagrees with nav_unit by 29.1 m (threshold 15 m); Disagrees with reference by 30.1 m (threshold 15 m)
2026-07-16T15:57:18.450907,device_B,SPOOFING,CRITICAL,Disagrees with nav_unit by 28.8 m (threshold 15 m); Disagrees with reference by 29.8 m (threshold 15 m)
2026-07-16T15:57:20.378402,device_A,SPOOFING,CRITICAL,Disagrees with nav_unit by 27.2 m (threshold 15 m); Disagrees with reference by 28.4 m (threshold 15 m)
2026-07-16T15:57:20.475451,device_B,SPOOFING,CRITICAL,Disagrees with nav_unit by 27.1 m (threshold 15 m); Disagrees with reference by 28.2 m (threshold 15 m)
2026-07-16T15:57:20.575249,reference,SPOOFING,CRITICAL,Disagrees with device_A by 30.1 m (threshold 15 m); Disagrees with device_B by 29.9 m (threshold 15 m)
2026-07-16T15:57:20.577689,nav_unit,SPOOFING,CRITICAL,Disagrees with device_A by 29.1 m (threshold 15 m); Disagrees with device_B by 28.9 m (threshold 15 m)
2026-07-16T15:57:22.407899,device_A,SPOOFING,CRITICAL,Disagrees with nav_unit by 28.6 m (threshold 15 m); Disagrees with reference by 29.8 m (threshold 15 m)
2026-07-16T15:57:22.503454,device_B,SPOOFING,CRITICAL,Disagrees with nav_unit by 27.6 m (threshold 15 m); Disagrees with reference by 28.8 m (threshold 15 m)
2026-07-16T15:57:22.919416,nav_unit,SPOOFING,CRITICAL,Disagrees with device_A by 31.2 m (threshold 15 m); Disagrees with device_B by 30.3 m (threshold 15 m)
2026-07-16T15:57:22.923465,reference,SPOOFING,CRITICAL,Disagrees with device_A by 31.8 m (threshold 15 m); Disagrees with device_B by 30.9 m (threshold 15 m)
2026-07-16T15:57:24.444310,device_A,SPOOFING,CRITICAL,Disagrees with nav_unit by 29.2 m (threshold 15 m); Disagrees with reference by 29.8 m (threshold 15 m)
2026-07-16T15:57:24.553783,device_B,SPOOFING,CRITICAL,Disagrees with nav_unit by 28.5 m (threshold 15 m); Disagrees with reference by 29.1 m (threshold 15 m)
2026-07-16T15:57:26.426020,nav_unit,SPOOFING,CRITICAL,Disagrees with device_A by 31.1 m (threshold 15 m); Disagrees with device_B by 30.4 m (threshold 15 m)
2026-07-16T15:57:26.427611,reference,SPOOFING,CRITICAL,Disagrees with device_A by 31.7 m (threshold 15 m); Disagrees with device_B by 31.0 m (threshold 15 m)
2026-07-16T15:57:26.476827,device_A,SPOOFING,CRITICAL,Disagrees with nav_unit by 29.6 m (threshold 15 m); Disagrees with reference by 30.1 m (threshold 15 m)
2026-07-16T15:57:26.590655,device_B,SPOOFING,CRITICAL,Disagrees with nav_unit by 29.2 m (threshold 15 m); Disagrees with reference by 29.8 m (threshold 15 m)
2026-07-16T15:57:28.510921,device_A,SPOOFING,CRITICAL,Disagrees with nav_unit by 27.9 m (threshold 15 m); Disagrees with reference by 28.4 m (threshold 15 m)
2026-07-16T15:57:28.667725,device_B,SPOOFING,CRITICAL,Disagrees with nav_unit by 27.0 m (threshold 15 m); Disagrees with reference by 27.6 m (threshold 15 m)
2026-07-16T15:57:29.877244,reference,SPOOFING,CRITICAL,Disagrees with device_A by 31.6 m (threshold 15 m); Disagrees with device_B by 30.8 m (threshold 15 m)
2026-07-16T15:57:29.889299,nav_unit,SPOOFING,CRITICAL,Disagrees with device_A by 31.1 m (threshold 15 m); Disagrees with device_B by 30.4 m (threshold 15 m)
2026-07-16T15:57:30.581202,device_A,SPOOFING,CRITICAL,Disagrees with nav_unit by 29.4 m (threshold 15 m); Disagrees with reference by 29.8 m (threshold 15 m)
2026-07-16T15:57:30.740431,device_B,SPOOFING,CRITICAL,Disagrees with nav_unit by 29.9 m (threshold 15 m); Disagrees with reference by 30.3 m (threshold 15 m)
2026-07-16T15:57:32.618546,device_A,SPOOFING,CRITICAL,Disagrees with nav_unit by 28.6 m (threshold 15 m); Disagrees with reference by 28.9 m (threshold 15 m)
2026-07-16T15:57:32.776835,device_B,SPOOFING,CRITICAL,Disagrees with nav_unit by 27.4 m (threshold 15 m); Disagrees with reference by 27.7 m (threshold 15 m)
2026-07-16T15:57:33.383691,nav_unit,SPOOFING,CRITICAL,Disagrees with device_A by 31.5 m (threshold 15 m); Disagrees with device_B by 30.5 m (threshold 15 m)
2026-07-16T15:57:34.677181,device_A,SPOOFING,CRITICAL,Disagrees with nav_unit by 29.4 m (threshold 15 m); Disagrees with reference by 26.0 m (threshold 15 m)
2026-07-16T15:57:34.777395,reference,SPOOFING,CRITICAL,Disagrees with device_A by 29.6 m (threshold 15 m); Disagrees with device_B by 30.7 m (threshold 15 m)
2026-07-16T15:57:34.816303,device_B,SPOOFING,CRITICAL,Disagrees with nav_unit by 28.0 m (threshold 15 m); Disagrees with reference by 28.2 m (threshold 15 m)
2026-07-16T15:57:36.017959,nav_unit,SPOOFING,CRITICAL,Disagrees with device_A by 32.0 m (threshold 15 m); Disagrees with device_B by 30.7 m (threshold 15 m)
2026-07-16T15:57:36.724566,device_A,SPOOFING,CRITICAL,Disagrees with nav_unit by 29.7 m (threshold 15 m); Disagrees with reference by 26.4 m (threshold 15 m)
2026-07-16T15:57:36.854015,device_B,SPOOFING,CRITICAL,Disagrees with nav_unit by 30.5 m (threshold 15 m); Disagrees with reference by 27.0 m (threshold 15 m)
2026-07-16T15:57:38.270931,nav_unit,SPOOFING,CRITICAL,Disagrees with device_A by 30.5 m (threshold 15 m); Disagrees with device_B by 31.3 m (threshold 15 m)
2026-07-16T15:57:38.751561,device_A,SPOOFING,CRITICAL,Disagrees with nav_unit by 29.3 m (threshold 15 m); Disagrees with reference by 23.7 m (threshold 15 m)
2026-07-16T15:57:38.881240,device_B,SPOOFING,CRITICAL,Disagrees with nav_unit by 29.0 m (threshold 15 m); Disagrees with reference by 23.1 m (threshold 15 m)
2026-07-16T15:57:40.468510,device_B,MITIGATION,WARNING,Mitigation active: Blocked source device_B (IP: 127.0.0.1)
2026-07-16T15:57:42.063047,reference,SPOOFING,CRITICAL,Disagrees with device_A by 30.6 m (threshold 15 m)
2026-07-16T15:57:43.802929,reference,SPOOFING,CRITICAL,Disagrees with device_A by 31.0 m (threshold 15 m)
2026-07-16T15:57:46.451433,nav_unit,MITIGATION,WARNING,Mitigation active: Blocked source nav_unit (IP: 182.71.244.4)
2026-07-16T15:57:55.516345,device_A,JAMMING,CRITICAL,No data received for 17s (timeout 15s)
2026-07-16T15:57:57.833691,device_A,JAMMING,CRITICAL,No data received for 19s (timeout 15s)
2026-07-16T15:57:59.525408,device_A,JAMMING,CRITICAL,No data received for 21s (timeout 15s)
2026-07-16T15:58:01.822325,device_A,JAMMING,CRITICAL,No data received for 23s (timeout 15s)
2026-07-16T15:58:03.522650,device_A,JAMMING,CRITICAL,No data received for 25s (timeout 15s)
2026-07-16T15:58:05.513641,device_A,JAMMING,CRITICAL,No data received for 27s (timeout 15s)
2026-07-16T15:58:07.830049,device_A,JAMMING,CRITICAL,No data received for 29s (timeout 15s)
2026-07-16T15:58:09.526831,device_A,JAMMING,CRITICAL,No data received for 31s (timeout 15s)
2026-07-16T15:58:11.839203,device_A,JAMMING,CRITICAL,No data received for 33s (timeout 15s)
2026-07-16T15:58:13.523829,device_A,JAMMING,CRITICAL,No data received for 35s (timeout 15s)
2026-07-16T15:58:15.522493,device_A,JAMMING,CRITICAL,No data received for 37s (timeout 15s)
2026-07-16T15:58:17.823390,device_A,JAMMING,CRITICAL,No data received for 39s (timeout 15s)
2026-07-16T15:58:19.520669,device_A,JAMMING,CRITICAL,No data received for 41s (timeout 15s)
2026-07-16T15:58:21.832861,device_A,JAMMING,CRITICAL,No data received for 43s (timeout 15s)
2026-07-16T15:58:23.510485,device_A,JAMMING,CRITICAL,No data received for 45s (timeout 15s)
2026-07-16T15:58:25.520816,device_A,JAMMING,CRITICAL,No data received for 47s (timeout 15s)
2026-07-16T15:58:27.840181,device_A,JAMMING,CRITICAL,No data received for 49s (timeout 15s)
2026-07-16T15:58:29.513818,device_A,JAMMING,CRITICAL,No data received for 51s (timeout 15s)
2026-07-16T15:58:31.832641,device_A,JAMMING,CRITICAL,No data received for 53s (timeout 15s)
2026-07-16T15:58:33.521141,device_A,JAMMING,CRITICAL,No data received for 55s (timeout 15s)
2026-07-16T15:58:35.523538,device_A,JAMMING,CRITICAL,No data received for 57s (timeout 15s)
2026-07-16T15:58:37.837060,device_A,JAMMING,CRITICAL,No data received for 59s (timeout 15s)
2026-07-16T15:58:39.519001,device_A,JAMMING,CRITICAL,No data received for 61s (timeout 15s)
2026-07-16T15:58:41.832549,device_A,JAMMING,CRITICAL,No data received for 63s (timeout 15s)
2026-07-16T15:58:43.517541,device_A,JAMMING,CRITICAL,No data received for 65s (timeout 15s)
2026-07-16T15:58:45.519357,device_A,JAMMING,CRITICAL,No data received for 67s (timeout 15s)
2026-07-16T15:58:47.826878,device_A,JAMMING,CRITICAL,No data received for 69s (timeout 15s)
2026-07-16T15:58:49.527850,device_A,JAMMING,CRITICAL,No data received for 71s (timeout 15s)
2026-07-16T15:58:51.838665,device_A,JAMMING,CRITICAL,No data received for 73s (timeout 15s)
2026-07-16T15:58:53.514086,device_A,JAMMING,CRITICAL,No data received for 75s (timeout 15s)
2026-07-16T15:58:55.520129,device_A,JAMMING,CRITICAL,No data received for 77s (timeout 15s)
2026-07-16T15:58:57.822897,device_A,JAMMING,CRITICAL,No data received for 79s (timeout 15s)
2026-07-16T15:58:59.518187,device_A,JAMMING,CRITICAL,No data received for 81s (timeout 15s)
2026-07-16T15:59:01.829064,device_A,JAMMING,CRITICAL,No data received for 83s (timeout 15s)
2026-07-16T15:59:03.519570,device_A,JAMMING,CRITICAL,No data received for 85s (timeout 15s)
2026-07-16T15:59:05.510240,device_A,JAMMING,CRITICAL,No data received for 87s (timeout 15s)
2026-07-16T15:59:07.833559,device_A,JAMMING,CRITICAL,No data received for 89s (timeout 15s)
2026-07-16T15:59:09.526398,device_A,JAMMING,CRITICAL,No data received for 91s (timeout 15s)
2026-07-16T15:59:11.832705,device_A,JAMMING,CRITICAL,No data received for 93s (timeout 15s)
2026-07-16T15:59:13.519451,device_A,JAMMING,CRITICAL,No data received for 95s (timeout 15s)
2026-07-16T15:59:15.515277,device_A,JAMMING,CRITICAL,No data received for 97s (timeout 15s)
2026-07-16T15:59:17.822191,device_A,JAMMING,CRITICAL,No data received for 99s (timeout 15s)
2026-07-16T15:59:19.523674,device_A,JAMMING,CRITICAL,No data received for 101s (timeout 15s)
2026-07-16T15:59:21.820030,device_A,JAMMING,CRITICAL,No data received for 103s (timeout 15s)
2026-07-16T15:59:23.511967,device_A,JAMMING,CRITICAL,No data received for 105s (timeout 15s)
2026-07-16T15:59:25.518677,device_A,JAMMING,CRITICAL,No data received for 107s (timeout 15s)
2026-07-16T15:59:27.835971,device_A,JAMMING,CRITICAL,No data received for 109s (timeout 15s)
2026-07-16T15:59:29.513137,device_A,JAMMING,CRITICAL,No data received for 111s (timeout 15s)
2026-07-16T15:59:31.826498,device_A,JAMMING,CRITICAL,No data received for 113s (timeout 15s)
2026-07-16T15:59:33.510295,device_A,JAMMING,CRITICAL,No data received for 115s (timeout 15s)
2026-07-16T15:59:35.510319,device_A,JAMMING,CRITICAL,No data received for 117s (timeout 15s)
2026-07-16T15:59:37.820726,device_A,JAMMING,CRITICAL,No data received for 119s (timeout 15s)
2026-07-16T15:59:39.517119,device_A,JAMMING,CRITICAL,No data received for 121s (timeout 15s)
2026-07-16T15:59:41.824058,device_A,JAMMING,CRITICAL,No data received for 123s (timeout 15s)
2026-07-16T15:59:43.510270,device_A,JAMMING,CRITICAL,No data received for 125s (timeout 15s)
2026-07-16T15:59:45.856513,nav_unit,SPOOFING,CRITICAL,Disagrees with device_A by 31.4 m (threshold 15 m); Disagrees with device_B by 31.0 m (threshold 15 m)
2026-07-16T15:59:45.858261,reference,SPOOFING,CRITICAL,Disagrees with device_A by 31.2 m (threshold 15 m); Disagrees with device_B by 30.8 m (threshold 15 m)
2026-07-16T15:59:47.870881,device_A,SPOOFING,CRITICAL,Disagrees with nav_unit by 28.5 m (threshold 15 m); Disagrees with reference by 28.5 m (threshold 15 m)
2026-07-16T15:59:47.873695,device_B,SPOOFING,CRITICAL,Disagrees with nav_unit by 29.0 m (threshold 15 m); Disagrees with reference by 29.0 m (threshold 15 m)
2026-07-16T15:59:47.986137,nav_unit,SPOOFING,CRITICAL,Disagrees with device_A by 30.2 m (threshold 15 m); Disagrees with device_B by 30.4 m (threshold 15 m)
2026-07-16T15:59:48.106255,reference,SPOOFING,CRITICAL,Disagrees with device_A by 30.3 m (threshold 15 m); Disagrees with device_B by 30.4 m (threshold 15 m)
2026-07-16T15:59:49.902671,device_B,SPOOFING,CRITICAL,Disagrees with nav_unit by 28.1 m (threshold 15 m); Disagrees with reference by 28.3 m (threshold 15 m)
2026-07-16T15:59:49.903697,device_A,SPOOFING,CRITICAL,Disagrees with nav_unit by 27.5 m (threshold 15 m); Disagrees with reference by 27.6 m (threshold 15 m)
2026-07-16T15:59:50.282108,nav_unit,SPOOFING,CRITICAL,Disagrees with device_A by 28.8 m (threshold 15 m); Disagrees with device_B by 29.4 m (threshold 15 m)
2026-07-16T15:59:50.621195,reference,SPOOFING,CRITICAL,Disagrees with device_A by 29.1 m (threshold 15 m); Disagrees with device_B by 29.7 m (threshold 15 m)
2026-07-16T15:59:51.930498,device_A,SPOOFING,CRITICAL,Disagrees with nav_unit by 28.5 m (threshold 15 m); Disagrees with reference by 29.0 m (threshold 15 m)
2026-07-16T15:59:51.932350,device_B,SPOOFING,CRITICAL,Disagrees with nav_unit by 28.3 m (threshold 15 m); Disagrees with reference by 28.7 m (threshold 15 m)
2026-07-16T15:59:52.621453,nav_unit,SPOOFING,CRITICAL,Disagrees with device_A by 30.1 m (threshold 15 m); Disagrees with device_B by 29.8 m (threshold 15 m)
2026-07-16T15:59:53.035958,reference,SPOOFING,CRITICAL,Disagrees with device_A by 30.7 m (threshold 15 m); Disagrees with device_B by 30.4 m (threshold 15 m)
2026-07-16T15:59:53.951616,device_A,SPOOFING,CRITICAL,Disagrees with nav_unit by 28.8 m (threshold 15 m); Disagrees with reference by 29.6 m (threshold 15 m)
2026-07-16T15:59:53.967279,device_B,SPOOFING,CRITICAL,Disagrees with nav_unit by 28.4 m (threshold 15 m); Disagrees with reference by 29.2 m (threshold 15 m)
2026-07-16T15:59:55.078808,nav_unit,SPOOFING,CRITICAL,Disagrees with device_A by 30.4 m (threshold 15 m); Disagrees with device_B by 30.0 m (threshold 15 m)
2026-07-16T15:59:57.061309,device_A,SPOOFING,CRITICAL,Disagrees with reference by 29.1 m (threshold 15 m)
2026-07-16T15:59:57.063284,device_B,SPOOFING,CRITICAL,Disagrees with reference by 29.4 m (threshold 15 m)
2026-07-16T15:59:57.470582,nav_unit,SPOOFING,CRITICAL,Disagrees with device_A by 29.9 m (threshold 15 m); Disagrees with device_B by 30.1 m (threshold 15 m)
2026-07-16T15:59:59.086029,device_A,SPOOFING,CRITICAL,Disagrees with reference by 27.4 m (threshold 15 m); Disagrees with nav_unit by 28.8 m (threshold 15 m)
2026-07-16T15:59:59.109750,device_B,SPOOFING,CRITICAL,Disagrees with reference by 26.8 m (threshold 15 m); Disagrees with nav_unit by 28.0 m (threshold 15 m)
2026-07-16T15:59:59.897614,nav_unit,SPOOFING,CRITICAL,Disagrees with device_A by 31.0 m (threshold 15 m); Disagrees with device_B by 30.0 m (threshold 15 m)
2026-07-16T15:59:59.942173,reference,SPOOFING,CRITICAL,Disagrees with device_A by 31.2 m (threshold 15 m); Disagrees with device_B by 30.3 m (threshold 15 m)
2026-07-16T16:00:01.117895,device_A,SPOOFING,CRITICAL,Disagrees with reference by 30.3 m (threshold 15 m); Disagrees with nav_unit by 30.1 m (threshold 15 m)
2026-07-16T16:00:01.146901,device_B,SPOOFING,CRITICAL,Disagrees with reference by 29.3 m (threshold 15 m); Disagrees with nav_unit by 29.1 m (threshold 15 m)
2026-07-16T16:00:02.580319,nav_unit,SPOOFING,CRITICAL,Disagrees with device_A by 32.0 m (threshold 15 m); Disagrees with device_B by 31.1 m (threshold 15 m)
2026-07-16T16:00:02.585164,reference,SPOOFING,CRITICAL,Disagrees with device_A by 32.9 m (threshold 15 m); Disagrees with device_B by 31.9 m (threshold 15 m)
2026-07-16T16:00:03.152078,device_A,SPOOFING,CRITICAL,Disagrees with reference by 31.6 m (threshold 15 m); Disagrees with nav_unit by 30.7 m (threshold 15 m)
2026-07-16T16:00:03.190481,device_B,SPOOFING,CRITICAL,Disagrees with reference by 30.2 m (threshold 15 m); Disagrees with nav_unit by 29.4 m (threshold 15 m)
2026-07-16T16:00:05.091567,nav_unit,SPOOFING,CRITICAL,Disagrees with device_A by 32.9 m (threshold 15 m); Disagrees with device_B by 31.5 m (threshold 15 m)
2026-07-16T16:00:05.189710,device_A,SPOOFING,CRITICAL,Disagrees with reference by 28.7 m (threshold 15 m); Disagrees with nav_unit by 30.4 m (threshold 15 m)
2026-07-16T16:00:05.235777,device_B,SPOOFING,CRITICAL,Disagrees with reference by 28.3 m (threshold 15 m); Disagrees with nav_unit by 29.9 m (threshold 15 m)
2026-07-16T16:00:05.322278,reference,SPOOFING,CRITICAL,Disagrees with device_A by 30.9 m (threshold 15 m); Disagrees with device_B by 30.4 m (threshold 15 m)
2026-07-16T16:00:07.237525,device_A,SPOOFING,CRITICAL,Disagrees with reference by 29.3 m (threshold 15 m); Disagrees with nav_unit by 28.8 m (threshold 15 m)
2026-07-16T16:00:07.271094,device_B,SPOOFING,CRITICAL,Disagrees with reference by 29.5 m (threshold 15 m); Disagrees with nav_unit by 29.0 m (threshold 15 m)
2026-07-16T16:00:07.706871,nav_unit,SPOOFING,CRITICAL,Disagrees with device_A by 30.7 m (threshold 15 m); Disagrees with device_B by 31.0 m (threshold 15 m)
2026-07-16T16:00:07.891211,reference,SPOOFING,CRITICAL,Disagrees with device_A by 31.2 m (threshold 15 m); Disagrees with device_B by 31.5 m (threshold 15 m)
2026-07-16T16:00:09.281419,device_A,SPOOFING,CRITICAL,Disagrees with reference by 30.6 m (threshold 15 m); Disagrees with nav_unit by 30.1 m (threshold 15 m)
2026-07-16T16:00:09.303828,device_B,SPOOFING,CRITICAL,Disagrees with reference by 30.6 m (threshold 15 m); Disagrees with nav_unit by 30.1 m (threshold 15 m)
2026-07-16T16:00:09.832188,nav_unit,SPOOFING,CRITICAL,Disagrees with device_A by 31.7 m (threshold 15 m); Disagrees with device_B by 31.8 m (threshold 15 m)
2026-07-16T16:00:10.034191,reference,SPOOFING,CRITICAL,Disagrees with device_A by 32.1 m (threshold 15 m); Disagrees with device_B by 32.2 m (threshold 15 m)
2026-07-16T16:00:11.313745,device_A,SPOOFING,CRITICAL,Disagrees with reference by 29.5 m (threshold 15 m); Disagrees with nav_unit by 29.2 m (threshold 15 m)
2026-07-16T16:00:11.344838,device_B,SPOOFING,CRITICAL,Disagrees with reference by 31.0 m (threshold 15 m); Disagrees with nav_unit by 30.7 m (threshold 15 m)
2026-07-16T16:00:11.442839,device_B,MITIGATION,WARNING,Mitigation active: Blocked source device_B (IP: 127.0.0.1)
2026-07-16T16:00:12.377607,nav_unit,SPOOFING,CRITICAL,Disagrees with device_A by 30.6 m (threshold 15 m)
2026-07-16T16:00:12.377757,reference,SPOOFING,CRITICAL,Disagrees with device_A by 30.7 m (threshold 15 m)
2026-07-16T16:00:13.334325,device_A,SPOOFING,CRITICAL,Disagrees with reference by 29.0 m (threshold 15 m); Disagrees with nav_unit by 29.0 m (threshold 15 m)
2026-07-16T16:00:14.980491,nav_unit,SPOOFING,CRITICAL,Disagrees with device_A by 30.1 m (threshold 15 m)
2026-07-16T16:00:15.146640,reference,SPOOFING,CRITICAL,Disagrees with device_A by 30.0 m (threshold 15 m)
2026-07-16T16:00:15.372308,device_A,SPOOFING,CRITICAL,Disagrees with reference by 30.0 m (threshold 15 m); Disagrees with nav_unit by 30.1 m (threshold 15 m)
2026-07-16T16:00:16.917676,nav_unit,MITIGATION,WARNING,Mitigation active: Blocked source nav_unit (IP: 182.71.244.4)
2026-07-16T16:00:17.426249,device_A,SPOOFING,CRITICAL,Disagrees with reference by 27.2 m (threshold 15 m)
2026-07-16T16:00:19.474476,device_A,SPOOFING,CRITICAL,Disagrees with reference by 24.6 m (threshold 15 m)
2026-07-16T16:00:21.524449,device_A,SPOOFING,CRITICAL,Disagrees with reference by 21.5 m (threshold 15 m)
2026-07-16T16:00:23.570805,device_A,SPOOFING,CRITICAL,Disagrees with reference by 18.9 m (threshold 15 m)
2026-07-16T16:00:24.876092,reference,SPOOFING,CRITICAL,Disagrees with device_A by 29.3 m (threshold 15 m)
2026-07-16T16:00:25.613318,device_A,SPOOFING,CRITICAL,Disagrees with reference by 28.3 m (threshold 15 m)
2026-07-16T16:00:26.824839,reference,SPOOFING,CRITICAL,Disagrees with device_A by 29.7 m (threshold 15 m)
2026-07-16T16:00:27.665415,device_A,SPOOFING,CRITICAL,Disagrees with reference by 29.6 m (threshold 15 m)
2026-07-16T16:00:29.283243,reference,SPOOFING,CRITICAL,Disagrees with device_A by 31.0 m (threshold 15 m)
2026-07-16T16:00:29.708553,device_A,SPOOFING,CRITICAL,Disagrees with reference by 31.0 m (threshold 15 m)
2026-07-16T16:00:31.743670,device_A,SPOOFING,CRITICAL,Disagrees with reference by 28.2 m (threshold 15 m)
2026-07-16T16:00:33.803662,device_A,SPOOFING,CRITICAL,Disagrees with reference by 26.7 m (threshold 15 m)
2026-07-16T16:00:35.851390,device_A,SPOOFING,CRITICAL,Disagrees with reference by 23.6 m (threshold 15 m)
2026-07-16T16:00:37.171614,reference,SPOOFING,CRITICAL,Disagrees with device_A by 31.0 m (threshold 15 m)
2026-07-16T16:00:37.879676,device_A,SPOOFING,CRITICAL,Disagrees with reference by 29.6 m (threshold 15 m)
2026-07-16T16:00:39.909197,device_A,SPOOFING,CRITICAL,Disagrees with reference by 29.0 m (threshold 15 m)
2026-07-16T16:00:41.940969,device_A,SPOOFING,CRITICAL,Disagrees with reference by 24.6 m (threshold 15 m)
2026-07-16T16:00:43.977804,device_A,SPOOFING,CRITICAL,Disagrees with reference by 22.9 m (threshold 15 m)
2026-07-16T16:00:46.027496,device_A,SPOOFING,CRITICAL,Disagrees with reference by 20.6 m (threshold 15 m)
2026-07-16T16:00:47.511912,reference,SPOOFING,CRITICAL,Disagrees with device_A by 26.5 m (threshold 15 m)
2026-07-16T16:00:48.081673,device_A,SPOOFING,CRITICAL,Disagrees with reference by 23.5 m (threshold 15 m)
2026-07-16T16:00:49.413785,reference,SPOOFING,CRITICAL,Disagrees with device_A by 30.5 m (threshold 15 m)
2026-07-16T16:00:50.133677,device_A,SPOOFING,CRITICAL,Disagrees with reference by 29.3 m (threshold 15 m)
2026-07-16T16:00:52.162422,device_A,SPOOFING,CRITICAL,Disagrees with reference by 28.6 m (threshold 15 m)
2026-07-16T16:00:54.199559,device_A,SPOOFING,CRITICAL,Disagrees with reference by 26.6 m (threshold 15 m)
2026-07-16T16:00:56.241429,device_A,SPOOFING,CRITICAL,Disagrees with reference by 25.5 m (threshold 15 m)
2026-07-16T16:00:58.278032,device_A,SPOOFING,CRITICAL,Disagrees with reference by 22.5 m (threshold 15 m)
2026-07-16T16:01:00.321624,device_A,SPOOFING,CRITICAL,Disagrees with reference by 18.8 m (threshold 15 m)
2026-07-16T16:01:02.394106,device_A,SPOOFING,CRITICAL,Disagrees with reference by 15.0 m (threshold 15 m)
2026-07-16T16:01:05.818872,reference,JAMMING,CRITICAL,No data received for 16s (timeout 15s)
2026-07-16T16:01:05.942630,reference,SPOOFING,CRITICAL,Disagrees with device_A by 31.7 m (threshold 15 m)
2026-07-16T16:01:06.484217,device_A,SPOOFING,CRITICAL,Disagrees with reference by 28.7 m (threshold 15 m)
2026-07-16T16:01:08.503584,device_A,SPOOFING,CRITICAL,Disagrees with reference by 26.5 m (threshold 15 m)
2026-07-16T16:01:08.815687,reference,SPOOFING,CRITICAL,Disagrees with device_A by 28.4 m (threshold 15 m)
2026-07-16T16:01:10.533557,device_A,SPOOFING,CRITICAL,Disagrees with reference by 26.9 m (threshold 15 m)
2026-07-16T16:01:12.575382,device_A,SPOOFING,CRITICAL,Disagrees with reference by 24.7 m (threshold 15 m)
2026-07-16T16:01:14.653535,device_A,SPOOFING,CRITICAL,Disagrees with reference by 22.2 m (threshold 15 m)
2026-07-16T16:01:16.412651,reference,SPOOFING,CRITICAL,Disagrees with device_A by 29.8 m (threshold 15 m)
2026-07-16T16:01:16.681863,device_A,SPOOFING,CRITICAL,Disagrees with reference by 29.4 m (threshold 15 m)
2026-07-16T16:01:18.708254,device_A,SPOOFING,CRITICAL,Disagrees with reference by 27.5 m (threshold 15 m)
2026-07-16T16:01:20.746454,device_A,SPOOFING,CRITICAL,Disagrees with reference by 25.6 m (threshold 15 m)
2026-07-16T16:01:22.837958,device_A,SPOOFING,CRITICAL,Disagrees with reference by 22.9 m (threshold 15 m)
2026-07-16T16:01:24.878518,device_A,SPOOFING,CRITICAL,Disagrees with reference by 20.3 m (threshold 15 m)
2026-07-16T16:01:26.922297,device_A,SPOOFING,CRITICAL,Disagrees with reference by 17.7 m (threshold 15 m)
2026-07-16T16:01:30.062727,reference,SPOOFING,CRITICAL,Disagrees with device_A by 31.0 m (threshold 15 m)
2026-07-16T16:01:31.011217,device_A,SPOOFING,CRITICAL,Disagrees with reference by 28.7 m (threshold 15 m)
2026-07-16T16:01:33.052519,device_A,SPOOFING,CRITICAL,Disagrees with reference by 27.2 m (threshold 15 m)
2026-07-16T16:01:34.000366,reference,SPOOFING,CRITICAL,Disagrees with device_A by 29.5 m (threshold 15 m)
2026-07-16T16:01:35.110693,device_A,SPOOFING,CRITICAL,Disagrees with reference by 27.9 m (threshold 15 m)
2026-07-16T16:01:37.068221,reference,SPOOFING,CRITICAL,Disagrees with device_A by 30.7 m (threshold 15 m)
2026-07-16T16:01:37.134971,device_A,SPOOFING,CRITICAL,Disagrees with reference by 29.0 m (threshold 15 m)
2026-07-16T16:01:39.190280,device_A,SPOOFING,CRITICAL,Disagrees with reference by 26.6 m (threshold 15 m)
2026-07-16T16:01:40.055378,reference,SPOOFING,CRITICAL,Disagrees with device_A by 29.1 m (threshold 15 m)
2026-07-16T16:01:41.230671,device_A,SPOOFING,CRITICAL,Disagrees with reference by 28.0 m (threshold 15 m)
2026-07-16T16:01:43.179326,reference,SPOOFING,CRITICAL,Disagrees with device_A by 30.3 m (threshold 15 m)
2026-07-16T16:01:43.262390,device_A,SPOOFING,CRITICAL,Disagrees with reference by 29.9 m (threshold 15 m)
2026-07-16T16:01:45.320997,device_A,SPOOFING,CRITICAL,Disagrees with reference by 28.9 m (threshold 15 m)
2026-07-16T16:01:47.367993,device_A,SPOOFING,CRITICAL,Disagrees with reference by 27.3 m (threshold 15 m)
2026-07-16T16:01:48.192993,reference,SPOOFING,CRITICAL,Disagrees with device_A by 33.1 m (threshold 15 m)
2026-07-16T16:01:49.404791,device_A,SPOOFING,CRITICAL,Disagrees with reference by 31.3 m (threshold 15 m)
2026-07-16T16:01:51.307448,reference,SPOOFING,CRITICAL,Disagrees with device_A by 33.1 m (threshold 15 m)
2026-07-16T16:01:51.452277,device_A,SPOOFING,CRITICAL,Disagrees with reference by 31.2 m (threshold 15 m)
2026-07-16T16:01:53.489139,device_A,SPOOFING,CRITICAL,Disagrees with reference by 29.6 m (threshold 15 m)
2026-07-16T16:01:55.524352,device_A,SPOOFING,CRITICAL,Disagrees with reference by 26.7 m (threshold 15 m)
2026-07-16T16:01:57.553006,device_A,SPOOFING,CRITICAL,Disagrees with reference by 24.4 m (threshold 15 m)
2026-07-16T16:01:59.597261,device_A,SPOOFING,CRITICAL,Disagrees with reference by 21.3 m (threshold 15 m)
2026-07-16T16:02:01.638375,device_A,SPOOFING,CRITICAL,Disagrees with reference by 16.9 m (threshold 15 m)
2026-07-16T16:02:01.958315,reference,SPOOFING,CRITICAL,Disagrees with device_A by 28.7 m (threshold 15 m)
2026-07-16T16:02:03.680777,device_A,SPOOFING,CRITICAL,Disagrees with reference by 26.5 m (threshold 15 m)
2026-07-16T16:02:04.034112,reference,SPOOFING,CRITICAL,Disagrees with device_A by 28.3 m (threshold 15 m)
2026-07-16T16:02:05.714467,device_A,SPOOFING,CRITICAL,Disagrees with reference by 28.1 m (threshold 15 m)
2026-07-16T16:02:07.748803,device_A,SPOOFING,CRITICAL,Disagrees with reference by 26.3 m (threshold 15 m)
2026-07-16T16:02:09.774537,device_A,SPOOFING,CRITICAL,Disagrees with reference by 24.6 m (threshold 15 m)
2026-07-16T16:02:11.818601,device_A,SPOOFING,CRITICAL,Disagrees with reference by 21.7 m (threshold 15 m)
2026-07-16T16:02:13.854125,device_A,SPOOFING,CRITICAL,Disagrees with reference by 18.8 m (threshold 15 m)
2026-07-16T16:02:14.694429,reference,SPOOFING,CRITICAL,Disagrees with device_A by 31.1 m (threshold 15 m)
2026-07-16T16:02:15.904137,device_A,SPOOFING,CRITICAL,Disagrees with reference by 30.7 m (threshold 15 m)
2026-07-16T16:02:17.956279,device_A,SPOOFING,CRITICAL,Disagrees with reference by 28.7 m (threshold 15 m)
2026-07-16T16:02:19.572817,reference,SPOOFING,CRITICAL,Disagrees with device_A by 32.2 m (threshold 15 m)
2026-07-16T16:02:19.996800,device_A,SPOOFING,CRITICAL,Disagrees with reference by 29.8 m (threshold 15 m)
2026-07-16T16:02:21.333201,reference,SPOOFING,CRITICAL,Disagrees with device_A by 30.8 m (threshold 15 m)
2026-07-16T16:02:22.042308,device_A,SPOOFING,CRITICAL,Disagrees with reference by 29.6 m (threshold 15 m)
2026-07-16T16:02:24.070404,device_A,SPOOFING,CRITICAL,Disagrees with reference by 28.9 m (threshold 15 m)
2026-07-16T16:02:26.110842,device_A,SPOOFING,CRITICAL,Disagrees with reference by 26.3 m (threshold 15 m)
2026-07-16T16:02:26.431421,reference,SPOOFING,CRITICAL,Disagrees with device_A by 29.7 m (threshold 15 m)
2026-07-16T16:02:28.166851,device_A,SPOOFING,CRITICAL,Disagrees with reference by 27.9 m (threshold 15 m)
2026-07-16T16:02:29.838541,reference,SPOOFING,CRITICAL,Disagrees with device_A by 30.2 m (threshold 15 m)
2026-07-16T16:02:30.192925,device_A,SPOOFING,CRITICAL,Disagrees with reference by 28.8 m (threshold 15 m)
2026-07-16T16:02:32.068268,reference,SPOOFING,CRITICAL,Disagrees with device_A by 31.0 m (threshold 15 m)
2026-07-16T16:02:32.227585,device_A,SPOOFING,CRITICAL,Disagrees with reference by 29.0 m (threshold 15 m)
2026-07-16T16:02:34.264662,device_A,SPOOFING,CRITICAL,Disagrees with reference by 28.8 m (threshold 15 m)
2026-07-16T16:02:34.424012,reference,SPOOFING,CRITICAL,Disagrees with device_A by 30.8 m (threshold 15 m)
2026-07-16T16:02:36.301168,device_A,SPOOFING,CRITICAL,Disagrees with reference by 29.4 m (threshold 15 m)
2026-07-16T16:02:38.337211,device_A,SPOOFING,CRITICAL,Disagrees with reference by 26.9 m (threshold 15 m)
2026-07-16T16:02:39.740226,reference,SPOOFING,CRITICAL,Disagrees with device_A by 29.3 m (threshold 15 m)
2026-07-16T16:02:40.366653,device_A,SPOOFING,CRITICAL,Disagrees with reference by 28.5 m (threshold 15 m)
2026-07-16T16:02:41.895567,reference,SPOOFING,CRITICAL,Disagrees with device_A by 33.0 m (threshold 15 m)
2026-07-16T16:02:42.393146,device_A,SPOOFING,CRITICAL,Disagrees with reference by 31.6 m (threshold 15 m)
2026-07-16T16:02:44.417256,device_A,SPOOFING,CRITICAL,Disagrees with reference by 29.2 m (threshold 15 m)
2026-07-16T16:02:46.302389,reference,SPOOFING,CRITICAL,Disagrees with device_A by 32.0 m (threshold 15 m)
2026-07-16T16:02:46.482577,device_A,SPOOFING,CRITICAL,Disagrees with reference by 31.6 m (threshold 15 m)
2026-07-16T16:02:48.247592,reference,SPOOFING,CRITICAL,Disagrees with device_A by 32.5 m (threshold 15 m)
2026-07-16T16:02:48.515482,device_A,SPOOFING,CRITICAL,Disagrees with reference by 30.1 m (threshold 15 m)
2026-07-16T16:02:50.557198,device_A,SPOOFING,CRITICAL,Disagrees with reference by 28.2 m (threshold 15 m)
2026-07-16T16:02:52.046305,reference,SPOOFING,CRITICAL,Disagrees with device_A by 29.4 m (threshold 15 m)
2026-07-16T16:02:52.590363,device_A,SPOOFING,CRITICAL,Disagrees with reference by 27.8 m (threshold 15 m)
2026-07-16T16:02:54.097622,reference,SPOOFING,CRITICAL,Disagrees with device_A by 29.4 m (threshold 15 m)
2026-07-16T16:02:54.616263,device_A,SPOOFING,CRITICAL,Disagrees with reference by 28.6 m (threshold 15 m)
2026-07-16T16:02:56.657522,device_A,SPOOFING,CRITICAL,Disagrees with reference by 26.2 m (threshold 15 m)
2026-07-16T16:02:58.766805,device_A,SPOOFING,CRITICAL,Disagrees with reference by 25.2 m (threshold 15 m)
2026-07-16T16:03:00.050088,reference,SPOOFING,CRITICAL,Disagrees with device_A by 29.7 m (threshold 15 m)
2026-07-16T16:03:00.823268,device_A,SPOOFING,CRITICAL,Disagrees with reference by 28.2 m (threshold 15 m)
2026-07-16T16:03:02.848828,device_A,SPOOFING,CRITICAL,Disagrees with reference by 28.0 m (threshold 15 m)
2026-07-16T16:03:04.047841,reference,SPOOFING,CRITICAL,Disagrees with device_A by 31.4 m (threshold 15 m)
2026-07-16T16:03:04.888770,device_A,SPOOFING,CRITICAL,Disagrees with reference by 29.3 m (threshold 15 m)
2026-07-16T16:03:06.304346,reference,SPOOFING,CRITICAL,Disagrees with device_A by 30.9 m (threshold 15 m)
2026-07-16T16:03:06.937984,device_A,SPOOFING,CRITICAL,Disagrees with reference by 30.3 m (threshold 15 m)
2026-07-16T16:03:08.528310,reference,SPOOFING,CRITICAL,Disagrees with device_A by 31.8 m (threshold 15 m)
2026-07-16T16:03:08.981205,device_A,SPOOFING,CRITICAL,Disagrees with reference by 29.9 m (threshold 15 m)
2026-07-16T16:03:11.033927,device_A,SPOOFING,CRITICAL,Disagrees with reference by 29.5 m (threshold 15 m)
2026-07-16T16:03:12.136867,reference,SPOOFING,CRITICAL,Disagrees with device_A by 31.4 m (threshold 15 m)
2026-07-16T16:03:13.098059,device_A,SPOOFING,CRITICAL,Disagrees with reference by 28.5 m (threshold 15 m)
2026-07-16T16:03:15.122398,device_A,SPOOFING,CRITICAL,Disagrees with reference by 26.1 m (threshold 15 m)
2026-07-16T16:03:16.510930,reference,SPOOFING,CRITICAL,Disagrees with device_A by 30.3 m (threshold 15 m)
2026-07-16T16:03:17.149501,device_A,SPOOFING,CRITICAL,Disagrees with reference by 29.4 m (threshold 15 m)
2026-07-16T16:03:19.182433,device_A,SPOOFING,CRITICAL,Disagrees with reference by 27.4 m (threshold 15 m)
2026-07-16T16:03:20.816037,reference,SPOOFING,CRITICAL,Disagrees with device_A by 30.0 m (threshold 15 m)
2026-07-16T16:03:21.214282,device_A,SPOOFING,CRITICAL,Disagrees with reference by 29.8 m (threshold 15 m)
2026-07-16T16:03:23.250256,device_A,SPOOFING,CRITICAL,Disagrees with reference by 26.8 m (threshold 15 m)
2026-07-16T16:03:25.287378,device_A,SPOOFING,CRITICAL,Disagrees with reference by 25.7 m (threshold 15 m)
2026-07-16T16:03:25.348388,reference,SPOOFING,CRITICAL,Disagrees with device_A by 30.0 m (threshold 15 m)
2026-07-16T16:03:27.309298,device_A,SPOOFING,CRITICAL,Disagrees with reference by 28.4 m (threshold 15 m)
2026-07-16T16:03:29.347257,device_A,SPOOFING,CRITICAL,Disagrees with reference by 26.9 m (threshold 15 m)
2026-07-16T16:03:31.374953,device_A,SPOOFING,CRITICAL,Disagrees with reference by 25.4 m (threshold 15 m)
2026-07-16T16:03:33.404549,device_A,SPOOFING,CRITICAL,Disagrees with reference by 22.6 m (threshold 15 m)
2026-07-16T16:03:35.438975,device_A,SPOOFING,CRITICAL,Disagrees with reference by 18.5 m (threshold 15 m)
2026-07-16T16:03:35.695693,reference,SPOOFING,CRITICAL,Disagrees with device_A by 30.0 m (threshold 15 m)
2026-07-16T16:03:37.476963,device_A,SPOOFING,CRITICAL,Disagrees with reference by 29.0 m (threshold 15 m)
2026-07-16T16:03:37.847046,reference,SPOOFING,CRITICAL,Disagrees with device_A by 32.0 m (threshold 15 m)
2026-07-16T16:03:39.512108,device_A,SPOOFING,CRITICAL,Disagrees with reference by 30.9 m (threshold 15 m)
2026-07-16T16:03:41.556840,device_A,SPOOFING,CRITICAL,Disagrees with reference by 27.2 m (threshold 15 m)
2026-07-16T16:03:43.372277,reference,SPOOFING,CRITICAL,Disagrees with device_A by 30.3 m (threshold 15 m)
2026-07-16T16:03:43.593585,device_A,SPOOFING,CRITICAL,Disagrees with reference by 29.8 m (threshold 15 m)
2026-07-16T16:03:45.635766,device_A,SPOOFING,CRITICAL,Disagrees with reference by 28.4 m (threshold 15 m)
2026-07-16T16:03:47.126955,reference,SPOOFING,CRITICAL,Disagrees with device_A by 30.4 m (threshold 15 m)
2026-07-16T16:03:47.682092,device_A,SPOOFING,CRITICAL,Disagrees with reference by 27.9 m (threshold 15 m)
2026-07-16T16:03:49.172933,reference,SPOOFING,CRITICAL,Disagrees with device_A by 28.8 m (threshold 15 m)
2026-07-16T16:03:49.729577,device_A,SPOOFING,CRITICAL,Disagrees with reference by 28.3 m (threshold 15 m)
2026-07-16T16:03:51.114679,reference,SPOOFING,CRITICAL,Disagrees with device_A by 29.5 m (threshold 15 m)
2026-07-16T16:03:51.766334,device_A,SPOOFING,CRITICAL,Disagrees with reference by 29.0 m (threshold 15 m)
2026-07-16T16:03:53.068204,reference,SPOOFING,CRITICAL,Disagrees with device_A by 30.1 m (threshold 15 m)
2026-07-16T16:03:53.800374,device_A,SPOOFING,CRITICAL,Disagrees with reference by 28.8 m (threshold 15 m)
2026-07-16T16:03:55.144224,reference,SPOOFING,CRITICAL,Disagrees with device_A by 30.3 m (threshold 15 m)
2026-07-16T16:03:55.835252,device_A,SPOOFING,CRITICAL,Disagrees with reference by 29.9 m (threshold 15 m)
2026-07-16T16:03:57.568431,reference,SPOOFING,CRITICAL,Disagrees with device_A by 31.7 m (threshold 15 m)
2026-07-16T16:03:57.870353,device_A,SPOOFING,CRITICAL,Disagrees with reference by 29.8 m (threshold 15 m)
2026-07-16T16:03:59.904048,device_A,SPOOFING,CRITICAL,Disagrees with reference by 28.8 m (threshold 15 m)
2026-07-16T16:04:01.944495,device_A,SPOOFING,CRITICAL,Disagrees with reference by 27.7 m (threshold 15 m)
2026-07-16T16:04:02.145742,reference,SPOOFING,CRITICAL,Disagrees with device_A by 32.0 m (threshold 15 m)
2026-07-16T16:04:03.973104,device_A,SPOOFING,CRITICAL,Disagrees with reference by 28.9 m (threshold 15 m)
2026-07-16T16:04:04.027341,reference,SPOOFING,CRITICAL,Disagrees with device_A by 30.3 m (threshold 15 m)
2026-07-16T16:04:06.010863,device_A,SPOOFING,CRITICAL,Disagrees with reference by 29.7 m (threshold 15 m)
2026-07-16T16:04:08.059409,device_A,SPOOFING,CRITICAL,Disagrees with reference by 27.7 m (threshold 15 m)
2026-07-16T16:04:10.130144,device_A,SPOOFING,CRITICAL,Disagrees with reference by 24.4 m (threshold 15 m)
2026-07-16T16:04:12.067913,reference,SPOOFING,CRITICAL,Disagrees with device_A by 28.9 m (threshold 15 m)
2026-07-16T16:04:12.188975,device_A,SPOOFING,CRITICAL,Disagrees with reference by 27.5 m (threshold 15 m)
2026-07-16T16:04:14.223582,device_A,SPOOFING,CRITICAL,Disagrees with reference by 25.8 m (threshold 15 m)
2026-07-16T16:04:18.160825,nav_unit,SPOOFING,CRITICAL,Disagrees with device_A by 30.0 m (threshold 15 m)
2026-07-16T16:04:18.156699,reference,SPOOFING,CRITICAL,Disagrees with device_A by 30.5 m (threshold 15 m)
2026-07-16T16:04:18.168226,device_B,SPOOFING,CRITICAL,Disagrees with nav_unit by 27.7 m (threshold 15 m); Disagrees with reference by 28.2 m (threshold 15 m)
2026-07-16T16:04:20.199268,device_A,SPOOFING,CRITICAL,Disagrees with nav_unit by 26.5 m (threshold 15 m); Disagrees with reference by 27.1 m (threshold 15 m)
2026-07-16T16:04:20.224062,device_B,SPOOFING,CRITICAL,Disagrees with nav_unit by 25.5 m (threshold 15 m); Disagrees with reference by 26.1 m (threshold 15 m)
2026-07-16T16:04:20.541235,nav_unit,SPOOFING,CRITICAL,Disagrees with device_A by 30.2 m (threshold 15 m); Disagrees with device_B by 29.6 m (threshold 15 m)
2026-07-16T16:04:20.542936,reference,SPOOFING,CRITICAL,Disagrees with device_A by 30.8 m (threshold 15 m); Disagrees with device_B by 30.2 m (threshold 15 m)
2026-07-16T16:04:22.234526,device_A,SPOOFING,CRITICAL,Disagrees with nav_unit by 29.3 m (threshold 15 m); Disagrees with reference by 29.9 m (threshold 15 m)
2026-07-16T16:04:22.251726,device_B,SPOOFING,CRITICAL,Disagrees with nav_unit by 28.1 m (threshold 15 m); Disagrees with reference by 28.7 m (threshold 15 m)
2026-07-16T16:04:24.268251,device_A,SPOOFING,CRITICAL,Disagrees with nav_unit by 27.2 m (threshold 15 m); Disagrees with reference by 27.8 m (threshold 15 m)
2026-07-16T16:04:24.289225,device_B,SPOOFING,CRITICAL,Disagrees with nav_unit by 27.2 m (threshold 15 m); Disagrees with reference by 27.8 m (threshold 15 m)
2026-07-16T16:04:34.158930,nav_unit,SPOOFING,CRITICAL,Disagrees with device_B by 31.6 m (threshold 15 m); Disagrees with device_A by 31.8 m (threshold 15 m)
2026-07-16T16:04:34.159231,reference,SPOOFING,CRITICAL,Disagrees with device_B by 31.7 m (threshold 15 m); Disagrees with device_A by 31.9 m (threshold 15 m)
2026-07-16T16:04:34.610983,device_B,SPOOFING,CRITICAL,Disagrees with nav_unit by 30.3 m (threshold 15 m); Disagrees with reference by 30.3 m (threshold 15 m)
2026-07-16T16:04:34.645227,device_A,SPOOFING,CRITICAL,Disagrees with nav_unit by 29.8 m (threshold 15 m); Disagrees with reference by 29.8 m (threshold 15 m)
2026-07-16T16:04:36.269565,reference,SPOOFING,CRITICAL,Disagrees with device_B by 31.2 m (threshold 15 m); Disagrees with device_A by 30.7 m (threshold 15 m)
2026-07-16T16:04:36.269909,nav_unit,SPOOFING,CRITICAL,Disagrees with device_B by 31.2 m (threshold 15 m); Disagrees with device_A by 30.8 m (threshold 15 m)
2026-07-16T16:04:36.627491,device_B,SPOOFING,CRITICAL,Disagrees with nav_unit by 29.4 m (threshold 15 m); Disagrees with reference by 29.2 m (threshold 15 m)
2026-07-16T16:04:36.668829,device_A,SPOOFING,CRITICAL,Disagrees with nav_unit by 29.1 m (threshold 15 m); Disagrees with reference by 29.0 m (threshold 15 m)
2026-07-16T16:04:38.124658,nav_unit,SPOOFING,CRITICAL,Disagrees with device_B by 30.3 m (threshold 15 m); Disagrees with device_A by 30.1 m (threshold 15 m)
2026-07-16T16:04:38.159711,reference,SPOOFING,CRITICAL,Disagrees with device_B by 30.1 m (threshold 15 m); Disagrees with device_A by 29.9 m (threshold 15 m)
2026-07-16T16:04:38.646108,device_B,SPOOFING,CRITICAL,Disagrees with nav_unit by 29.2 m (threshold 15 m); Disagrees with reference by 28.9 m (threshold 15 m)
2026-07-16T16:04:38.704891,device_A,SPOOFING,CRITICAL,Disagrees with nav_unit by 29.5 m (threshold 15 m); Disagrees with reference by 29.2 m (threshold 15 m)
2026-07-16T16:04:40.185033,reference,SPOOFING,CRITICAL,Disagrees with device_B by 29.8 m (threshold 15 m); Disagrees with device_A by 30.1 m (threshold 15 m)
2026-07-16T16:04:40.186623,nav_unit,SPOOFING,CRITICAL,Disagrees with device_B by 30.2 m (threshold 15 m); Disagrees with device_A by 30.5 m (threshold 15 m)
2026-07-16T16:04:40.684611,device_B,SPOOFING,CRITICAL,Disagrees with nav_unit by 28.8 m (threshold 15 m); Disagrees with reference by 28.4 m (threshold 15 m)
2026-07-16T16:04:40.741945,device_A,SPOOFING,CRITICAL,Disagrees with nav_unit by 28.3 m (threshold 15 m); Disagrees with reference by 27.9 m (threshold 15 m)
2026-07-16T16:04:42.424941,reference,SPOOFING,CRITICAL,Disagrees with device_B by 29.6 m (threshold 15 m); Disagrees with device_A by 29.1 m (threshold 15 m)
2026-07-16T16:04:42.429566,nav_unit,SPOOFING,CRITICAL,Disagrees with device_B by 30.1 m (threshold 15 m); Disagrees with device_A by 29.6 m (threshold 15 m)
2026-07-16T16:04:42.732070,device_B,SPOOFING,CRITICAL,Disagrees with nav_unit by 29.3 m (threshold 15 m); Disagrees with reference by 28.8 m (threshold 15 m)
2026-07-16T16:04:42.780882,device_A,SPOOFING,CRITICAL,Disagrees with nav_unit by 30.0 m (threshold 15 m); Disagrees with reference by 29.4 m (threshold 15 m)
2026-07-16T16:04:44.450033,reference,SPOOFING,CRITICAL,Disagrees with device_B by 29.8 m (threshold 15 m); Disagrees with device_A by 30.6 m (threshold 15 m)
2026-07-16T16:04:44.452369,nav_unit,SPOOFING,CRITICAL,Disagrees with device_B by 30.4 m (threshold 15 m); Disagrees with device_A by 31.1 m (threshold 15 m)
2026-07-16T16:04:44.760545,device_B,SPOOFING,CRITICAL,Disagrees with nav_unit by 30.9 m (threshold 15 m); Disagrees with reference by 30.4 m (threshold 15 m)
2026-07-16T16:04:44.802963,device_A,SPOOFING,CRITICAL,Disagrees with nav_unit by 29.7 m (threshold 15 m); Disagrees with reference by 29.1 m (threshold 15 m)
2026-07-16T16:04:46.440089,reference,SPOOFING,CRITICAL,Disagrees with device_B by 31.8 m (threshold 15 m); Disagrees with device_A by 30.3 m (threshold 15 m)
2026-07-16T16:04:46.458071,nav_unit,SPOOFING,CRITICAL,Disagrees with device_B by 32.4 m (threshold 15 m); Disagrees with device_A by 30.9 m (threshold 15 m)
2026-07-16T16:04:46.803132,device_B,SPOOFING,CRITICAL,Disagrees with nav_unit by 29.9 m (threshold 15 m); Disagrees with reference by 29.3 m (threshold 15 m)
2026-07-16T16:04:46.841662,device_A,SPOOFING,CRITICAL,Disagrees with nav_unit by 30.7 m (threshold 15 m); Disagrees with reference by 30.1 m (threshold 15 m)
2026-07-16T16:04:48.362150,reference,SPOOFING,CRITICAL,Disagrees with device_B by 30.8 m (threshold 15 m); Disagrees with device_A by 31.5 m (threshold 15 m)
2026-07-16T16:04:48.387257,nav_unit,SPOOFING,CRITICAL,Disagrees with device_B by 31.4 m (threshold 15 m); Disagrees with device_A by 32.1 m (threshold 15 m)
2026-07-16T16:04:48.830368,device_B,SPOOFING,CRITICAL,Disagrees with nav_unit by 31.5 m (threshold 15 m); Disagrees with reference by 30.9 m (threshold 15 m)
2026-07-16T16:04:48.876921,device_A,SPOOFING,CRITICAL,Disagrees with nav_unit by 30.2 m (threshold 15 m); Disagrees with reference by 29.6 m (threshold 15 m)
2026-07-16T16:04:50.421025,nav_unit,SPOOFING,CRITICAL,Disagrees with device_B by 32.8 m (threshold 15 m); Disagrees with device_A by 31.6 m (threshold 15 m)
2026-07-16T16:04:50.435726,reference,SPOOFING,CRITICAL,Disagrees with device_B by 32.2 m (threshold 15 m); Disagrees with device_A by 31.0 m (threshold 15 m)
2026-07-16T16:04:50.866374,device_B,SPOOFING,CRITICAL,Disagrees with nav_unit by 31.5 m (threshold 15 m); Disagrees with reference by 31.0 m (threshold 15 m)
2026-07-16T16:04:50.913741,device_A,SPOOFING,CRITICAL,Disagrees with nav_unit by 31.2 m (threshold 15 m); Disagrees with reference by 30.7 m (threshold 15 m)
2026-07-16T16:04:52.690544,nav_unit,SPOOFING,CRITICAL,Disagrees with device_B by 32.9 m (threshold 15 m); Disagrees with device_A by 32.6 m (threshold 15 m)
2026-07-16T16:04:52.763311,reference,SPOOFING,CRITICAL,Disagrees with device_B by 32.5 m (threshold 15 m); Disagrees with device_A by 32.2 m (threshold 15 m)
2026-07-16T16:04:52.899351,device_B,SPOOFING,CRITICAL,Disagrees with nav_unit by 31.1 m (threshold 15 m); Disagrees with reference by 30.8 m (threshold 15 m)
2026-07-16T16:04:52.945315,device_A,SPOOFING,CRITICAL,Disagrees with nav_unit by 30.6 m (threshold 15 m); Disagrees with reference by 30.2 m (threshold 15 m)
2026-07-16T16:04:54.929527,device_B,SPOOFING,CRITICAL,Disagrees with nav_unit by 29.9 m (threshold 15 m); Disagrees with reference by 29.7 m (threshold 15 m)
2026-07-16T16:04:54.985722,device_A,SPOOFING,CRITICAL,Disagrees with nav_unit by 29.7 m (threshold 15 m); Disagrees with reference by 29.5 m (threshold 15 m)
2026-07-16T16:04:55.218390,nav_unit,SPOOFING,CRITICAL,Disagrees with device_B by 31.9 m (threshold 15 m); Disagrees with device_A by 31.7 m (threshold 15 m)
2026-07-16T16:04:55.285452,reference,SPOOFING,CRITICAL,Disagrees with device_B by 31.5 m (threshold 15 m); Disagrees with device_A by 31.3 m (threshold 15 m)
2026-07-16T16:04:56.960572,device_B,SPOOFING,CRITICAL,Disagrees with nav_unit by 29.8 m (threshold 15 m); Disagrees with reference by 29.4 m (threshold 15 m)
2026-07-16T16:04:57.032745,device_A,SPOOFING,CRITICAL,Disagrees with nav_unit by 30.4 m (threshold 15 m); Disagrees with reference by 30.0 m (threshold 15 m)
2026-07-16T16:04:57.370916,nav_unit,SPOOFING,CRITICAL,Disagrees with device_B by 31.2 m (threshold 15 m); Disagrees with device_A by 32.0 m (threshold 15 m)
2026-07-16T16:04:57.473852,reference,SPOOFING,CRITICAL,Disagrees with device_B by 30.9 m (threshold 15 m); Disagrees with device_A by 31.8 m (threshold 15 m)
2026-07-16T16:04:58.983642,device_B,SPOOFING,CRITICAL,Disagrees with nav_unit by 30.1 m (threshold 15 m); Disagrees with reference by 29.9 m (threshold 15 m)
2026-07-16T16:04:59.062141,device_A,SPOOFING,CRITICAL,Disagrees with nav_unit by 29.3 m (threshold 15 m); Disagrees with reference by 29.2 m (threshold 15 m)
2026-07-16T16:04:59.297146,reference,SPOOFING,CRITICAL,Disagrees with device_B by 31.2 m (threshold 15 m); Disagrees with device_A by 30.6 m (threshold 15 m)
2026-07-16T16:04:59.302454,nav_unit,SPOOFING,CRITICAL,Disagrees with device_B by 31.3 m (threshold 15 m); Disagrees with device_A by 30.7 m (threshold 15 m)
2026-07-16T16:05:01.035427,device_B,SPOOFING,CRITICAL,Disagrees with nav_unit by 29.9 m (threshold 15 m); Disagrees with reference by 29.9 m (threshold 15 m)
2026-07-16T16:05:01.104159,device_A,SPOOFING,CRITICAL,Disagrees with nav_unit by 28.7 m (threshold 15 m); Disagrees with reference by 28.7 m (threshold 15 m)
2026-07-16T16:05:02.016628,nav_unit,SPOOFING,CRITICAL,Disagrees with device_B by 31.1 m (threshold 15 m); Disagrees with device_A by 30.1 m (threshold 15 m)
2026-07-16T16:05:02.028731,reference,SPOOFING,CRITICAL,Disagrees with device_B by 31.1 m (threshold 15 m); Disagrees with device_A by 30.2 m (threshold 15 m)
2026-07-16T16:05:03.091009,device_B,SPOOFING,CRITICAL,Disagrees with nav_unit by 28.2 m (threshold 15 m); Disagrees with reference by 28.3 m (threshold 15 m)
2026-07-16T16:05:03.149432,device_A,SPOOFING,CRITICAL,Disagrees with nav_unit by 28.2 m (threshold 15 m); Disagrees with reference by 28.3 m (threshold 15 m)
2026-07-16T16:05:04.364082,nav_unit,SPOOFING,CRITICAL,Disagrees with device_B by 29.2 m (threshold 15 m); Disagrees with device_A by 29.3 m (threshold 15 m)
2026-07-16T16:05:04.366952,reference,SPOOFING,CRITICAL,Disagrees with device_B by 29.4 m (threshold 15 m); Disagrees with device_A by 29.5 m (threshold 15 m)
2026-07-16T16:05:05.114414,device_B,SPOOFING,CRITICAL,Disagrees with nav_unit by 28.0 m (threshold 15 m); Disagrees with reference by 28.3 m (threshold 15 m)
2026-07-16T16:05:05.177754,device_A,SPOOFING,CRITICAL,Disagrees with nav_unit by 28.7 m (threshold 15 m); Disagrees with reference by 29.0 m (threshold 15 m)
2026-07-16T16:05:06.897830,reference,SPOOFING,CRITICAL,Disagrees with device_B by 29.6 m (threshold 15 m); Disagrees with device_A by 30.2 m (threshold 15 m)
2026-07-16T16:05:06.901885,nav_unit,SPOOFING,CRITICAL,Disagrees with device_B by 29.3 m (threshold 15 m); Disagrees with device_A by 29.9 m (threshold 15 m)
2026-07-16T16:05:07.146391,device_B,SPOOFING,CRITICAL,Disagrees with nav_unit by 28.2 m (threshold 15 m); Disagrees with reference by 28.6 m (threshold 15 m)
2026-07-16T16:05:07.214043,device_A,SPOOFING,CRITICAL,Disagrees with nav_unit by 28.6 m (threshold 15 m); Disagrees with reference by 29.0 m (threshold 15 m)
2026-07-16T16:05:09.174689,device_B,SPOOFING,CRITICAL,Disagrees with nav_unit by 26.7 m (threshold 15 m); Disagrees with reference by 27.2 m (threshold 15 m)
2026-07-16T16:05:09.256108,nav_unit,SPOOFING,CRITICAL,Disagrees with device_B by 28.6 m (threshold 15 m); Disagrees with device_A by 30.0 m (threshold 15 m)
2026-07-16T16:05:09.257484,reference,SPOOFING,CRITICAL,Disagrees with device_B by 29.1 m (threshold 15 m); Disagrees with device_A by 30.5 m (threshold 15 m)
2026-07-16T16:05:09.279138,device_A,SPOOFING,CRITICAL,Disagrees with nav_unit by 29.3 m (threshold 15 m); Disagrees with reference by 29.8 m (threshold 15 m)
2026-07-16T16:05:11.215990,device_B,SPOOFING,CRITICAL,Disagrees with nav_unit by 27.6 m (threshold 15 m); Disagrees with reference by 28.1 m (threshold 15 m)
2026-07-16T16:05:11.337929,device_A,SPOOFING,CRITICAL,Disagrees with nav_unit by 27.0 m (threshold 15 m); Disagrees with reference by 27.5 m (threshold 15 m)
2026-07-16T16:05:11.386142,reference,SPOOFING,CRITICAL,Disagrees with device_B by 30.2 m (threshold 15 m); Disagrees with device_A by 29.6 m (threshold 15 m)
2026-07-16T16:05:11.399635,nav_unit,SPOOFING,CRITICAL,Disagrees with device_B by 29.6 m (threshold 15 m); Disagrees with device_A by 29.0 m (threshold 15 m)
2026-07-16T16:05:13.255442,device_B,SPOOFING,CRITICAL,Disagrees with nav_unit by 28.4 m (threshold 15 m); Disagrees with reference by 29.0 m (threshold 15 m)
2026-07-16T16:05:13.387032,device_A,SPOOFING,CRITICAL,Disagrees with nav_unit by 28.4 m (threshold 15 m); Disagrees with reference by 29.0 m (threshold 15 m)
2026-07-16T16:05:13.755749,reference,SPOOFING,CRITICAL,Disagrees with device_B by 30.9 m (threshold 15 m); Disagrees with device_A by 31.1 m (threshold 15 m)
2026-07-16T16:05:13.759652,nav_unit,SPOOFING,CRITICAL,Disagrees with device_B by 30.3 m (threshold 15 m); Disagrees with device_A by 30.5 m (threshold 15 m)
2026-07-16T16:05:15.286373,device_B,SPOOFING,CRITICAL,Disagrees with nav_unit by 28.3 m (threshold 15 m); Disagrees with reference by 28.9 m (threshold 15 m)
2026-07-16T16:05:15.409091,device_A,SPOOFING,CRITICAL,Disagrees with nav_unit by 28.6 m (threshold 15 m); Disagrees with reference by 29.2 m (threshold 15 m)
2026-07-16T16:05:15.747591,nav_unit,SPOOFING,CRITICAL,Disagrees with device_B by 30.1 m (threshold 15 m); Disagrees with device_A by 30.4 m (threshold 15 m)
2026-07-16T16:05:15.771143,reference,SPOOFING,CRITICAL,Disagrees with device_B by 30.7 m (threshold 15 m); Disagrees with device_A by 31.0 m (threshold 15 m)
2026-07-16T16:05:17.350880,device_B,SPOOFING,CRITICAL,Disagrees with nav_unit by 29.3 m (threshold 15 m); Disagrees with reference by 29.9 m (threshold 15 m)
2026-07-16T16:05:17.448235,device_A,SPOOFING,CRITICAL,Disagrees with nav_unit by 30.2 m (threshold 15 m); Disagrees with reference by 30.7 m (threshold 15 m)
2026-07-16T16:05:18.123782,reference,SPOOFING,CRITICAL,Disagrees with device_B by 31.6 m (threshold 15 m); Disagrees with device_A by 32.4 m (threshold 15 m)
2026-07-16T16:05:18.127080,nav_unit,SPOOFING,CRITICAL,Disagrees with device_B by 31.1 m (threshold 15 m); Disagrees with device_A by 31.9 m (threshold 15 m)
2026-07-16T16:05:19.380217,device_B,SPOOFING,CRITICAL,Disagrees with nav_unit by 30.3 m (threshold 15 m); Disagrees with reference by 30.8 m (threshold 15 m)
2026-07-16T16:05:19.505755,device_A,SPOOFING,CRITICAL,Disagrees with nav_unit by 30.0 m (threshold 15 m); Disagrees with reference by 30.5 m (threshold 15 m)
2026-07-16T16:05:20.034123,reference,SPOOFING,CRITICAL,Disagrees with device_B by 32.5 m (threshold 15 m); Disagrees with device_A by 32.1 m (threshold 15 m)
2026-07-16T16:05:21.414299,device_B,SPOOFING,CRITICAL,Disagrees with nav_unit by 29.7 m (threshold 15 m); Disagrees with reference by 30.1 m (threshold 15 m)
2026-07-16T16:05:21.540782,device_A,SPOOFING,CRITICAL,Disagrees with nav_unit by 30.2 m (threshold 15 m); Disagrees with reference by 30.6 m (threshold 15 m)
2026-07-16T16:05:21.558865,device_B,MITIGATION,WARNING,Mitigation active: Blocked source device_B (IP: 127.0.0.1)
2026-07-16T16:05:22.350366,nav_unit,SPOOFING,CRITICAL,Disagrees with device_A by 31.6 m (threshold 15 m)
2026-07-16T16:05:22.352042,reference,SPOOFING,CRITICAL,Disagrees with device_A by 32.0 m (threshold 15 m)
2026-07-16T16:05:23.565983,device_A,SPOOFING,CRITICAL,Disagrees with nav_unit by 29.5 m (threshold 15 m); Disagrees with reference by 29.9 m (threshold 15 m)
2026-07-16T16:05:24.416545,nav_unit,SPOOFING,CRITICAL,Disagrees with device_A by 30.9 m (threshold 15 m)
2026-07-16T16:05:24.417370,reference,SPOOFING,CRITICAL,Disagrees with device_A by 31.2 m (threshold 15 m)
2026-07-16T16:05:25.595461,device_A,SPOOFING,CRITICAL,Disagrees with nav_unit by 29.1 m (threshold 15 m); Disagrees with reference by 29.3 m (threshold 15 m)
2026-07-16T16:05:26.162840,nav_unit,MITIGATION,WARNING,Mitigation active: Blocked source nav_unit (IP: 47.247.94.97)
2026-07-16T16:05:26.556150,reference,SPOOFING,CRITICAL,Disagrees with device_A by 30.3 m (threshold 15 m)
2026-07-16T16:05:27.634787,device_A,SPOOFING,CRITICAL,Disagrees with reference by 29.5 m (threshold 15 m)
2026-07-16T16:05:28.695676,reference,SPOOFING,CRITICAL,Disagrees with device_A by 30.5 m (threshold 15 m)
2026-07-16T16:05:29.676300,device_A,SPOOFING,CRITICAL,Disagrees with reference by 29.6 m (threshold 15 m)
2026-07-16T16:05:31.741708,device_A,SPOOFING,CRITICAL,Disagrees with reference by 27.6 m (threshold 15 m)
2026-07-16T16:05:33.211367,reference,SPOOFING,CRITICAL,Disagrees with device_A by 30.1 m (threshold 15 m)
2026-07-16T16:05:33.784256,device_A,SPOOFING,CRITICAL,Disagrees with reference by 28.0 m (threshold 15 m)
2026-07-16T16:05:35.489194,reference,SPOOFING,CRITICAL,Disagrees with device_A by 29.5 m (threshold 15 m)
2026-07-16T16:05:35.820581,device_A,SPOOFING,CRITICAL,Disagrees with reference by 27.9 m (threshold 15 m)
2026-07-16T16:05:37.856824,device_A,SPOOFING,CRITICAL,Disagrees with reference by 27.5 m (threshold 15 m)
2026-07-16T16:05:38.134438,reference,SPOOFING,CRITICAL,Disagrees with device_A by 29.5 m (threshold 15 m)
2026-07-16T16:05:39.881750,device_A,SPOOFING,CRITICAL,Disagrees with reference by 28.5 m (threshold 15 m)
2026-07-16T16:05:40.079003,reference,SPOOFING,CRITICAL,Disagrees with device_A by 30.9 m (threshold 15 m)
2026-07-16T16:05:41.903951,device_A,SPOOFING,CRITICAL,Disagrees with reference by 29.0 m (threshold 15 m)
2026-07-16T16:05:42.130190,reference,SPOOFING,CRITICAL,Disagrees with device_A by 30.6 m (threshold 15 m)
2026-07-16T16:05:43.911305,reference,SPOOFING,CRITICAL,Disagrees with device_A by 31.8 m (threshold 15 m)
2026-07-16T16:05:43.947057,device_A,SPOOFING,CRITICAL,Disagrees with reference by 30.5 m (threshold 15 m)
2026-07-16T16:05:45.989038,device_A,SPOOFING,CRITICAL,Disagrees with reference by 29.5 m (threshold 15 m)
2026-07-16T16:05:48.044234,device_A,SPOOFING,CRITICAL,Disagrees with reference by 27.2 m (threshold 15 m)
2026-07-16T16:05:49.601743,reference,SPOOFING,CRITICAL,Disagrees with device_A by 31.6 m (threshold 15 m)
2026-07-16T16:05:50.085531,device_A,SPOOFING,CRITICAL,Disagrees with reference by 31.3 m (threshold 15 m)
2026-07-16T16:05:52.128723,device_A,SPOOFING,CRITICAL,Disagrees with reference by 28.8 m (threshold 15 m)
2026-07-16T16:05:53.418445,reference,SPOOFING,CRITICAL,Disagrees with device_A by 31.1 m (threshold 15 m)
2026-07-16T16:05:54.163198,device_A,SPOOFING,CRITICAL,Disagrees with reference by 28.9 m (threshold 15 m)
2026-07-16T16:05:56.202650,device_A,SPOOFING,CRITICAL,Disagrees with reference by 28.1 m (threshold 15 m)
2026-07-16T16:05:58.243028,device_A,SPOOFING,CRITICAL,Disagrees with reference by 24.9 m (threshold 15 m)
2026-07-16T16:06:00.288180,device_A,SPOOFING,CRITICAL,Disagrees with reference by 23.4 m (threshold 15 m)
2026-07-16T16:06:02.332037,device_A,SPOOFING,CRITICAL,Disagrees with reference by 21.1 m (threshold 15 m)
2026-07-16T16:06:03.949043,reference,SPOOFING,CRITICAL,Disagrees with device_A by 31.0 m (threshold 15 m)
2026-07-16T16:06:04.372575,device_A,SPOOFING,CRITICAL,Disagrees with reference by 29.2 m (threshold 15 m)
2026-07-16T16:06:05.899973,reference,SPOOFING,CRITICAL,Disagrees with device_A by 30.9 m (threshold 15 m)
2026-07-16T16:06:06.402826,device_A,SPOOFING,CRITICAL,Disagrees with reference by 30.4 m (threshold 15 m)
2026-07-16T16:06:08.043815,reference,SPOOFING,CRITICAL,Disagrees with device_A by 31.8 m (threshold 15 m)
2026-07-16T16:06:08.440408,device_A,SPOOFING,CRITICAL,Disagrees with reference by 30.1 m (threshold 15 m)
2026-07-16T16:06:09.952307,reference,SPOOFING,CRITICAL,Disagrees with device_A by 31.6 m (threshold 15 m)
2026-07-16T16:06:10.467867,device_A,SPOOFING,CRITICAL,Disagrees with reference by 31.7 m (threshold 15 m)
2026-07-16T16:06:12.527498,device_A,SPOOFING,CRITICAL,Disagrees with reference by 30.6 m (threshold 15 m)
2026-07-16T16:06:13.663078,reference,SPOOFING,CRITICAL,Disagrees with device_A by 33.4 m (threshold 15 m)
2026-07-16T16:06:14.565404,device_A,SPOOFING,CRITICAL,Disagrees with reference by 31.6 m (threshold 15 m)
2026-07-16T16:06:16.590788,device_A,SPOOFING,CRITICAL,Disagrees with reference by 28.4 m (threshold 15 m)
2026-07-16T16:06:17.677919,reference,SPOOFING,CRITICAL,Disagrees with device_A by 30.8 m (threshold 15 m)
2026-07-16T16:06:18.617267,device_A,SPOOFING,CRITICAL,Disagrees with reference by 29.8 m (threshold 15 m)
2026-07-16T16:06:19.701896,reference,SPOOFING,CRITICAL,Disagrees with device_A by 30.8 m (threshold 15 m)
2026-07-16T16:06:20.680451,device_A,SPOOFING,CRITICAL,Disagrees with reference by 28.7 m (threshold 15 m)
2026-07-16T16:06:22.707912,device_A,SPOOFING,CRITICAL,Disagrees with reference by 27.4 m (threshold 15 m)
2026-07-16T16:06:24.747643,device_A,SPOOFING,CRITICAL,Disagrees with reference by 24.4 m (threshold 15 m)
2026-07-16T16:06:25.650046,reference,SPOOFING,CRITICAL,Disagrees with device_A by 28.9 m (threshold 15 m)
2026-07-16T16:06:26.824794,device_A,SPOOFING,CRITICAL,Disagrees with reference by 27.6 m (threshold 15 m)
2026-07-16T16:06:27.691344,reference,SPOOFING,CRITICAL,Disagrees with device_A by 28.9 m (threshold 15 m)
2026-07-16T16:06:28.882403,device_A,SPOOFING,CRITICAL,Disagrees with reference by 27.6 m (threshold 15 m)
2026-07-16T16:06:29.737639,reference,SPOOFING,CRITICAL,Disagrees with device_A by 29.1 m (threshold 15 m)
2026-07-16T16:06:30.935704,device_A,SPOOFING,CRITICAL,Disagrees with reference by 28.6 m (threshold 15 m)
2026-07-16T16:06:31.658908,reference,SPOOFING,CRITICAL,Disagrees with device_A by 30.1 m (threshold 15 m)
2026-07-16T16:06:33.005067,device_A,SPOOFING,CRITICAL,Disagrees with reference by 28.8 m (threshold 15 m)
2026-07-16T16:06:33.426802,reference,SPOOFING,CRITICAL,Disagrees with device_A by 30.4 m (threshold 15 m)
2026-07-16T16:06:35.037074,device_A,SPOOFING,CRITICAL,Disagrees with reference by 29.2 m (threshold 15 m)
2026-07-16T16:06:35.315747,reference,SPOOFING,CRITICAL,Disagrees with device_A by 30.7 m (threshold 15 m)
2026-07-16T16:06:37.070211,device_A,SPOOFING,CRITICAL,Disagrees with reference by 29.6 m (threshold 15 m)
2026-07-16T16:06:37.503641,reference,SPOOFING,CRITICAL,Disagrees with device_A by 31.3 m (threshold 15 m)
2026-07-16T16:06:39.104377,device_A,SPOOFING,CRITICAL,Disagrees with reference by 30.0 m (threshold 15 m)
2026-07-16T16:06:39.775442,reference,SPOOFING,CRITICAL,Disagrees with device_A by 31.6 m (threshold 15 m)
2026-07-16T16:06:41.134225,device_A,SPOOFING,CRITICAL,Disagrees with reference by 29.3 m (threshold 15 m)
2026-07-16T16:06:43.192900,device_A,SPOOFING,CRITICAL,Disagrees with reference by 28.6 m (threshold 15 m)
2026-07-16T16:06:45.224734,device_A,SPOOFING,CRITICAL,Disagrees with reference by 25.7 m (threshold 15 m)
2026-07-16T16:06:46.121987,reference,SPOOFING,CRITICAL,Disagrees with device_A by 31.2 m (threshold 15 m)
2026-07-16T16:06:47.275650,device_A,SPOOFING,CRITICAL,Disagrees with reference by 29.6 m (threshold 15 m)
2026-07-16T16:06:48.066269,reference,SPOOFING,CRITICAL,Disagrees with device_A by 30.6 m (threshold 15 m)
2026-07-16T16:06:49.315429,device_A,SPOOFING,CRITICAL,Disagrees with reference by 29.2 m (threshold 15 m)
2026-07-16T16:06:49.909048,reference,SPOOFING,CRITICAL,Disagrees with device_A by 30.2 m (threshold 15 m)
2026-07-16T16:06:51.344911,device_A,SPOOFING,CRITICAL,Disagrees with reference by 29.5 m (threshold 15 m)
2026-07-16T16:06:53.374403,device_A,SPOOFING,CRITICAL,Disagrees with reference by 27.6 m (threshold 15 m)
2026-07-16T16:06:55.399526,device_A,SPOOFING,CRITICAL,Disagrees with reference by 24.3 m (threshold 15 m)
2026-07-16T16:06:57.426953,device_A,SPOOFING,CRITICAL,Disagrees with reference by 22.6 m (threshold 15 m)
2026-07-16T16:06:57.436506,reference,SPOOFING,CRITICAL,Disagrees with device_A by 30.5 m (threshold 15 m)
2026-07-16T16:06:59.326566,reference,SPOOFING,CRITICAL,Disagrees with device_A by 31.7 m (threshold 15 m)
2026-07-16T16:06:59.469577,device_A,SPOOFING,CRITICAL,Disagrees with reference by 30.5 m (threshold 15 m)
2026-07-16T16:07:01.496331,device_A,SPOOFING,CRITICAL,Disagrees with reference by 31.0 m (threshold 15 m)
2026-07-16T16:07:01.653156,reference,SPOOFING,CRITICAL,Disagrees with device_A by 32.7 m (threshold 15 m)
2026-07-16T16:07:03.526649,device_A,SPOOFING,CRITICAL,Disagrees with reference by 29.5 m (threshold 15 m)
2026-07-16T16:07:03.842492,reference,SPOOFING,CRITICAL,Disagrees with device_A by 31.3 m (threshold 15 m)
2026-07-16T16:07:05.567742,device_A,SPOOFING,CRITICAL,Disagrees with reference by 30.0 m (threshold 15 m)
2026-07-16T16:07:06.186407,reference,SPOOFING,CRITICAL,Disagrees with device_A by 31.6 m (threshold 15 m)
2026-07-16T16:07:07.603096,device_A,SPOOFING,CRITICAL,Disagrees with reference by 31.2 m (threshold 15 m)
2026-07-16T16:07:07.969722,reference,SPOOFING,CRITICAL,Disagrees with device_A by 32.7 m (threshold 15 m)
2026-07-16T16:07:09.635113,device_A,SPOOFING,CRITICAL,Disagrees with reference by 30.3 m (threshold 15 m)
2026-07-16T16:07:11.670848,device_A,SPOOFING,CRITICAL,Disagrees with reference by 27.2 m (threshold 15 m)
2026-07-16T16:07:11.964350,reference,SPOOFING,CRITICAL,Disagrees with device_A by 29.6 m (threshold 15 m)
2026-07-16T16:07:13.705737,device_A,SPOOFING,CRITICAL,Disagrees with reference by 28.4 m (threshold 15 m)
2026-07-16T16:07:13.830167,reference,SPOOFING,CRITICAL,Disagrees with device_A by 29.6 m (threshold 15 m)
2026-07-16T16:07:15.740316,device_A,SPOOFING,CRITICAL,Disagrees with reference by 27.5 m (threshold 15 m)
2026-07-16T16:07:17.778168,device_A,SPOOFING,CRITICAL,Disagrees with reference by 25.7 m (threshold 15 m)
2026-07-16T16:07:19.842248,device_A,SPOOFING,CRITICAL,Disagrees with reference by 23.8 m (threshold 15 m)
2026-07-16T16:07:20.410486,reference,SPOOFING,CRITICAL,Disagrees with device_A by 29.6 m (threshold 15 m)
2026-07-16T16:07:21.885841,device_A,SPOOFING,CRITICAL,Disagrees with reference by 28.2 m (threshold 15 m)
2026-07-16T16:07:23.918251,device_A,SPOOFING,CRITICAL,Disagrees with reference by 26.2 m (threshold 15 m)
2026-07-16T16:07:25.948880,device_A,SPOOFING,CRITICAL,Disagrees with reference by 24.6 m (threshold 15 m)
2026-07-16T16:07:26.265713,reference,SPOOFING,CRITICAL,Disagrees with device_A by 30.7 m (threshold 15 m)
2026-07-16T16:07:27.998540,device_A,SPOOFING,CRITICAL,Disagrees with reference by 29.5 m (threshold 15 m)
2026-07-16T16:07:30.563620,device_B,SPOOFING,CRITICAL,Disagrees with reference by 31.1 m (threshold 15 m); Disagrees with nav_unit by 32.2 m (threshold 15 m)
2026-07-16T16:07:30.563995,device_A,SPOOFING,CRITICAL,Disagrees with reference by 30.3 m (threshold 15 m); Disagrees with nav_unit by 31.3 m (threshold 15 m)
2026-07-16T16:07:32.591015,device_B,SPOOFING,CRITICAL,Disagrees with reference by 27.6 m (threshold 15 m); Disagrees with nav_unit by 28.8 m (threshold 15 m)
2026-07-16T16:07:32.627155,device_A,SPOOFING,CRITICAL,Disagrees with reference by 27.7 m (threshold 15 m); Disagrees with nav_unit by 28.9 m (threshold 15 m)
2026-07-16T16:07:32.946468,reference,SPOOFING,CRITICAL,Disagrees with device_B by 31.6 m (threshold 15 m); Disagrees with device_A by 31.8 m (threshold 15 m)
2026-07-16T16:07:34.628002,device_B,SPOOFING,CRITICAL,Disagrees with reference by 29.2 m (threshold 15 m); Disagrees with nav_unit by 29.5 m (threshold 15 m)
2026-07-16T16:07:34.660003,device_A,SPOOFING,CRITICAL,Disagrees with reference by 28.9 m (threshold 15 m); Disagrees with nav_unit by 29.1 m (threshold 15 m)
2026-07-16T16:07:35.185256,nav_unit,SPOOFING,CRITICAL,Disagrees with device_B by 30.8 m (threshold 15 m); Disagrees with device_A by 30.7 m (threshold 15 m)
2026-07-16T16:07:35.206255,reference,SPOOFING,CRITICAL,Disagrees with device_B by 30.6 m (threshold 15 m); Disagrees with device_A by 30.5 m (threshold 15 m)
2026-07-16T16:07:36.666298,device_B,SPOOFING,CRITICAL,Disagrees with reference by 30.3 m (threshold 15 m); Disagrees with nav_unit by 30.4 m (threshold 15 m)
2026-07-16T16:07:36.713046,device_A,SPOOFING,CRITICAL,Disagrees with reference by 29.8 m (threshold 15 m); Disagrees with nav_unit by 29.9 m (threshold 15 m)
2026-07-16T16:07:37.377002,nav_unit,SPOOFING,CRITICAL,Disagrees with device_B by 31.7 m (threshold 15 m); Disagrees with device_A by 31.4 m (threshold 15 m)
2026-07-16T16:07:37.382316,reference,SPOOFING,CRITICAL,Disagrees with device_B by 31.6 m (threshold 15 m); Disagrees with device_A by 31.3 m (threshold 15 m)
2026-07-16T16:07:38.722407,device_B,SPOOFING,CRITICAL,Disagrees with reference by 29.1 m (threshold 15 m); Disagrees with nav_unit by 29.1 m (threshold 15 m)
2026-07-16T16:07:38.754823,device_A,SPOOFING,CRITICAL,Disagrees with reference by 29.0 m (threshold 15 m); Disagrees with nav_unit by 29.0 m (threshold 15 m)
2026-07-16T16:07:39.296717,reference,SPOOFING,CRITICAL,Disagrees with device_B by 30.0 m (threshold 15 m); Disagrees with device_A by 30.1 m (threshold 15 m)
2026-07-16T16:07:39.298212,nav_unit,SPOOFING,CRITICAL,Disagrees with device_B by 29.9 m (threshold 15 m); Disagrees with device_A by 30.0 m (threshold 15 m)
2026-07-16T16:07:40.760776,device_B,SPOOFING,CRITICAL,Disagrees with reference by 28.7 m (threshold 15 m); Disagrees with nav_unit by 28.6 m (threshold 15 m)
2026-07-16T16:07:40.792673,device_A,SPOOFING,CRITICAL,Disagrees with reference by 28.3 m (threshold 15 m); Disagrees with nav_unit by 28.2 m (threshold 15 m)
2026-07-16T16:07:41.427713,reference,SPOOFING,CRITICAL,Disagrees with device_B by 29.9 m (threshold 15 m); Disagrees with device_A by 29.6 m (threshold 15 m)
2026-07-16T16:07:41.443025,nav_unit,SPOOFING,CRITICAL,Disagrees with device_B by 29.7 m (threshold 15 m); Disagrees with device_A by 29.4 m (threshold 15 m)
2026-07-16T16:07:42.793782,device_B,SPOOFING,CRITICAL,Disagrees with reference by 28.7 m (threshold 15 m); Disagrees with nav_unit by 28.4 m (threshold 15 m)
2026-07-16T16:07:42.852767,device_A,SPOOFING,CRITICAL,Disagrees with reference by 27.7 m (threshold 15 m); Disagrees with nav_unit by 27.5 m (threshold 15 m)
2026-07-16T16:07:43.360709,device_B,MITIGATION,WARNING,Mitigation active: Blocked source device_B (IP: 127.0.0.1)
2026-07-16T16:07:43.371380,nav_unit,SPOOFING,CRITICAL,Disagrees with device_A by 28.7 m (threshold 15 m)
2026-07-16T16:07:43.377183,reference,SPOOFING,CRITICAL,Disagrees with device_A by 29.1 m (threshold 15 m)
2026-07-16T16:07:44.882328,device_A,SPOOFING,CRITICAL,Disagrees with reference by 28.0 m (threshold 15 m); Disagrees with nav_unit by 27.6 m (threshold 15 m)
2026-07-16T16:07:45.316902,reference,SPOOFING,CRITICAL,Disagrees with device_A by 29.3 m (threshold 15 m)
2026-07-16T16:07:45.329384,nav_unit,SPOOFING,CRITICAL,Disagrees with device_A by 28.8 m (threshold 15 m)
2026-07-16T16:07:46.910759,device_A,SPOOFING,CRITICAL,Disagrees with reference by 28.0 m (threshold 15 m); Disagrees with nav_unit by 27.5 m (threshold 15 m)
2026-07-16T16:07:47.562586,nav_unit,SPOOFING,CRITICAL,Disagrees with device_A by 29.2 m (threshold 15 m)
2026-07-16T16:07:47.564513,reference,SPOOFING,CRITICAL,Disagrees with device_A by 29.8 m (threshold 15 m)
2026-07-16T16:07:48.932242,device_A,SPOOFING,CRITICAL,Disagrees with reference by 29.5 m (threshold 15 m); Disagrees with nav_unit by 28.9 m (threshold 15 m)
2026-07-16T16:07:49.614042,nav_unit,SPOOFING,CRITICAL,Disagrees with device_A by 30.6 m (threshold 15 m)
2026-07-16T16:07:49.617784,reference,SPOOFING,CRITICAL,Disagrees with device_A by 31.2 m (threshold 15 m)
2026-07-16T16:07:49.825073,nav_unit,MITIGATION,WARNING,Mitigation active: Blocked source nav_unit (IP: 47.247.94.97)
2026-07-16T16:07:50.984763,device_A,SPOOFING,CRITICAL,Disagrees with reference by 30.0 m (threshold 15 m)
2026-07-16T16:07:53.010333,device_A,SPOOFING,CRITICAL,Disagrees with reference by 28.3 m (threshold 15 m)
2026-07-16T16:07:55.039201,device_A,SPOOFING,CRITICAL,Disagrees with reference by 26.9 m (threshold 15 m)
2026-07-16T16:07:55.350083,reference,SPOOFING,CRITICAL,Disagrees with device_A by 32.7 m (threshold 15 m)
2026-07-16T16:07:57.076534,device_A,SPOOFING,CRITICAL,Disagrees with reference by 30.5 m (threshold 15 m)
2026-07-16T16:07:59.106702,device_A,SPOOFING,CRITICAL,Disagrees with reference by 28.7 m (threshold 15 m)
2026-07-16T16:07:59.237120,reference,SPOOFING,CRITICAL,Disagrees with device_A by 31.9 m (threshold 15 m)
2026-07-16T16:08:01.152039,device_A,SPOOFING,CRITICAL,Disagrees with reference by 29.3 m (threshold 15 m)
2026-07-16T16:08:03.213698,device_A,SPOOFING,CRITICAL,Disagrees with reference by 28.8 m (threshold 15 m)
2026-07-16T16:08:03.747464,reference,SPOOFING,CRITICAL,Disagrees with device_A by 31.7 m (threshold 15 m)
2026-07-16T16:08:05.240673,device_A,SPOOFING,CRITICAL,Disagrees with reference by 28.8 m (threshold 15 m)
2026-07-16T16:08:05.907017,reference,SPOOFING,CRITICAL,Disagrees with device_A by 30.2 m (threshold 15 m)
2026-07-16T16:08:07.275458,device_A,SPOOFING,CRITICAL,Disagrees with reference by 28.4 m (threshold 15 m)
2026-07-16T16:08:08.210923,reference,SPOOFING,CRITICAL,Disagrees with device_A by 29.5 m (threshold 15 m)
2026-07-16T16:08:09.310925,device_A,SPOOFING,CRITICAL,Disagrees with reference by 27.6 m (threshold 15 m)
2026-07-16T16:08:09.490740,system,INFO,INFO,System state reset by administrator
2026-07-16T16:08:16.635532,reference,SPOOFING,CRITICAL,Disagrees with device_A by 30.1 m (threshold 15 m)
2026-07-16T16:08:17.417772,device_A,SPOOFING,CRITICAL,Disagrees with reference by 28.5 m (threshold 15 m)
2026-07-16T16:08:18.702610,reference,SPOOFING,CRITICAL,Disagrees with device_A by 29.9 m (threshold 15 m)
2026-07-16T16:08:19.453575,device_A,SPOOFING,CRITICAL,Disagrees with reference by 29.6 m (threshold 15 m)
2026-07-16T16:08:21.476774,device_A,SPOOFING,CRITICAL,Disagrees with reference by 28.7 m (threshold 15 m)
2026-07-16T16:08:23.500845,device_A,SPOOFING,CRITICAL,Disagrees with reference by 26.4 m (threshold 15 m)
2026-07-16T16:08:25.523944,device_A,SPOOFING,CRITICAL,Disagrees with reference by 23.4 m (threshold 15 m)
2026-07-16T16:08:25.628613,reference,SPOOFING,CRITICAL,Disagrees with device_A by 30.3 m (threshold 15 m)
2026-07-16T16:08:27.474392,reference,SPOOFING,CRITICAL,Disagrees with device_A by 31.2 m (threshold 15 m)
2026-07-16T16:08:27.549041,device_A,SPOOFING,CRITICAL,Disagrees with reference by 31.7 m (threshold 15 m)
2026-07-16T16:08:29.576728,device_A,SPOOFING,CRITICAL,Disagrees with reference by 28.7 m (threshold 15 m)
2026-07-16T16:08:31.614121,device_A,SPOOFING,CRITICAL,Disagrees with reference by 26.7 m (threshold 15 m)
2026-07-16T16:08:33.643094,device_A,SPOOFING,CRITICAL,Disagrees with reference by 25.6 m (threshold 15 m)
2026-07-16T16:08:35.668787,device_A,SPOOFING,CRITICAL,Disagrees with reference by 21.0 m (threshold 15 m)
2026-07-16T16:08:35.897245,system,INFO,INFO,System state reset by administrator
2026-07-16T16:08:38.573704,reference,SPOOFING,CRITICAL,Disagrees with device_A by 29.6 m (threshold 15 m)
2026-07-16T16:08:39.716512,device_A,SPOOFING,CRITICAL,Disagrees with reference by 29.2 m (threshold 15 m)
2026-07-16T16:08:41.771643,device_A,SPOOFING,CRITICAL,Disagrees with reference by 27.2 m (threshold 15 m)
2026-07-16T16:08:43.833478,device_A,SPOOFING,CRITICAL,Disagrees with reference by 25.6 m (threshold 15 m)
2026-07-16T16:08:44.708410,reference,SPOOFING,CRITICAL,Disagrees with device_A by 31.7 m (threshold 15 m)
2026-07-16T16:08:45.865381,device_A,SPOOFING,CRITICAL,Disagrees with reference by 30.9 m (threshold 15 m)
2026-07-16T16:08:47.895750,device_A,SPOOFING,CRITICAL,Disagrees with reference by 28.9 m (threshold 15 m)
2026-07-16T16:08:49.936341,device_A,SPOOFING,CRITICAL,Disagrees with reference by 26.5 m (threshold 15 m)
2026-07-16T16:08:50.670957,reference,SPOOFING,CRITICAL,Disagrees with device_A by 31.9 m (threshold 15 m)
2026-07-16T16:08:51.978481,device_A,SPOOFING,CRITICAL,Disagrees with reference by 31.2 m (threshold 15 m)
2026-07-16T16:08:52.483912,reference,SPOOFING,CRITICAL,Disagrees with device_A by 32.4 m (threshold 15 m)
2026-07-16T16:08:54.013458,device_A,SPOOFING,CRITICAL,Disagrees with reference by 30.5 m (threshold 15 m)
2026-07-16T16:08:56.047532,device_A,SPOOFING,CRITICAL,Disagrees with reference by 28.2 m (threshold 15 m)
2026-07-16T16:08:58.072986,device_A,SPOOFING,CRITICAL,Disagrees with reference by 25.2 m (threshold 15 m)
2026-07-16T16:08:58.298757,reference,SPOOFING,CRITICAL,Disagrees with device_A by 29.4 m (threshold 15 m)
2026-07-16T16:09:00.130913,device_A,SPOOFING,CRITICAL,Disagrees with reference by 28.0 m (threshold 15 m)
2026-07-16T16:09:00.327694,reference,SPOOFING,CRITICAL,Disagrees with device_A by 29.2 m (threshold 15 m)
2026-07-16T16:09:02.134146,reference,SPOOFING,CRITICAL,Disagrees with device_A by 30.0 m (threshold 15 m)
2026-07-16T16:09:02.182843,device_A,SPOOFING,CRITICAL,Disagrees with reference by 28.2 m (threshold 15 m)
2026-07-16T16:09:04.079673,reference,SPOOFING,CRITICAL,Disagrees with device_A by 29.1 m (threshold 15 m)
2026-07-16T16:09:04.219077,device_A,SPOOFING,CRITICAL,Disagrees with reference by 28.3 m (threshold 15 m)
2026-07-16T16:09:06.256678,device_A,SPOOFING,CRITICAL,Disagrees with reference by 26.9 m (threshold 15 m)
2026-07-16T16:09:08.168153,reference,SPOOFING,CRITICAL,Disagrees with device_A by 29.8 m (threshold 15 m)
2026-07-16T16:09:08.283364,device_A,SPOOFING,CRITICAL,Disagrees with reference by 29.7 m (threshold 15 m)
2026-07-16T16:09:10.315038,device_A,SPOOFING,CRITICAL,Disagrees with reference by 27.8 m (threshold 15 m)
2026-07-16T16:09:12.338221,device_A,SPOOFING,CRITICAL,Disagrees with reference by 25.6 m (threshold 15 m)
2026-07-16T16:09:12.392828,reference,SPOOFING,CRITICAL,Disagrees with device_A by 30.2 m (threshold 15 m)
2026-07-16T16:09:14.387940,device_A,SPOOFING,CRITICAL,Disagrees with reference by 29.9 m (threshold 15 m)
2026-07-16T16:09:16.427688,device_A,SPOOFING,CRITICAL,Disagrees with reference by 27.8 m (threshold 15 m)
2026-07-16T16:09:16.449846,reference,SPOOFING,CRITICAL,Disagrees with device_A by 31.4 m (threshold 15 m)
2026-07-16T16:09:18.449814,device_A,SPOOFING,CRITICAL,Disagrees with reference by 30.3 m (threshold 15 m)
2026-07-16T16:09:20.482852,device_A,SPOOFING,CRITICAL,Disagrees with reference by 27.2 m (threshold 15 m)
2026-07-16T16:09:22.517481,device_A,SPOOFING,CRITICAL,Disagrees with reference by 25.1 m (threshold 15 m)
2026-07-16T16:09:22.591347,reference,SPOOFING,CRITICAL,Disagrees with device_A by 30.2 m (threshold 15 m)
2026-07-16T16:09:23.140493,system,INFO,INFO,System state reset by administrator
2026-07-16T16:09:28.637823,reference,SPOOFING,CRITICAL,Disagrees with device_A by 29.3 m (threshold 15 m)
2026-07-16T16:09:30.629079,device_A,SPOOFING,CRITICAL,Disagrees with reference by 28.7 m (threshold 15 m)
2026-07-16T16:09:32.655208,device_A,SPOOFING,CRITICAL,Disagrees with reference by 27.0 m (threshold 15 m)
2026-07-16T16:09:34.689597,device_A,SPOOFING,CRITICAL,Disagrees with reference by 24.4 m (threshold 15 m)
2026-07-16T16:09:35.513251,reference,SPOOFING,CRITICAL,Disagrees with device_A by 31.4 m (threshold 15 m)
2026-07-16T16:09:36.727171,device_A,SPOOFING,CRITICAL,Disagrees with reference by 31.0 m (threshold 15 m)
2026-07-16T16:09:37.545172,reference,SPOOFING,CRITICAL,Disagrees with device_A by 33.0 m (threshold 15 m)
2026-07-16T16:09:38.760593,device_A,SPOOFING,CRITICAL,Disagrees with reference by 30.3 m (threshold 15 m)
2026-07-16T16:09:39.785110,reference,SPOOFING,CRITICAL,Disagrees with device_A by 31.8 m (threshold 15 m)
2026-07-16T16:09:40.787489,device_A,SPOOFING,CRITICAL,Disagrees with reference by 31.1 m (threshold 15 m)
2026-07-16T16:09:42.834133,device_A,SPOOFING,CRITICAL,Disagrees with reference by 29.1 m (threshold 15 m)
2026-07-16T16:09:44.899207,device_A,SPOOFING,CRITICAL,Disagrees with reference by 27.0 m (threshold 15 m)
2026-07-16T16:09:46.919972,device_A,SPOOFING,CRITICAL,Disagrees with reference by 23.5 m (threshold 15 m)
2026-07-16T16:09:48.970361,device_A,SPOOFING,CRITICAL,Disagrees with reference by 20.0 m (threshold 15 m)
2026-07-16T16:09:49.982129,reference,SPOOFING,CRITICAL,Disagrees with device_A by 29.0 m (threshold 15 m)
2026-07-16T16:09:51.005697,device_A,SPOOFING,CRITICAL,Disagrees with reference by 27.8 m (threshold 15 m)
2026-07-16T16:09:52.494845,reference,SPOOFING,CRITICAL,Disagrees with device_A by 30.3 m (threshold 15 m)
2026-07-16T16:09:53.034702,device_A,SPOOFING,CRITICAL,Disagrees with reference by 28.2 m (threshold 15 m)
2026-07-16T16:09:55.078415,device_A,SPOOFING,CRITICAL,Disagrees with reference by 25.9 m (threshold 15 m)
2026-07-16T16:09:56.077687,reference,SPOOFING,CRITICAL,Disagrees with device_A by 27.6 m (threshold 15 m)
2026-07-16T16:09:57.100866,device_A,SPOOFING,CRITICAL,Disagrees with reference by 26.0 m (threshold 15 m)
2026-07-16T16:09:59.140495,device_A,SPOOFING,CRITICAL,Disagrees with reference by 24.1 m (threshold 15 m)
2026-07-16T16:10:01.168345,device_A,SPOOFING,CRITICAL,Disagrees with reference by 22.7 m (threshold 15 m)
2026-07-16T16:10:03.213881,device_A,SPOOFING,CRITICAL,Disagrees with reference by 20.2 m (threshold 15 m)
2026-07-16T16:10:04.326719,reference,SPOOFING,CRITICAL,Disagrees with device_A by 29.9 m (threshold 15 m)
2026-07-16T16:10:05.243286,device_A,SPOOFING,CRITICAL,Disagrees with reference by 27.7 m (threshold 15 m)
2026-07-16T16:10:07.283985,device_A,SPOOFING,CRITICAL,Disagrees with reference by 26.2 m (threshold 15 m)
2026-07-16T16:10:09.321025,device_A,SPOOFING,CRITICAL,Disagrees with reference by 22.6 m (threshold 15 m)
2026-07-16T16:10:11.365492,device_A,SPOOFING,CRITICAL,Disagrees with reference by 21.3 m (threshold 15 m)
2026-07-16T16:10:11.883062,reference,SPOOFING,CRITICAL,Disagrees with device_A by 32.0 m (threshold 15 m)
2026-07-16T16:10:13.403065,device_A,SPOOFING,CRITICAL,Disagrees with reference by 30.4 m (threshold 15 m)
2026-07-16T16:10:15.436396,device_A,SPOOFING,CRITICAL,Disagrees with reference by 27.4 m (threshold 15 m)
2026-07-16T16:10:16.353107,reference,SPOOFING,CRITICAL,Disagrees with device_A by 29.3 m (threshold 15 m)
2026-07-16T16:10:17.460822,device_A,SPOOFING,CRITICAL,Disagrees with reference by 27.4 m (threshold 15 m)
2026-07-16T16:10:18.099791,reference,SPOOFING,CRITICAL,Disagrees with device_A by 30.6 m (threshold 15 m)
2026-07-16T16:10:19.502349,device_A,SPOOFING,CRITICAL,Disagrees with reference by 28.5 m (threshold 15 m)
2026-07-16T16:10:20.345362,reference,SPOOFING,CRITICAL,Disagrees with device_A by 29.6 m (threshold 15 m)
2026-07-16T16:10:21.531751,device_A,SPOOFING,CRITICAL,Disagrees with reference by 28.9 m (threshold 15 m)
2026-07-16T16:10:22.248387,reference,SPOOFING,CRITICAL,Disagrees with device_A by 30.5 m (threshold 15 m)
2026-07-16T16:10:23.559422,device_A,SPOOFING,CRITICAL,Disagrees with reference by 28.7 m (threshold 15 m)
2026-07-16T16:10:25.582448,device_A,SPOOFING,CRITICAL,Disagrees with reference by 27.7 m (threshold 15 m)
2026-07-16T16:10:27.613312,device_A,SPOOFING,CRITICAL,Disagrees with reference by 25.5 m (threshold 15 m)
2026-07-16T16:10:30.023133,reference,SPOOFING,CRITICAL,Disagrees with device_B by 30.0 m (threshold 15 m)
2026-07-16T16:10:30.026100,device_A,SPOOFING,CRITICAL,Disagrees with nav_unit by 29.3 m (threshold 15 m); Disagrees with reference by 29.9 m (threshold 15 m)
2026-07-16T16:10:32.047883,device_B,SPOOFING,CRITICAL,Disagrees with nav_unit by 26.6 m (threshold 15 m); Disagrees with reference by 27.2 m (threshold 15 m)
2026-07-16T16:10:32.077449,device_A,SPOOFING,CRITICAL,Disagrees with nav_unit by 27.1 m (threshold 15 m); Disagrees with reference by 27.7 m (threshold 15 m)
2026-07-16T16:10:33.660294,nav_unit,SPOOFING,CRITICAL,Disagrees with device_B by 30.9 m (threshold 15 m); Disagrees with device_A by 31.6 m (threshold 15 m)
2026-07-16T16:10:33.677244,reference,SPOOFING,CRITICAL,Disagrees with device_B by 31.5 m (threshold 15 m); Disagrees with device_A by 32.1 m (threshold 15 m)
2026-07-16T16:10:34.120813,device_B,SPOOFING,CRITICAL,Disagrees with nav_unit by 29.3 m (threshold 15 m); Disagrees with reference by 29.8 m (threshold 15 m)
2026-07-16T16:10:34.123314,device_A,SPOOFING,CRITICAL,Disagrees with nav_unit by 30.7 m (threshold 15 m); Disagrees with reference by 31.2 m (threshold 15 m)
2026-07-16T16:10:36.155871,device_B,SPOOFING,CRITICAL,Disagrees with nav_unit by 27.4 m (threshold 15 m); Disagrees with reference by 27.9 m (threshold 15 m)
2026-07-16T16:10:36.180395,device_A,SPOOFING,CRITICAL,Disagrees with nav_unit by 28.6 m (threshold 15 m); Disagrees with reference by 29.1 m (threshold 15 m)
2026-07-16T16:10:37.250755,nav_unit,SPOOFING,CRITICAL,Disagrees with device_B by 30.3 m (threshold 15 m); Disagrees with device_A by 31.4 m (threshold 15 m)
2026-07-16T16:10:37.638327,reference,SPOOFING,CRITICAL,Disagrees with device_B by 30.7 m (threshold 15 m); Disagrees with device_A by 31.8 m (threshold 15 m)
2026-07-16T16:10:38.188070,device_B,SPOOFING,CRITICAL,Disagrees with nav_unit by 28.8 m (threshold 15 m); Disagrees with reference by 29.1 m (threshold 15 m)
2026-07-16T16:10:38.210140,device_A,SPOOFING,CRITICAL,Disagrees with nav_unit by 29.3 m (threshold 15 m); Disagrees with reference by 29.6 m (threshold 15 m)
2026-07-16T16:10:39.966437,nav_unit,SPOOFING,CRITICAL,Disagrees with device_B by 31.3 m (threshold 15 m); Disagrees with device_A by 31.6 m (threshold 15 m)
2026-07-16T16:10:40.222158,device_B,SPOOFING,CRITICAL,Disagrees with nav_unit by 29.4 m (threshold 15 m); Disagrees with reference by 26.6 m (threshold 15 m)
2026-07-16T16:10:40.261047,device_A,SPOOFING,CRITICAL,Disagrees with nav_unit by 29.1 m (threshold 15 m); Disagrees with reference by 26.4 m (threshold 15 m)
2026-07-16T16:10:40.451547,reference,SPOOFING,CRITICAL,Disagrees with device_B by 29.9 m (threshold 15 m); Disagrees with device_A by 29.5 m (threshold 15 m)
2026-07-16T16:10:42.163028,nav_unit,SPOOFING,CRITICAL,Disagrees with device_B by 30.7 m (threshold 15 m); Disagrees with device_A by 30.2 m (threshold 15 m)
2026-07-16T16:10:42.298828,device_B,SPOOFING,CRITICAL,Disagrees with nav_unit by 29.8 m (threshold 15 m); Disagrees with reference by 28.6 m (threshold 15 m)
2026-07-16T16:10:42.317325,device_A,SPOOFING,CRITICAL,Disagrees with nav_unit by 29.4 m (threshold 15 m); Disagrees with reference by 28.1 m (threshold 15 m)
2026-07-16T16:10:42.404000,reference,SPOOFING,CRITICAL,Disagrees with device_B by 29.9 m (threshold 15 m); Disagrees with device_A by 29.5 m (threshold 15 m)
2026-07-16T16:10:44.342915,device_B,SPOOFING,CRITICAL,Disagrees with nav_unit by 28.7 m (threshold 15 m); Disagrees with reference by 28.9 m (threshold 15 m)
2026-07-16T16:10:44.381154,device_A,SPOOFING,CRITICAL,Disagrees with nav_unit by 27.7 m (threshold 15 m); Disagrees with reference by 27.9 m (threshold 15 m)
2026-07-16T16:10:45.483989,nav_unit,SPOOFING,CRITICAL,Disagrees with device_B by 30.4 m (threshold 15 m); Disagrees with device_A by 29.2 m (threshold 15 m)
2026-07-16T16:10:45.530994,reference,SPOOFING,CRITICAL,Disagrees with device_B by 30.5 m (threshold 15 m); Disagrees with device_A by 29.3 m (threshold 15 m)
2026-07-16T16:10:46.374063,device_B,SPOOFING,CRITICAL,Disagrees with nav_unit by 27.5 m (threshold 15 m); Disagrees with reference by 27.8 m (threshold 15 m)
2026-07-16T16:10:46.424960,device_A,SPOOFING,CRITICAL,Disagrees with nav_unit by 28.1 m (threshold 15 m); Disagrees with reference by 28.3 m (threshold 15 m)
2026-07-16T16:10:47.515615,nav_unit,SPOOFING,CRITICAL,Disagrees with device_B by 29.4 m (threshold 15 m); Disagrees with device_A by 30.0 m (threshold 15 m)

2026-07-16T16:10:48.397414,device_B,SPOOFING,CRITICAL,Disagrees with nav_unit by 28.3 m (threshold 15 m); Disagrees with reference by 28.0 m (threshold 15 m)
2026-07-16T16:10:48.466046,device_A,SPOOFING,CRITICAL,Disagrees with nav_unit by 28.9 m (threshold 15 m); Disagrees with reference by 28.7 m (threshold 15 m)
2026-07-16T16:10:49.741829,reference,SPOOFING,CRITICAL,Disagrees with device_B by 29.3 m (threshold 15 m); Disagrees with device_A by 30.0 m (threshold 15 m)
2026-07-16T16:10:49.796961,nav_unit,SPOOFING,CRITICAL,Disagrees with device_B by 29.8 m (threshold 15 m); Disagrees with device_A by 30.5 m (threshold 15 m)
2026-07-16T16:10:50.435477,device_B,SPOOFING,CRITICAL,Disagrees with nav_unit by 29.4 m (threshold 15 m); Disagrees with reference by 28.9 m (threshold 15 m)
2026-07-16T16:10:50.497875,device_A,SPOOFING,CRITICAL,Disagrees with nav_unit by 28.3 m (threshold 15 m); Disagrees with reference by 27.8 m (threshold 15 m)
2026-07-16T16:10:52.460106,device_B,SPOOFING,CRITICAL,Disagrees with nav_unit by 27.9 m (threshold 15 m); Disagrees with reference by 27.3 m (threshold 15 m)
2026-07-16T16:10:52.533658,device_A,SPOOFING,CRITICAL,Disagrees with nav_unit by 27.1 m (threshold 15 m); Disagrees with reference by 26.6 m (threshold 15 m)
2026-07-16T16:10:53.281769,nav_unit,SPOOFING,CRITICAL,Disagrees with device_B by 30.0 m (threshold 15 m); Disagrees with device_A by 29.2 m (threshold 15 m)
2026-07-16T16:10:53.327933,reference,SPOOFING,CRITICAL,Disagrees with device_B by 29.4 m (threshold 15 m); Disagrees with device_A by 28.6 m (threshold 15 m)
2026-07-16T16:10:54.477513,device_B,SPOOFING,CRITICAL,Disagrees with nav_unit by 27.7 m (threshold 15 m); Disagrees with reference by 27.1 m (threshold 15 m)
2026-07-16T16:10:54.560543,device_A,SPOOFING,CRITICAL,Disagrees with nav_unit by 28.4 m (threshold 15 m); Disagrees with reference by 27.8 m (threshold 15 m)
2026-07-16T16:10:56.586839,device_B,SPOOFING,CRITICAL,Disagrees with nav_unit by 26.5 m (threshold 15 m); Disagrees with reference by 25.9 m (threshold 15 m)
2026-07-16T16:10:56.598160,device_A,SPOOFING,CRITICAL,Disagrees with nav_unit by 26.0 m (threshold 15 m); Disagrees with reference by 25.4 m (threshold 15 m)
2026-07-16T16:10:56.804188,nav_unit,SPOOFING,CRITICAL,Disagrees with device_B by 30.3 m (threshold 15 m); Disagrees with device_A by 29.7 m (threshold 15 m)
2026-07-16T16:10:56.815404,reference,SPOOFING,CRITICAL,Disagrees with device_B by 29.7 m (threshold 15 m); Disagrees with device_A by 29.1 m (threshold 15 m)
2026-07-16T16:10:58.621749,device_B,SPOOFING,CRITICAL,Disagrees with nav_unit by 29.6 m (threshold 15 m); Disagrees with reference by 29.0 m (threshold 15 m)
2026-07-16T16:10:58.664879,device_A,SPOOFING,CRITICAL,Disagrees with nav_unit by 27.6 m (threshold 15 m); Disagrees with reference by 27.1 m (threshold 15 m)
2026-07-16T16:11:00.318672,nav_unit,SPOOFING,CRITICAL,Disagrees with device_B by 32.7 m (threshold 15 m); Disagrees with device_A by 30.9 m (threshold 15 m)
2026-07-16T16:11:00.320626,reference,SPOOFING,CRITICAL,Disagrees with device_B by 32.2 m (threshold 15 m); Disagrees with device_A by 30.3 m (threshold 15 m)
2026-07-16T16:11:00.683814,device_B,SPOOFING,CRITICAL,Disagrees with nav_unit by 31.2 m (threshold 15 m); Disagrees with reference by 30.7 m (threshold 15 m)
2026-07-16T16:11:00.720394,device_A,SPOOFING,CRITICAL,Disagrees with nav_unit by 29.5 m (threshold 15 m); Disagrees with reference by 29.0 m (threshold 15 m)
2026-07-16T16:11:02.636596,nav_unit,SPOOFING,CRITICAL,Disagrees with device_B by 33.4 m (threshold 15 m); Disagrees with device_A by 31.6 m (threshold 15 m)
2026-07-16T16:11:02.696275,reference,SPOOFING,CRITICAL,Disagrees with device_B by 33.1 m (threshold 15 m); Disagrees with device_A by 31.3 m (threshold 15 m)
2026-07-16T16:11:02.733985,device_B,SPOOFING,CRITICAL,Disagrees with nav_unit by 30.8 m (threshold 15 m); Disagrees with reference by 30.6 m (threshold 15 m)
2026-07-16T16:11:02.776042,device_A,SPOOFING,CRITICAL,Disagrees with nav_unit by 30.4 m (threshold 15 m); Disagrees with reference by 30.2 m (threshold 15 m)
2026-07-16T16:11:04.778337,device_B,SPOOFING,CRITICAL,Disagrees with nav_unit by 29.7 m (threshold 15 m); Disagrees with reference by 29.6 m (threshold 15 m)
2026-07-16T16:11:04.833239,device_A,SPOOFING,CRITICAL,Disagrees with nav_unit by 29.4 m (threshold 15 m); Disagrees with reference by 29.3 m (threshold 15 m)
2026-07-16T16:11:06.157661,nav_unit,SPOOFING,CRITICAL,Disagrees with device_B by 31.3 m (threshold 15 m); Disagrees with device_A by 31.0 m (threshold 15 m)
2026-07-16T16:11:06.159597,reference,SPOOFING,CRITICAL,Disagrees with device_B by 31.1 m (threshold 15 m); Disagrees with device_A by 30.8 m (threshold 15 m)
2026-07-16T16:11:06.830912,device_B,SPOOFING,CRITICAL,Disagrees with nav_unit by 29.2 m (threshold 15 m); Disagrees with reference by 29.0 m (threshold 15 m)
2026-07-16T16:11:06.869445,device_A,SPOOFING,CRITICAL,Disagrees with nav_unit by 29.9 m (threshold 15 m); Disagrees with reference by 29.8 m (threshold 15 m)
2026-07-16T16:11:08.476882,nav_unit,SPOOFING,CRITICAL,Disagrees with device_B by 30.8 m (threshold 15 m); Disagrees with device_A by 31.8 m (threshold 15 m)
2026-07-16T16:11:08.647603,reference,SPOOFING,CRITICAL,Disagrees with device_B by 30.8 m (threshold 15 m); Disagrees with device_A by 31.8 m (threshold 15 m)
2026-07-16T16:11:08.870768,device_B,SPOOFING,CRITICAL,Disagrees with nav_unit by 29.3 m (threshold 15 m); Disagrees with reference by 29.4 m (threshold 15 m)
2026-07-16T16:11:08.901020,device_A,SPOOFING,CRITICAL,Disagrees with nav_unit by 29.6 m (threshold 15 m); Disagrees with reference by 29.7 m (threshold 15 m)
2026-07-16T16:11:10.728534,nav_unit,SPOOFING,CRITICAL,Disagrees with device_B by 30.3 m (threshold 15 m); Disagrees with device_A by 30.7 m (threshold 15 m)
2026-07-16T16:11:10.754940,reference,SPOOFING,CRITICAL,Disagrees with device_B by 30.6 m (threshold 15 m); Disagrees with device_A by 31.1 m (threshold 15 m)
2026-07-16T16:11:10.901610,device_B,SPOOFING,CRITICAL,Disagrees with nav_unit by 28.5 m (threshold 15 m); Disagrees with reference by 29.0 m (threshold 15 m)
2026-07-16T16:11:10.933705,device_A,SPOOFING,CRITICAL,Disagrees with nav_unit by 28.7 m (threshold 15 m); Disagrees with reference by 29.3 m (threshold 15 m)
2026-07-16T16:11:12.901127,nav_unit,SPOOFING,CRITICAL,Disagrees with device_B by 29.5 m (threshold 15 m); Disagrees with device_A by 29.8 m (threshold 15 m)
2026-07-16T16:11:12.902560,reference,SPOOFING,CRITICAL,Disagrees with device_B by 29.8 m (threshold 15 m); Disagrees with device_A by 30.2 m (threshold 15 m)
2026-07-16T16:11:12.920092,device_B,SPOOFING,CRITICAL,Disagrees with nav_unit by 28.5 m (threshold 15 m); Disagrees with reference by 28.9 m (threshold 15 m)
2026-07-16T16:11:12.951338,device_A,SPOOFING,CRITICAL,Disagrees with nav_unit by 28.5 m (threshold 15 m); Disagrees with reference by 28.9 m (threshold 15 m)
2026-07-16T16:11:14.953300,device_B,SPOOFING,CRITICAL,Disagrees with nav_unit by 27.5 m (threshold 15 m); Disagrees with reference by 27.9 m (threshold 15 m)
2026-07-16T16:11:14.983097,device_A,SPOOFING,CRITICAL,Disagrees with nav_unit by 27.7 m (threshold 15 m); Disagrees with reference by 28.2 m (threshold 15 m)
2026-07-16T16:11:15.132779,nav_unit,SPOOFING,CRITICAL,Disagrees with device_B by 29.2 m (threshold 15 m); Disagrees with device_A by 29.4 m (threshold 15 m)
2026-07-16T16:11:15.338366,reference,SPOOFING,CRITICAL,Disagrees with device_B by 29.7 m (threshold 15 m); Disagrees with device_A by 29.9 m (threshold 15 m)
2026-07-16T16:11:16.985244,device_B,SPOOFING,CRITICAL,Disagrees with nav_unit by 27.9 m (threshold 15 m); Disagrees with reference by 28.4 m (threshold 15 m)
2026-07-16T16:11:17.016832,device_A,SPOOFING,CRITICAL,Disagrees with nav_unit by 28.8 m (threshold 15 m); Disagrees with reference by 29.3 m (threshold 15 m)
2026-07-16T16:11:19.027081,device_B,SPOOFING,CRITICAL,Disagrees with nav_unit by 25.9 m (threshold 15 m); Disagrees with reference by 26.5 m (threshold 15 m)
2026-07-16T16:11:19.051747,device_A,SPOOFING,CRITICAL,Disagrees with nav_unit by 26.3 m (threshold 15 m); Disagrees with reference by 26.9 m (threshold 15 m)
2026-07-16T16:11:20.482948,reference,SPOOFING,CRITICAL,Disagrees with device_B by 28.9 m (threshold 15 m); Disagrees with device_A by 29.2 m (threshold 15 m)
2026-07-16T16:11:21.054037,device_B,SPOOFING,CRITICAL,Disagrees with nav_unit by 23.8 m (threshold 15 m); Disagrees with reference by 27.2 m (threshold 15 m)
2026-07-16T16:11:21.094873,device_A,SPOOFING,CRITICAL,Disagrees with nav_unit by 24.0 m (threshold 15 m); Disagrees with reference by 27.3 m (threshold 15 m)
2026-07-16T16:11:22.056947,nav_unit,SPOOFING,CRITICAL,Disagrees with device_B by 30.7 m (threshold 15 m); Disagrees with device_A by 30.8 m (threshold 15 m)
2026-07-16T16:11:22.571574,reference,SPOOFING,CRITICAL,Disagrees with device_B by 31.7 m (threshold 15 m); Disagrees with device_A by 31.9 m (threshold 15 m)
2026-07-16T16:11:23.086374,device_B,SPOOFING,CRITICAL,Disagrees with nav_unit by 29.7 m (threshold 15 m); Disagrees with reference by 30.9 m (threshold 15 m)
2026-07-16T16:11:23.134499,device_A,SPOOFING,CRITICAL,Disagrees with nav_unit by 29.5 m (threshold 15 m); Disagrees with reference by 30.7 m (threshold 15 m)
2026-07-16T16:11:24.058993,nav_unit,SPOOFING,CRITICAL,Disagrees with device_B by 31.3 m (threshold 15 m); Disagrees with device_A by 31.1 m (threshold 15 m)
2026-07-16T16:11:24.658877,reference,SPOOFING,CRITICAL,Disagrees with device_B by 32.3 m (threshold 15 m); Disagrees with device_A by 32.1 m (threshold 15 m)
2026-07-16T16:11:25.121156,device_B,SPOOFING,CRITICAL,Disagrees with nav_unit by 29.6 m (threshold 15 m); Disagrees with reference by 30.6 m (threshold 15 m)
2026-07-16T16:11:25.168820,device_A,SPOOFING,CRITICAL,Disagrees with nav_unit by 31.6 m (threshold 15 m); Disagrees with reference by 32.6 m (threshold 15 m)
2026-07-16T16:11:26.018863,nav_unit,SPOOFING,CRITICAL,Disagrees with device_B by 31.1 m (threshold 15 m); Disagrees with device_A by 33.0 m (threshold 15 m)
2026-07-16T16:11:26.704795,reference,SPOOFING,CRITICAL,Disagrees with device_B by 32.0 m (threshold 15 m); Disagrees with device_A by 33.8 m (threshold 15 m)
2026-07-16T16:11:27.153114,device_B,SPOOFING,CRITICAL,Disagrees with nav_unit by 30.8 m (threshold 15 m); Disagrees with reference by 31.7 m (threshold 15 m)
2026-07-16T16:11:27.201681,device_A,SPOOFING,CRITICAL,Disagrees with nav_unit by 30.2 m (threshold 15 m); Disagrees with reference by 31.1 m (threshold 15 m)
2026-07-16T16:11:28.043009,nav_unit,SPOOFING,CRITICAL,Disagrees with device_B by 32.3 m (threshold 15 m); Disagrees with device_A by 31.5 m (threshold 15 m)
2026-07-16T16:11:28.898074,reference,SPOOFING,CRITICAL,Disagrees with device_B by 33.0 m (threshold 15 m); Disagrees with device_A by 32.2 m (threshold 15 m)
2026-07-16T16:11:29.186764,device_B,SPOOFING,CRITICAL,Disagrees with nav_unit by 29.9 m (threshold 15 m); Disagrees with reference by 30.7 m (threshold 15 m)
2026-07-16T16:11:29.232424,device_A,SPOOFING,CRITICAL,Disagrees with nav_unit by 30.0 m (threshold 15 m); Disagrees with reference by 30.7 m (threshold 15 m)
2026-07-16T16:11:30.344188,nav_unit,SPOOFING,CRITICAL,Disagrees with device_B by 31.2 m (threshold 15 m); Disagrees with device_A by 31.1 m (threshold 15 m)
2026-07-16T16:11:31.218090,device_B,SPOOFING,CRITICAL,Disagrees with nav_unit by 30.0 m (threshold 15 m); Disagrees with reference by 29.1 m (threshold 15 m)
2026-07-16T16:11:31.265129,device_A,SPOOFING,CRITICAL,Disagrees with nav_unit by 29.9 m (threshold 15 m); Disagrees with reference by 29.0 m (threshold 15 m)
2026-07-16T16:11:32.165718,reference,SPOOFING,CRITICAL,Disagrees with device_B by 30.9 m (threshold 15 m); Disagrees with device_A by 30.8 m (threshold 15 m)
2026-07-16T16:11:32.232125,nav_unit,SPOOFING,CRITICAL,Disagrees with device_B by 31.3 m (threshold 15 m); Disagrees with device_A by 31.2 m (threshold 15 m)
2026-07-16T16:11:33.248991,device_B,SPOOFING,CRITICAL,Disagrees with nav_unit by 30.5 m (threshold 15 m); Disagrees with reference by 29.7 m (threshold 15 m)
2026-07-16T16:11:33.304925,device_A,SPOOFING,CRITICAL,Disagrees with nav_unit by 29.9 m (threshold 15 m); Disagrees with reference by 29.2 m (threshold 15 m)
2026-07-16T16:11:34.482884,reference,SPOOFING,CRITICAL,Disagrees with device_B by 31.4 m (threshold 15 m); Disagrees with device_A by 30.8 m (threshold 15 m)
2026-07-16T16:11:35.306716,device_B,SPOOFING,CRITICAL,Disagrees with nav_unit by 27.8 m (threshold 15 m); Disagrees with reference by 29.1 m (threshold 15 m)
2026-07-16T16:11:35.309968,nav_unit,SPOOFING,CRITICAL,Disagrees with device_B by 29.7 m (threshold 15 m); Disagrees with device_A by 31.0 m (threshold 15 m)
2026-07-16T16:11:35.350148,device_A,SPOOFING,CRITICAL,Disagrees with nav_unit by 28.9 m (threshold 15 m); Disagrees with reference by 28.3 m (threshold 15 m)
2026-07-16T16:11:37.056342,reference,SPOOFING,CRITICAL,Disagrees with device_B by 30.3 m (threshold 15 m); Disagrees with device_A by 29.4 m (threshold 15 m)
2026-07-16T16:11:37.341545,device_B,SPOOFING,CRITICAL,Disagrees with nav_unit by 28.8 m (threshold 15 m); Disagrees with reference by 29.6 m (threshold 15 m)
2026-07-16T16:11:37.416933,device_A,SPOOFING,CRITICAL,Disagrees with nav_unit by 27.3 m (threshold 15 m); Disagrees with reference by 28.1 m (threshold 15 m)
2026-07-16T16:11:37.574881,nav_unit,SPOOFING,CRITICAL,Disagrees with device_B by 30.3 m (threshold 15 m); Disagrees with device_A by 28.8 m (threshold 15 m)
2026-07-16T16:11:38.994138,reference,SPOOFING,CRITICAL,Disagrees with device_B by 30.8 m (threshold 15 m); Disagrees with device_A by 29.3 m (threshold 15 m)
2026-07-16T16:11:39.380563,device_B,SPOOFING,CRITICAL,Disagrees with nav_unit by 28.1 m (threshold 15 m); Disagrees with reference by 28.9 m (threshold 15 m)
2026-07-16T16:11:39.441614,device_A,SPOOFING,CRITICAL,Disagrees with nav_unit by 26.9 m (threshold 15 m); Disagrees with reference by 27.7 m (threshold 15 m)
2026-07-16T16:11:39.711688,nav_unit,SPOOFING,CRITICAL,Disagrees with device_B by 29.6 m (threshold 15 m); Disagrees with device_A by 28.5 m (threshold 15 m)
2026-07-16T16:11:41.043054,reference,SPOOFING,CRITICAL,Disagrees with device_B by 29.9 m (threshold 15 m); Disagrees with device_A by 28.8 m (threshold 15 m)
2026-07-16T16:11:41.353133,device_B,MITIGATION,WARNING,Mitigation active: Blocked source device_B (IP: 127.0.0.1)
2026-07-16T16:11:41.471972,device_A,SPOOFING,CRITICAL,Disagrees with nav_unit by 28.4 m (threshold 15 m); Disagrees with reference by 29.0 m (threshold 15 m)
2026-07-16T16:11:41.556200,nav_unit,SPOOFING,CRITICAL,Disagrees with device_A by 29.9 m (threshold 15 m)
2026-07-16T16:11:43.108752,reference,SPOOFING,CRITICAL,Disagrees with device_A by 30.2 m (threshold 15 m)
2026-07-16T16:11:43.505573,device_A,SPOOFING,CRITICAL,Disagrees with nav_unit by 27.8 m (threshold 15 m); Disagrees with reference by 28.5 m (threshold 15 m)
2026-07-16T16:11:43.600409,nav_unit,SPOOFING,CRITICAL,Disagrees with device_A by 29.5 m (threshold 15 m)
2026-07-16T16:11:45.151614,reference,SPOOFING,CRITICAL,Disagrees with device_A by 30.0 m (threshold 15 m)
2026-07-16T16:11:45.354003,nav_unit,SPOOFING,CRITICAL,Disagrees with device_A by 30.8 m (threshold 15 m)
2026-07-16T16:11:45.534104,device_A,SPOOFING,CRITICAL,Disagrees with nav_unit by 29.3 m (threshold 15 m); Disagrees with reference by 28.4 m (threshold 15 m)
2026-07-16T16:11:46.152802,nav_unit,MITIGATION,WARNING,Mitigation active: Blocked source nav_unit (IP: 182.71.244.4)
2026-07-16T16:11:47.392874,reference,SPOOFING,CRITICAL,Disagrees with device_A by 29.7 m (threshold 15 m)
2026-07-16T16:11:47.570849,device_A,SPOOFING,CRITICAL,Disagrees with reference by 29.7 m (threshold 15 m)
2026-07-16T16:11:49.607890,device_A,SPOOFING,CRITICAL,Disagrees with reference by 28.0 m (threshold 15 m)
2026-07-16T16:11:51.635667,device_A,SPOOFING,CRITICAL,Disagrees with reference by 26.2 m (threshold 15 m)
2026-07-16T16:11:52.522942,reference,SPOOFING,CRITICAL,Disagrees with device_A by 30.9 m (threshold 15 m)
2026-07-16T16:11:53.659840,device_A,SPOOFING,CRITICAL,Disagrees with reference by 30.7 m (threshold 15 m)
2026-07-16T16:11:54.443933,system,INFO,INFO,System state reset by administrator
2026-07-16T16:11:55.695451,device_A,SPOOFING,CRITICAL,Disagrees with reference by 30.1 m (threshold 15 m)
2026-07-16T16:11:57.153441,reference,SPOOFING,CRITICAL,Disagrees with device_A by 31.6 m (threshold 15 m)
2026-07-16T16:11:57.735399,device_A,SPOOFING,CRITICAL,Disagrees with reference by 29.9 m (threshold 15 m)
2026-07-16T16:11:59.787732,device_A,SPOOFING,CRITICAL,Disagrees with reference by 28.4 m (threshold 15 m)
2026-07-16T16:12:01.824775,device_A,SPOOFING,CRITICAL,Disagrees with reference by 25.4 m (threshold 15 m)
2026-07-16T16:12:03.168453,reference,SPOOFING,CRITICAL,Disagrees with device_A by 29.9 m (threshold 15 m)
2026-07-16T16:12:03.855376,device_A,SPOOFING,CRITICAL,Disagrees with reference by 29.5 m (threshold 15 m)
2026-07-16T16:12:05.153489,reference,SPOOFING,CRITICAL,Disagrees with device_A by 30.7 m (threshold 15 m)
2026-07-16T16:12:05.883088,device_A,SPOOFING,CRITICAL,Disagrees with reference by 29.7 m (threshold 15 m)
2026-07-16T16:12:07.909210,device_A,SPOOFING,CRITICAL,Disagrees with reference by 26.7 m (threshold 15 m)
2026-07-16T16:12:09.946568,device_A,SPOOFING,CRITICAL,Disagrees with reference by 25.8 m (threshold 15 m)
2026-07-16T16:12:11.972124,device_A,SPOOFING,CRITICAL,Disagrees with reference by 23.6 m (threshold 15 m)
2026-07-16T16:12:14.008516,device_A,SPOOFING,CRITICAL,Disagrees with reference by 20.6 m (threshold 15 m)
2026-07-16T16:12:16.053498,device_A,SPOOFING,CRITICAL,Disagrees with reference by 17.4 m (threshold 15 m)
2026-07-16T16:12:18.084208,device_A,SPOOFING,CRITICAL,Disagrees with reference by 15.2 m (threshold 15 m)
2026-07-16T16:12:20.902070,reference,SPOOFING,CRITICAL,Disagrees with device_A by 32.1 m (threshold 15 m)
2026-07-16T16:12:22.176999,device_A,SPOOFING,CRITICAL,Disagrees with reference by 31.1 m (threshold 15 m)
2026-07-16T16:12:24.197759,device_A,SPOOFING,CRITICAL,Disagrees with reference by 28.9 m (threshold 15 m)
2026-07-16T16:12:26.228233,device_A,SPOOFING,CRITICAL,Disagrees with reference by 26.0 m (threshold 15 m)
2026-07-16T16:12:27.759768,reference,SPOOFING,CRITICAL,Disagrees with device_A by 30.8 m (threshold 15 m)
2026-07-16T16:12:28.256070,device_A,SPOOFING,CRITICAL,Disagrees with reference by 28.6 m (threshold 15 m)
2026-07-16T16:12:30.285143,device_A,SPOOFING,CRITICAL,Disagrees with reference by 26.0 m (threshold 15 m)
2026-07-16T16:12:32.246634,reference,SPOOFING,CRITICAL,Disagrees with device_A by 27.7 m (threshold 15 m)
2026-07-16T16:12:32.326205,device_A,SPOOFING,CRITICAL,Disagrees with reference by 27.5 m (threshold 15 m)
2026-07-16T16:12:34.373164,device_A,SPOOFING,CRITICAL,Disagrees with reference by 25.3 m (threshold 15 m)
2026-07-16T16:12:36.404702,device_A,SPOOFING,CRITICAL,Disagrees with reference by 22.1 m (threshold 15 m)
2026-07-16T16:12:38.431309,device_A,SPOOFING,CRITICAL,Disagrees with reference by 19.5 m (threshold 15 m)
2026-07-16T16:12:40.456155,device_A,SPOOFING,CRITICAL,Disagrees with reference by 17.2 m (threshold 15 m)
2026-07-16T16:12:40.666752,reference,SPOOFING,CRITICAL,Disagrees with device_A by 30.6 m (threshold 15 m)
2026-07-16T16:12:42.500152,device_A,SPOOFING,CRITICAL,Disagrees with reference by 28.8 m (threshold 15 m)
2026-07-16T16:12:44.553178,device_A,SPOOFING,CRITICAL,Disagrees with reference by 27.1 m (threshold 15 m)
2026-07-16T16:12:46.590846,device_A,SPOOFING,CRITICAL,Disagrees with reference by 23.7 m (threshold 15 m)
2026-07-16T16:12:46.788796,reference,SPOOFING,CRITICAL,Disagrees with device_A by 30.2 m (threshold 15 m)
2026-07-16T16:12:48.631147,device_A,SPOOFING,CRITICAL,Disagrees with reference by 28.9 m (threshold 15 m)
2026-07-16T16:12:50.678045,device_A,SPOOFING,CRITICAL,Disagrees with reference by 27.7 m (threshold 15 m)
2026-07-16T16:12:52.741181,device_A,SPOOFING,CRITICAL,Disagrees with reference by 24.3 m (threshold 15 m)
2026-07-16T16:12:53.771635,reference,SPOOFING,CRITICAL,Disagrees with device_A by 30.6 m (threshold 15 m)
2026-07-16T16:12:54.782758,device_A,SPOOFING,CRITICAL,Disagrees with reference by 28.5 m (threshold 15 m)
2026-07-16T16:12:56.815518,device_A,SPOOFING,CRITICAL,Disagrees with reference by 26.9 m (threshold 15 m)
2026-07-16T16:12:58.898659,device_A,SPOOFING,CRITICAL,Disagrees with reference by 25.3 m (threshold 15 m)
2026-07-16T16:13:00.428326,reference,SPOOFING,CRITICAL,Disagrees with device_A by 30.9 m (threshold 15 m)
2026-07-16T16:13:00.942452,device_A,SPOOFING,CRITICAL,Disagrees with reference by 28.9 m (threshold 15 m)
2026-07-16T16:13:03.005762,device_A,SPOOFING,CRITICAL,Disagrees with reference by 27.0 m (threshold 15 m)
2026-07-16T16:13:05.040127,device_A,SPOOFING,CRITICAL,Disagrees with reference by 25.2 m (threshold 15 m)
2026-07-16T16:13:07.061298,device_A,SPOOFING,CRITICAL,Disagrees with reference by 22.1 m (threshold 15 m)
2026-07-16T16:13:09.089712,device_A,SPOOFING,CRITICAL,Disagrees with reference by 21.0 m (threshold 15 m)
2026-07-16T16:13:11.112139,device_A,SPOOFING,CRITICAL,Disagrees with reference by 16.8 m (threshold 15 m)
2026-07-16T16:13:14.038846,reference,SPOOFING,CRITICAL,Disagrees with device_A by 31.8 m (threshold 15 m)
2026-07-16T16:13:15.161590,device_A,SPOOFING,CRITICAL,Disagrees with reference by 31.1 m (threshold 15 m)
2026-07-16T16:13:17.199417,device_A,SPOOFING,CRITICAL,Disagrees with reference by 29.0 m (threshold 15 m)
2026-07-16T16:13:19.242748,device_A,SPOOFING,CRITICAL,Disagrees with reference by 26.5 m (threshold 15 m)
2026-07-16T16:13:21.274699,device_A,SPOOFING,CRITICAL,Disagrees with reference by 23.1 m (threshold 15 m)
2026-07-16T16:13:23.303645,device_A,SPOOFING,CRITICAL,Disagrees with reference by 20.8 m (threshold 15 m)
2026-07-16T16:13:25.334519,device_A,SPOOFING,CRITICAL,Disagrees with reference by 16.3 m (threshold 15 m)
2026-07-16T16:13:29.279517,reference,JAMMING,CRITICAL,No data received for 15s (timeout 15s)
2026-07-16T16:13:33.278103,reference,JAMMING,CRITICAL,No data received for 19s (timeout 15s)
2026-07-16T16:13:35.279081,reference,JAMMING,CRITICAL,No data received for 21s (timeout 15s)
2026-07-16T16:13:37.284776,reference,JAMMING,CRITICAL,No data received for 23s (timeout 15s)
2026-07-16T16:13:39.279794,reference,JAMMING,CRITICAL,No data received for 25s (timeout 15s)
2026-07-16T16:13:41.285952,reference,JAMMING,CRITICAL,No data received for 27s (timeout 15s)
2026-07-16T16:13:44.027545,reference,JAMMING,CRITICAL,No data received for 30s (timeout 15s)
2026-07-16T16:13:46.006930,reference,JAMMING,CRITICAL,No data received for 32s (timeout 15s)
2026-07-16T16:13:48.004230,reference,JAMMING,CRITICAL,No data received for 34s (timeout 15s)
2026-07-16T16:13:50.003132,reference,JAMMING,CRITICAL,No data received for 36s (timeout 15s)
2026-07-16T16:13:52.000011,reference,JAMMING,CRITICAL,No data received for 38s (timeout 15s)
2026-07-16T16:13:54.002820,reference,JAMMING,CRITICAL,No data received for 40s (timeout 15s)
2026-07-24T04:10:16.585825,device_A,SPOOFING,CRITICAL,Implausible jump: 7588.6 m in 2.0s (13568 km/h) exceeds 150 km/h limit
2026-07-24T04:10:18.612120,device_A,SPOOFING,CRITICAL,Implausible jump: 7584.1 m in 2.0s (13475 km/h) exceeds 150 km/h limit
2026-07-24T04:10:38.643098,device_A,SPOOFING,CRITICAL,Implausible jump: 7566.0 m in 10.0s (2723 km/h) exceeds 150 km/h limit
2026-07-24T04:10:40.646935,device_A,SPOOFING,CRITICAL,Implausible jump: 7558.5 m in 2.0s (13586 km/h) exceeds 150 km/h limit
2026-07-27T10:05:57.019972,device_B,SPOOFING,CRITICAL,Disagrees with device_A by 19.7 m (threshold 15 m)
2026-07-27T10:05:59.013630,device_A,SPOOFING,CRITICAL,Disagrees with device_B by 16.8 m (threshold 15 m)
2026-07-27T10:05:59.125628,device_B,SPOOFING,CRITICAL,Disagrees with device_A by 20.1 m (threshold 15 m)
2026-07-27T10:06:01.018559,device_A,SPOOFING,CRITICAL,Disagrees with device_B by 17.2 m (threshold 15 m)
2026-07-27T10:06:01.210874,device_B,SPOOFING,CRITICAL,Disagrees with device_A by 20.5 m (threshold 15 m)
2026-07-27T10:06:03.026893,device_A,SPOOFING,CRITICAL,Disagrees with device_B by 17.7 m (threshold 15 m)
2026-07-27T10:06:03.496442,device_B,SPOOFING,CRITICAL,Disagrees with device_A by 21.0 m (threshold 15 m)
2026-07-27T10:06:05.035271,device_A,SPOOFING,CRITICAL,Disagrees with device_B by 18.1 m (threshold 15 m)
2026-07-27T10:06:05.727498,device_B,SPOOFING,CRITICAL,Disagrees with device_A by 22.0 m (threshold 15 m)
2026-07-27T10:06:07.041728,device_A,SPOOFING,CRITICAL,Disagrees with device_B by 19.1 m (threshold 15 m)
2026-07-27T10:06:07.971392,device_B,SPOOFING,CRITICAL,Disagrees with device_A by 22.7 m (threshold 15 m)
2026-07-27T10:06:09.048913,device_A,SPOOFING,CRITICAL,Disagrees with device_B by 19.7 m (threshold 15 m)
2026-07-27T10:06:10.247212,device_B,SPOOFING,CRITICAL,Disagrees with device_A by 22.9 m (threshold 15 m)
2026-07-27T10:06:11.055292,device_A,SPOOFING,CRITICAL,Disagrees with device_B by 19.8 m (threshold 15 m)
2026-07-27T10:06:12.339146,device_B,SPOOFING,CRITICAL,Disagrees with device_A by 23.2 m (threshold 15 m)
2026-07-27T10:06:13.068015,device_A,SPOOFING,CRITICAL,Disagrees with device_B by 20.2 m (threshold 15 m)
2026-07-27T10:06:14.390469,device_B,SPOOFING,CRITICAL,Disagrees with device_A by 23.1 m (threshold 15 m)
2026-07-27T10:06:15.075068,device_A,SPOOFING,CRITICAL,Disagrees with device_B by 20.0 m (threshold 15 m)
2026-07-27T10:06:16.462417,device_B,SPOOFING,CRITICAL,Disagrees with device_A by 22.9 m (threshold 15 m)
2026-07-27T10:06:17.081561,device_A,SPOOFING,CRITICAL,Disagrees with device_B by 19.9 m (threshold 15 m)
2026-07-27T10:06:18.615219,device_B,SPOOFING,CRITICAL,Disagrees with device_A by 22.8 m (threshold 15 m)
2026-07-27T10:06:19.086666,device_A,SPOOFING,CRITICAL,Disagrees with device_B by 19.9 m (threshold 15 m)
2026-07-27T10:06:20.727841,device_B,SPOOFING,CRITICAL,Disagrees with device_A by 22.8 m (threshold 15 m)
2026-07-27T10:06:21.093378,device_A,SPOOFING,CRITICAL,Disagrees with device_B by 20.0 m (threshold 15 m)
2026-07-27T10:06:23.065888,device_B,SPOOFING,CRITICAL,Disagrees with device_A by 22.9 m (threshold 15 m)
2026-07-27T10:06:23.099264,device_A,SPOOFING,CRITICAL,Disagrees with device_B by 20.2 m (threshold 15 m)
2026-07-27T10:06:25.114426,device_A,SPOOFING,CRITICAL,Disagrees with device_B by 17.4 m (threshold 15 m)
2026-07-27T10:06:25.349334,device_B,SPOOFING,CRITICAL,Disagrees with device_A by 21.2 m (threshold 15 m)
2026-07-27T10:06:27.130590,device_A,SPOOFING,CRITICAL,Disagrees with device_B by 18.4 m (threshold 15 m)
2026-07-27T10:06:27.474572,device_B,SPOOFING,CRITICAL,Disagrees with device_A by 21.9 m (threshold 15 m)
2026-07-27T10:06:29.149089,device_A,SPOOFING,CRITICAL,Disagrees with device_B by 19.1 m (threshold 15 m)
2026-07-27T10:06:29.706170,device_B,SPOOFING,CRITICAL,Disagrees with device_A by 22.4 m (threshold 15 m)
2026-07-27T10:06:31.161241,device_A,SPOOFING,CRITICAL,Disagrees with device_B by 19.5 m (threshold 15 m)
2026-07-27T10:06:31.788623,device_B,SPOOFING,CRITICAL,Disagrees with device_A by 23.0 m (threshold 15 m)
2026-07-27T10:06:33.272393,device_A,SPOOFING,CRITICAL,Disagrees with device_B by 20.0 m (threshold 15 m)
2026-07-27T10:06:34.224942,device_B,SPOOFING,CRITICAL,Disagrees with device_A by 23.3 m (threshold 15 m)
2026-07-27T10:06:35.318759,device_A,SPOOFING,CRITICAL,Disagrees with device_B by 20.0 m (threshold 15 m)
2026-07-27T10:06:36.523366,device_B,SPOOFING,CRITICAL,Disagrees with device_A by 23.8 m (threshold 15 m)
2026-07-27T10:06:37.771770,device_A,SPOOFING,CRITICAL,Disagrees with device_B by 20.1 m (threshold 15 m)
2026-07-27T10:06:38.718154,device_B,SPOOFING,CRITICAL,Disagrees with device_A by 23.3 m (threshold 15 m)
2026-07-27T10:06:39.841006,device_A,SPOOFING,CRITICAL,Disagrees with device_B by 19.8 m (threshold 15 m)
2026-07-27T10:06:40.746195,device_B,MITIGATION,WARNING,Mitigation active: Blocked source device_B (IP: 10.162.53.167)
2026-07-27T11:09:37.177053,device_A,SPOOFING,CRITICAL,Implausible jump: 11.9 m in 0.2s (202 km/h) exceeds 150 km/h limit
2026-07-27T11:10:05.227696,device_A,SPOOFING,CRITICAL,Implausible jump: 11.7 m in 0.2s (219 km/h) exceeds 150 km/h limit
2026-07-27T11:10:07.230736,device_A,SPOOFING,CRITICAL,Implausible jump: 11.9 m in 0.1s (441 km/h) exceeds 150 km/h limit
2026-07-27T11:10:35.265295,device_A,SPOOFING,CRITICAL,Implausible jump: 11.9 m in 0.2s (242 km/h) exceeds 150 km/h limit
2026-07-27T11:10:37.269253,device_A,SPOOFING,CRITICAL,Implausible jump: 12.1 m in 0.1s (392 km/h) exceeds 150 km/h limit
2026-07-27T11:10:59.299704,device_A,SPOOFING,CRITICAL,Implausible jump: 11.7 m in 0.1s (558 km/h) exceeds 150 km/h limit
2026-07-27T11:11:43.356703,device_A,SPOOFING,CRITICAL,Implausible jump: 12.3 m in 0.3s (174 km/h) exceeds 150 km/h limit
2026-07-27T11:11:45.375515,device_A,SPOOFING,CRITICAL,Implausible jump: 12.3 m in 0.1s (329 km/h) exceeds 150 km/h limit
2026-07-27T11:12:23.418185,device_A,SPOOFING,CRITICAL,Implausible jump: 12.0 m in 0.3s (156 km/h) exceeds 150 km/h limit
2026-07-27T11:12:25.422226,device_A,SPOOFING,CRITICAL,Implausible jump: 12.3 m in 0.2s (208 km/h) exceeds 150 km/h limit
2026-07-27T11:12:53.450781,device_A,SPOOFING,CRITICAL,Implausible jump: 12.4 m in 0.3s (166 km/h) exceeds 150 km/h limit
2026-07-27T11:12:55.454015,device_A,SPOOFING,CRITICAL,Implausible jump: 12.6 m in 0.2s (209 km/h) exceeds 150 km/h limit
2026-07-27T11:12:57.457385,device_A,SPOOFING,CRITICAL,Implausible jump: 12.8 m in 0.2s (275 km/h) exceeds 150 km/h limit
2026-07-27T11:12:59.462264,device_A,SPOOFING,CRITICAL,Implausible jump: 12.8 m in 0.1s (387 km/h) exceeds 150 km/h limit
2026-07-27T11:13:27.503840,device_A,SPOOFING,CRITICAL,Implausible jump: 12.4 m in 0.2s (197 km/h) exceeds 150 km/h limit
2026-07-27T11:13:29.507838,device_A,SPOOFING,CRITICAL,Implausible jump: 12.3 m in 0.2s (270 km/h) exceeds 150 km/h limit
2026-07-27T11:14:05.548481,device_A,SPOOFING,CRITICAL,Implausible jump: 11.8 m in 0.2s (174 km/h) exceeds 150 km/h limit
2026-07-27T11:14:07.551896,device_A,SPOOFING,CRITICAL,Implausible jump: 12.1 m in 0.2s (237 km/h) exceeds 150 km/h limit
2026-07-27T11:14:09.556811,device_A,SPOOFING,CRITICAL,Implausible jump: 12.4 m in 0.1s (607 km/h) exceeds 150 km/h limit
2026-07-27T11:19:46.521982,device_B,SPOOFING,CRITICAL,Implausible jump: 7569.7 m in 2.1s (13261 km/h) exceeds 150 km/h limit; Disagrees with device_A by 7569.1 m (threshold 15 m)
2026-07-27T11:20:32.330155,device_A,SPOOFING,CRITICAL,Implausible jump: 7557.4 m in 6.1s (4441 km/h) exceeds 150 km/h limit; Disagrees with device_B by 7556.8 m (threshold 15 m)
2026-07-27T11:20:34.334540,device_A,SPOOFING,CRITICAL,Disagrees with device_B by 7557.2 m (threshold 15 m)
2026-07-27T11:20:36.338890,device_A,SPOOFING,CRITICAL,Disagrees with device_B by 7558.5 m (threshold 15 m)
2026-07-27T11:20:38.354083,device_A,SPOOFING,CRITICAL,Disagrees with device_B by 7560.7 m (threshold 15 m)
2026-07-27T11:20:40.358490,device_A,SPOOFING,CRITICAL,Disagrees with device_B by 7563.6 m (threshold 15 m)
2026-07-27T11:20:41.307206,device_B,JAMMING,CRITICAL,No data received for 15s (timeout 15s)
2026-07-27T11:20:45.313412,device_B,JAMMING,CRITICAL,No data received for 19s (timeout 15s)
2026-07-27T11:20:45.520751,device_B,JAMMING,CRITICAL,No data received for 19s (timeout 15s)
2026-07-27T11:25:18.195951,device_B,SPOOFING,CRITICAL,Implausible jump: 7587.4 m in 2.1s (13082 km/h) exceeds 150 km/h limit; Disagrees with device_A by 7588.0 m (threshold 15 m)
2026-07-27T11:26:27.335844,device_B,JAMMING,CRITICAL,No data received for 15s (timeout 15s)
2026-07-27T11:26:31.321741,device_B,JAMMING,CRITICAL,No data received for 19s (timeout 15s)
2026-07-27T11:26:31.529929,device_B,JAMMING,CRITICAL,No data received for 20s (timeout 15s)
2026-07-27T12:21:37.816800,device_B,SPOOFING,CRITICAL,Speed Alert: 10669.0 km/h exceeds limit (150 km/h)
2026-07-27T12:21:37.819527,device_B,SPOOFING,CRITICAL,GPS Jump Alert: Instantaneous jump of 7559.4 meters detected within 2.6s
2026-07-27T12:22:49.734873,device_B,JAMMING,CRITICAL,Signal Loss: Device silent for 16s (jamming threshold 15.0s)
2026-07-27T12:22:51.920597,device_B,JAMMING,CRITICAL,Signal Loss: Device silent for 18s (jamming threshold 15.0s)
2026-07-27T12:22:53.526096,device_B,JAMMING,CRITICAL,Signal Loss: Device silent for 20s (jamming threshold 15.0s)
2026-07-27T12:22:53.680846,device_B,JAMMING,CRITICAL,Signal Loss: Device silent for 20s (jamming threshold 15.0s)
2026-07-27T12:24:24.030098,device_B,MITIGATION,WARNING,Mitigation active: Blocked source device_B (IP: 10.162.53.151)
2026-07-27T12:25:05.240405,device_B,MITIGATION,WARNING,Mitigation active: Blocked source device_B (IP: 10.162.53.151)
2026-07-27T12:34:09.614679,device_B,SPOOFING,CRITICAL,Trajectory Alert: Impossible turn of 153.5° detected at high speed
2026-07-27T13:09:33.211544,device_B,SPOOFING,CRITICAL,Speed Alert: 12095.3 km/h exceeds limit (150 km/h)
2026-07-27T13:09:33.305200,device_B,SPOOFING,CRITICAL,GPS Jump Alert: Instantaneous jump of 7557.4 meters detected within 2.2s
2026-07-27T13:10:11.805374,device_B,JAMMING,CRITICAL,Signal Loss: Device silent for 15s (jamming threshold 15.0s)
2026-07-27T13:10:15.809233,device_B,JAMMING,CRITICAL,Signal Loss: Device silent for 19s (jamming threshold 15.0s)
2026-07-27T13:11:41.813751,device_B,SPOOFING,CRITICAL,Speed Alert: 10869.9 km/h exceeds limit (150 km/h)
2026-07-27T13:11:41.903130,device_B,SPOOFING,CRITICAL,GPS Jump Alert: Instantaneous jump of 7589.0 meters detected within 2.5s
2026-07-27T13:12:40.105301,device_B,SPOOFING,CRITICAL,Speed Alert: 8747.8 km/h exceeds limit (150 km/h)
2026-07-27T13:12:40.235754,device_B,SPOOFING,CRITICAL,GPS Jump Alert: Instantaneous jump of 7588.7 meters detected within 3.1s
2026-07-27T13:12:48.788309,device_B,MITIGATION,WARNING,Mitigation active: Blocked source device_B (IP: 10.162.53.151)
2026-07-27T13:13:05.358288,device_B,MITIGATION,WARNING,Mitigation active: Blocked source device_B (IP: 10.162.53.151)
2026-07-27T13:13:31.420700,device_B,MITIGATION,WARNING,Mitigation active: Blocked source device_B (IP: 10.162.53.151)
2026-07-27T13:15:09.114854,system,INFO,INFO,System state reset by administrator
2026-08-05T11:27:24.730455,device_B,JAMMING,CRITICAL,Signal Loss: Device silent for 15s (jamming timeout threshold)
2026-08-05T11:27:27.794042,device_B,JAMMING,CRITICAL,Signal Loss: Device silent for 18s (jamming timeout threshold)
2026-08-05T11:35:24.972044,device_B,JAMMING,CRITICAL,Signal Loss: Device silent for 18s (jamming timeout threshold)
2026-08-05T11:35:25.304003,device_B,JAMMING,CRITICAL,Signal Loss: Device silent for 19s (jamming timeout threshold)
2026-08-05T11:35:26.100123,device_B,JAMMING,CRITICAL,Signal Loss: Device silent for 19s (jamming timeout threshold)
2026-08-05T11:35:26.258567,device_B,JAMMING,CRITICAL,Signal Loss: Device silent for 19s (jamming timeout threshold)
2026-08-05T11:35:26.787039,device_B,JAMMING,CRITICAL,Signal Loss: Device silent for 20s (jamming timeout threshold)
2026-08-05T11:40:35.723573,device_B,JAMMING,CRITICAL,Signal Loss: Device silent for 18s (jamming timeout threshold)
2026-08-05T11:40:35.917300,device_B,JAMMING,CRITICAL,Signal Loss: Device silent for 18s (jamming timeout threshold)
2026-08-05T11:40:36.716973,device_B,JAMMING,CRITICAL,Signal Loss: Device silent for 19s (jamming timeout threshold)
2026-08-05T11:40:36.897446,device_B,JAMMING,CRITICAL,Signal Loss: Device silent for 19s (jamming timeout threshold)
2026-08-05T11:44:55.001988,device_B,JAMMING,CRITICAL,Signal Loss: Device silent for 18s (jamming timeout threshold)
2026-08-05T11:44:55.724625,device_B,JAMMING,CRITICAL,Signal Loss: Device silent for 19s (jamming timeout threshold)
2026-08-05T11:44:55.927654,device_B,JAMMING,CRITICAL,Signal Loss: Device silent for 19s (jamming timeout threshold)
2026-08-05T11:44:56.755468,device_B,JAMMING,CRITICAL,Signal Loss: Device silent for 20s (jamming timeout threshold)
2026-08-05T12:24:25.865911,device_B,SPOOFING,CRITICAL,Impossible Speed Alert: 13155.6 km/h exceeds threshold limit.
2026-08-05T12:24:25.867436,device_B,SPOOFING,CRITICAL,GPS Jump Alert: Abrupt spatial displacement of 7585.1 meters detected.
2026-08-05T12:24:43.211022,device_B,JAMMING,CRITICAL,Signal Loss: Device silent for 15s (jamming timeout threshold)
2026-08-05T12:24:46.199737,device_B,JAMMING,CRITICAL,Signal Loss: Device silent for 18s (jamming timeout threshold)
2026-08-05T12:24:46.691356,device_B,JAMMING,CRITICAL,Signal Loss: Device silent for 19s (jamming timeout threshold)
2026-08-05T12:24:47.192579,device_B,JAMMING,CRITICAL,Signal Loss: Device silent for 19s (jamming timeout threshold)
2026-08-05T12:24:47.696699,device_B,JAMMING,CRITICAL,Signal Loss: Device silent for 20s (jamming timeout threshold)
2026-08-05T12:29:23.071889,device_B,JAMMING,CRITICAL,"Jamming Alert: Massive signal loss. Satellites: 3, SNR: 15.0"
2026-08-05T12:29:41.140743,device_B,JAMMING,CRITICAL,Signal Loss: Device silent for 18s (jamming timeout threshold)
2026-08-05T12:29:41.273014,device_B,JAMMING,CRITICAL,Signal Loss: Device silent for 18s (jamming timeout threshold)
2026-08-05T12:29:42.152953,device_B,JAMMING,CRITICAL,Signal Loss: Device silent for 19s (jamming timeout threshold)
2026-08-05T12:29:42.201760,device_B,JAMMING,CRITICAL,Signal Loss: Device silent for 19s (jamming timeout threshold)
2026-08-05T12:30:00.379028,device_B,MITIGATION,WARNING,Mitigation active: Blocked source device_B (IP: 10.162.53.151)
2026-08-05T12:30:11.046550,device_B,MITIGATION,WARNING,Mitigation active: Blocked source device_B (IP: 10.162.53.151)
2026-08-05T12:30:40.375220,device_B,MITIGATION,INFO,Threat neutralized: Automatically unblocked device_B on recovery command.
2026-08-05T12:30:59.356245,device_B,SPOOFING,CRITICAL,Impossible Speed Alert: 13261.0 km/h exceeds threshold limit.
2026-08-05T12:30:59.358082,device_B,SPOOFING,CRITICAL,GPS Jump Alert: Abrupt spatial displacement of 7557.4 meters detected.
2026-08-05T12:30:59.359875,device_B,SPOOFING,CRITICAL,Trajectory Deviation Alert: Impossible sharp turn of 128.4° detected.
2026-08-05T12:32:18.171594,device_B,MITIGATION,WARNING,Mitigation active: Blocked source device_B (IP: 10.162.53.151)
2026-08-05T12:32:18.930054,device_B,MITIGATION,INFO,Threat neutralized: Automatically unblocked device_B on recovery command.
2026-08-05T12:32:42.814323,device_B,JAMMING,CRITICAL,Signal Loss: Device silent for 15s (jamming timeout threshold)
2026-08-05T12:32:45.817792,device_B,JAMMING,CRITICAL,Signal Loss: Device silent for 18s (jamming timeout threshold)
2026-08-05T12:32:46.198685,device_B,JAMMING,CRITICAL,Signal Loss: Device silent for 18s (jamming timeout threshold)
2026-08-05T12:32:46.818505,device_B,JAMMING,CRITICAL,Signal Loss: Device silent for 19s (jamming timeout threshold)
2026-08-05T12:32:47.194629,device_B,JAMMING,CRITICAL,Signal Loss: Device silent for 19s (jamming timeout threshold)
2026-08-05T12:32:54.453637,device_B,JAMMING,CRITICAL,"Jamming Alert: Massive signal loss. Satellites: 3, SNR: 15.0"
2026-08-05T12:33:05.886925,device_B,MITIGATION,WARNING,Mitigation active: Blocked source device_B (IP: 10.162.53.151)
2026-08-05T12:33:06.655963,device_B,MITIGATION,INFO,Threat neutralized: Automatically unblocked device_B on recovery command.
2026-08-05T12:35:33.083117,device_B,SPOOFING,CRITICAL,Impossible Speed Alert: 13147.3 km/h exceeds threshold limit.
2026-08-05T12:35:33.084270,device_B,SPOOFING,CRITICAL,GPS Jump Alert: Abrupt spatial displacement of 7568.5 meters detected.
2026-08-05T12:36:09.685496,device_B,MITIGATION,WARNING,Mitigation active: Blocked source device_B (IP: 10.162.53.151)
2026-08-05T12:36:11.673265,device_B,MITIGATION,INFO,Threat neutralized: Automatically unblocked device_B on recovery command.
2026-08-05T12:41:08.670160,device_B,SPOOFING,CRITICAL,Impossible Speed Alert: 13080.1 km/h exceeds threshold limit.
2026-08-05T12:41:08.671444,device_B,SPOOFING,CRITICAL,GPS Jump Alert: Abrupt spatial displacement of 7587.3 meters detected.
2026-08-05T12:41:28.008906,device_B,MITIGATION,WARNING,Mitigation active: Blocked source device_B (IP: 10.162.53.151)
2026-08-05T12:41:28.261123,device_B,MITIGATION,INFO,Threat neutralized: Automatically unblocked device_B on recovery command.
2026-08-05T12:42:42.366763,device_B,SPOOFING,CRITICAL,Impossible Speed Alert: 11415.5 km/h exceeds threshold limit.
2026-08-05T12:42:42.368231,device_B,SPOOFING,CRITICAL,GPS Jump Alert: Abrupt spatial displacement of 7557.7 meters detected.
2026-08-05T12:42:42.369642,device_B,SPOOFING,CRITICAL,Trajectory Deviation Alert: Impossible sharp turn of 141.8° detected.
2026-08-05T12:42:54.938257,device_B,MITIGATION,WARNING,Mitigation active: Blocked source device_B (IP: 10.162.53.151)
2026-08-05T12:42:55.392493,device_B,MITIGATION,INFO,Threat neutralized: Automatically unblocked device_B on recovery command.
2026-08-05T12:49:53.626977,device_B,SPOOFING,CRITICAL,Impossible Speed Alert: 13227.9 km/h exceeds threshold limit.
2026-08-05T12:49:53.628912,device_B,SPOOFING,CRITICAL,GPS Jump Alert: Abrupt spatial displacement of 7558.4 meters detected.
2026-08-05T12:51:05.426714,device_B,MITIGATION,WARNING,Mitigation active: Blocked source device_B (IP: 10.162.53.151)
2026-08-05T12:51:07.697230,device_B,MITIGATION,INFO,Threat neutralized: Automatically unblocked device_B on recovery command.
2026-08-07T15:33:00.494985,device_B,SPOOFING,CRITICAL,Impossible Speed Alert: 12758.1 km/h exceeds threshold limit.
2026-08-07T15:33:00.540516,device_B,SPOOFING,CRITICAL,GPS Jump Alert: Abrupt spatial displacement of 7588.9 meters detected.
2026-08-07T15:33:31.516984,device_B,MITIGATION,WARNING,Mitigation active: Blocked source device_B (IP: 10.162.53.151)
2026-08-07T15:33:32.623438,device_B,MITIGATION,INFO,Threat neutralized: Automatically unblocked device_B on recovery command.
2026-08-07T15:34:34.736566,device_B,SPOOFING,CRITICAL,Impossible Speed Alert: 10669.5 km/h exceeds threshold limit.
2026-08-07T15:34:34.750440,device_B,SPOOFING,CRITICAL,GPS Jump Alert: Abrupt spatial displacement of 7560.7 meters detected.
2026-08-07T15:34:34.755109,device_B,SPOOFING,CRITICAL,Trajectory Deviation Alert: Impossible sharp turn of 167.6° detected.
2026-08-07T15:35:38.501907,device_B,MITIGATION,WARNING,Mitigation active: Blocked source device_B (IP: 10.162.53.151)
2026-08-07T15:35:40.633571,device_B,MITIGATION,INFO,Threat neutralized: Automatically unblocked device_B on recovery command.
2026-08-07T15:36:28.302266,device_B,SPOOFING,CRITICAL,Impossible Speed Alert: 11736.2 km/h exceeds threshold limit.
2026-08-07T15:36:28.305993,device_B,SPOOFING,CRITICAL,GPS Jump Alert: Abrupt spatial displacement of 7573.3 meters detected.
2026-08-07T15:37:41.399288,device_B,SPOOFING,CRITICAL,Impossible Speed Alert: 12683.4 km/h exceeds threshold limit.
2026-08-07T15:37:41.402175,device_B,SPOOFING,CRITICAL,GPS Jump Alert: Abrupt spatial displacement of 7581.0 meters detected.
2026-08-07T15:38:25.298369,device_B,MITIGATION,WARNING,Mitigation active: Blocked source device_B (IP: 10.162.53.151)
2026-08-07T15:38:26.407768,device_B,MITIGATION,INFO,Threat neutralized: Automatically unblocked device_B on recovery command.
2026-08-07T15:43:34.905103,device_B,JAMMING,CRITICAL,Signal Loss: Device silent for 16s (jamming timeout threshold)
2026-08-07T15:43:37.670404,device_B,JAMMING,CRITICAL,Signal Loss: Device silent for 19s (jamming timeout threshold)
2026-08-07T15:43:38.668958,device_B,JAMMING,CRITICAL,Signal Loss: Device silent for 20s (jamming timeout threshold)
2026-08-07T16:05:01.156147,system,INFO,INFO,System state reset by administrator
2026-08-07T16:06:09.109348,device_B,SPOOFING,CRITICAL,Impossible Speed Alert: 31922.8 km/h exceeds threshold limit.
2026-08-07T16:06:09.110584,device_B,SPOOFING,CRITICAL,GPS Jump Alert: Abrupt spatial displacement of 18339.5 meters detected.
2026-08-07T16:06:09.111714,device_B,SPOOFING,CRITICAL,Trajectory Deviation Alert: Impossible sharp turn of 129.4° detected.
2026-08-07T16:07:47.399064,device_B,MITIGATION,WARNING,Mitigation active: Blocked source device_B (IP: 10.162.53.151)
2026-08-07T16:07:47.853837,device_B,MITIGATION,INFO,Threat neutralized: Automatically unblocked device_B on recovery command.
2026-08-07T16:11:27.853113,device_B,JAMMING,CRITICAL,Signal Loss: Device silent for 16s (jamming timeout threshold)
2026-08-07T16:11:30.839903,device_B,JAMMING,CRITICAL,Signal Loss: Device silent for 19s (jamming timeout threshold)
2026-08-07T16:11:30.969630,device_B,JAMMING,CRITICAL,Signal Loss: Device silent for 19s (jamming timeout threshold)
2026-08-07T16:11:31.829607,device_B,JAMMING,CRITICAL,Signal Loss: Device silent for 20s (jamming timeout threshold)
2026-08-07T16:11:31.957170,device_B,JAMMING,CRITICAL,Signal Loss: Device silent for 20s (jamming timeout threshold)
2026-08-07T16:22:58.258436,device_B,SPOOFING,CRITICAL,Impossible Speed Alert: 11451.1 km/h exceeds threshold limit.
2026-08-07T16:22:58.261277,device_B,SPOOFING,CRITICAL,GPS Jump Alert: Abrupt spatial displacement of 6838.3 meters detected.
2026-08-07T16:24:38.625759,device_B,MITIGATION,WARNING,Mitigation active: Blocked source device_B (IP: 10.162.53.151)
2026-08-07T16:24:39.450978,device_B,MITIGATION,INFO,Threat neutralized: Automatically unblocked device_B on recovery command.
2026-08-07T16:26:39.562127,device_B,JAMMING,CRITICAL,Signal Loss: Device silent for 15s (jamming timeout threshold)
2026-08-07T16:26:42.560657,device_B,JAMMING,CRITICAL,Signal Loss: Device silent for 18s (jamming timeout threshold)
2026-08-07T16:26:43.563598,device_B,JAMMING,CRITICAL,Signal Loss: Device silent for 19s (jamming timeout threshold)
2026-08-07T16:45:54.335017,device_B,JAMMING,CRITICAL,Signal Loss: Device silent for 18s (jamming timeout threshold)
2026-08-07T16:45:54.969585,device_B,JAMMING,CRITICAL,Signal Loss: Device silent for 19s (jamming timeout threshold)
2026-08-07T16:45:55.948049,device_B,JAMMING,CRITICAL,Signal Loss: Device silent for 20s (jamming timeout threshold)
2026-08-07T17:00:16.989763,device_B,JAMMING,CRITICAL,Signal Loss: Device silent for 15s (jamming timeout threshold)
2026-08-07T17:00:19.923590,device_B,JAMMING,CRITICAL,Signal Loss: Device silent for 18s (jamming timeout threshold)
2026-08-07T17:00:20.881351,device_B,JAMMING,CRITICAL,Signal Loss: Device silent for 19s (jamming timeout threshold)
2026-08-07T17:01:29.016538,device_B,MITIGATION,WARNING,Mitigation active: Blocked source device_B (IP: 10.162.53.167)
2026-08-07T17:01:43.003230,device_B,MITIGATION,WARNING,Mitigation active: Blocked source device_B (IP: 10.162.53.167)
2026-08-07T17:07:42.553701,system,INFO,INFO,System state reset by administrator
2026-08-07T17:09:21.308564,device_B,MITIGATION,INFO,Threat neutralized: Automatically unblocked device_B on recovery command.
2026-08-07T17:14:43.634141,device_B,JAMMING,CRITICAL,Signal Loss: Device silent for 15s (jamming timeout threshold)
2026-08-07T17:14:46.587432,device_B,JAMMING,CRITICAL,Signal Loss: Device silent for 18s (jamming timeout threshold)
2026-08-07T17:14:47.563531,device_B,JAMMING,CRITICAL,Signal Loss: Device silent for 19s (jamming timeout threshold)
2026-08-07T17:16:07.672149,device_B,SPOOFING,CRITICAL,Impossible Speed Alert: 10766.3 km/h exceeds threshold limit.
2026-08-07T17:16:07.727634,device_B,SPOOFING,CRITICAL,GPS Jump Alert: Abrupt spatial displacement of 6840.3 meters detected.
2026-08-07T17:19:25.834063,device_B,MITIGATION,WARNING,Mitigation active: Blocked source device_B (IP: 10.162.53.151)
2026-08-07T17:19:26.995670,device_B,MITIGATION,INFO,Threat neutralized: Automatically unblocked device_B on recovery command.
2026-08-07T17:21:33.118914,device_B,JAMMING,CRITICAL,Signal Loss: Device silent for 15s (jamming timeout threshold)
2026-08-07T17:21:36.074877,device_B,JAMMING,CRITICAL,Signal Loss: Device silent for 18s (jamming timeout threshold)
2026-08-07T17:21:37.080291,device_B,JAMMING,CRITICAL,Signal Loss: Device silent for 19s (jamming timeout threshold)
2026-08-07T17:21:38.102846,device_B,JAMMING,CRITICAL,Signal Loss: Device silent for 20s (jamming timeout threshold)
2026-08-07T17:21:39.057018,device_B,JAMMING,CRITICAL,Signal Loss: Device silent for 21s (jamming timeout threshold)
2026-08-07T17:21:40.073920,device_B,JAMMING,CRITICAL,Signal Loss: Device silent for 22s (jamming timeout threshold)
2026-08-07T17:21:41.080750,device_B,JAMMING,CRITICAL,Signal Loss: Device silent for 23s (jamming timeout threshold)
2026-08-07T17:21:42.089253,device_B,JAMMING,CRITICAL,Signal Loss: Device silent for 24s (jamming timeout threshold)
2026-08-07T17:21:43.081481,device_B,JAMMING,CRITICAL,Signal Loss: Device silent for 25s (jamming timeout threshold)
2026-08-07T17:21:44.057687,device_B,JAMMING,CRITICAL,Signal Loss: Device silent for 26s (jamming timeout threshold)
2026-08-07T17:21:45.129208,device_B,JAMMING,CRITICAL,Signal Loss: Device silent for 27s (jamming timeout threshold)
2026-08-07T17:21:46.069665,device_B,JAMMING,CRITICAL,Signal Loss: Device silent for 28s (jamming timeout threshold)
2026-08-07T17:21:47.036861,device_B,JAMMING,CRITICAL,Signal Loss: Device silent for 29s (jamming timeout threshold)
2026-08-07T17:21:48.024853,device_B,JAMMING,CRITICAL,Signal Loss: Device silent for 30s (jamming timeout threshold)
2026-08-07T17:21:49.055767,device_B,JAMMING,CRITICAL,Signal Loss: Device silent for 31s (jamming timeout threshold)
2026-08-07T17:21:50.054433,device_B,JAMMING,CRITICAL,Signal Loss: Device silent for 32s (jamming timeout threshold)
2026-08-07T17:21:51.061137,device_B,JAMMING,CRITICAL,Signal Loss: Device silent for 33s (jamming timeout threshold)
2026-08-07T17:21:52.139977,device_B,JAMMING,CRITICAL,Signal Loss: Device silent for 34s (jamming timeout threshold)
2026-08-07T17:21:53.117345,device_B,JAMMING,CRITICAL,Signal Loss: Device silent for 35s (jamming timeout threshold)
2026-08-07T17:21:54.088722,device_B,JAMMING,CRITICAL,Signal Loss: Device silent for 36s (jamming timeout threshold)
2026-08-07T17:21:55.123730,device_B,JAMMING,CRITICAL,Signal Loss: Device silent for 37s (jamming timeout threshold)
2026-08-07T17:21:56.072965,device_B,JAMMING,CRITICAL,Signal Loss: Device silent for 38s (jamming timeout threshold)
2026-08-07T17:21:57.069017,device_B,JAMMING,CRITICAL,Signal Loss: Device silent for 39s (jamming timeout threshold)
2026-08-07T17:21:58.068701,device_B,JAMMING,CRITICAL,Signal Loss: Device silent for 40s (jamming timeout threshold)
2026-08-07T17:21:59.075636,device_B,JAMMING,CRITICAL,Signal Loss: Device silent for 41s (jamming timeout threshold)
2026-08-07T17:22:00.066620,device_B,JAMMING,CRITICAL,Signal Loss: Device silent for 42s (jamming timeout threshold)
2026-08-07T17:22:01.097993,device_B,JAMMING,CRITICAL,Signal Loss: Device silent for 43s (jamming timeout threshold)
2026-08-07T17:22:02.079144,device_B,JAMMING,CRITICAL,Signal Loss: Device silent for 44s (jamming timeout threshold)
2026-08-07T17:22:26.487476,device_B,MITIGATION,WARNING,Mitigation active: Blocked source device_B (IP: 10.162.53.167)
2026-08-07T17:22:28.628410,device_B,MITIGATION,INFO,Threat neutralized: Automatically unblocked device_B on recovery command.
2026-08-07T17:23:48.030131,device_B,JAMMING,CRITICAL,Signal Loss: Device silent for 15s (jamming timeout threshold)
2026-08-07T17:23:51.133555,device_B,JAMMING,CRITICAL,Signal Loss: Device silent for 18s (jamming timeout threshold)
2026-08-07T17:23:52.122022,device_B,JAMMING,CRITICAL,Signal Loss: Device silent for 19s (jamming timeout threshold)
2026-08-07T17:23:53.103890,device_B,JAMMING,CRITICAL,Signal Loss: Device silent for 20s (jamming timeout threshold)
2026-08-07T17:23:54.079607,device_B,JAMMING,CRITICAL,Signal Loss: Device silent for 21s (jamming timeout threshold)
2026-08-07T17:23:55.079333,device_B,JAMMING,CRITICAL,Signal Loss: Device silent for 22s (jamming timeout threshold)
2026-08-07T17:23:56.068858,device_B,JAMMING,CRITICAL,Signal Loss: Device silent for 23s (jamming timeout threshold)
2026-08-07T17:23:57.100810,device_B,JAMMING,CRITICAL,Signal Loss: Device silent for 24s (jamming timeout threshold)
2026-08-07T17:23:58.089997,device_B,JAMMING,CRITICAL,Signal Loss: Device silent for 25s (jamming timeout threshold)
2026-08-07T17:23:59.086035,device_B,JAMMING,CRITICAL,Signal Loss: Device silent for 26s (jamming timeout threshold)
2026-08-07T17:24:00.074459,device_B,JAMMING,CRITICAL,Signal Loss: Device silent for 27s (jamming timeout threshold)
2026-08-07T17:24:01.108405,device_B,JAMMING,CRITICAL,Signal Loss: Device silent for 28s (jamming timeout threshold)
2026-08-07T17:24:01.953686,device_B,JAMMING,CRITICAL,Signal Loss: Device silent for 29s (jamming timeout threshold)
2026-08-07T17:24:03.037488,device_B,JAMMING,CRITICAL,Signal Loss: Device silent for 30s (jamming timeout threshold)
2026-08-07T17:24:04.048168,device_B,JAMMING,CRITICAL,Signal Loss: Device silent for 31s (jamming timeout threshold)
2026-08-07T17:24:04.946305,device_B,JAMMING,CRITICAL,Signal Loss: Device silent for 32s (jamming timeout threshold)
2026-08-07T17:24:05.998313,device_B,JAMMING,CRITICAL,Signal Loss: Device silent for 33s (jamming timeout threshold)
2026-08-07T17:24:06.951321,device_B,JAMMING,CRITICAL,Signal Loss: Device silent for 34s (jamming timeout threshold)
2026-08-07T17:24:07.959804,device_B,JAMMING,CRITICAL,Signal Loss: Device silent for 35s (jamming timeout threshold)
2026-08-07T17:24:08.945039,device_B,JAMMING,CRITICAL,Signal Loss: Device silent for 36s (jamming timeout threshold)
2026-08-07T17:24:09.975443,device_B,JAMMING,CRITICAL,Signal Loss: Device silent for 37s (jamming timeout threshold)
2026-08-07T17:24:10.954206,device_B,JAMMING,CRITICAL,Signal Loss: Device silent for 38s (jamming timeout threshold)
2026-08-07T17:24:12.047516,device_B,JAMMING,CRITICAL,Signal Loss: Device silent for 39s (jamming timeout threshold)
2026-08-07T17:24:12.935691,device_B,JAMMING,CRITICAL,Signal Loss: Device silent for 40s (jamming timeout threshold)
2026-08-07T17:24:13.920810,device_B,JAMMING,CRITICAL,Signal Loss: Device silent for 41s (jamming timeout threshold)
2026-08-07T17:24:14.939231,device_B,JAMMING,CRITICAL,Signal Loss: Device silent for 42s (jamming timeout threshold)
2026-08-07T17:24:15.935553,device_B,JAMMING,CRITICAL,Signal Loss: Device silent for 43s (jamming timeout threshold)
2026-08-07T17:24:16.931048,device_B,JAMMING,CRITICAL,Signal Loss: Device silent for 44s (jamming timeout threshold)
2026-08-07T17:24:17.932235,device_B,JAMMING,CRITICAL,Signal Loss: Device silent for 45s (jamming timeout threshold)
2026-08-25T16:18:49.151032,device_B,SPOOFING,CRITICAL,Impossible Speed Alert: 13578.8 km/h exceeds threshold limit.
2026-08-25T16:18:49.153095,device_B,SPOOFING,CRITICAL,GPS Jump Alert: Abrupt spatial displacement of 7558.9 meters detected.
2026-08-25T16:18:49.153517,device_B,SPOOFING,CRITICAL,Trajectory Deviation Alert: Impossible sharp turn of 151.4° detected.
2026-08-25T16:18:59.311993,device_B,MITIGATION,WARNING,Mitigation active: Blocked source device_B (IP: 192.168.43.150)
2026-08-25T16:19:01.225446,device_B,MITIGATION,INFO,Threat neutralized: Automatically unblocked device_B on recovery command.
2026-08-25T16:52:14.860294,device_B,JAMMING,CRITICAL,Signal Loss: Device silent for 16s (jamming timeout threshold)
2026-08-25T16:52:17.402457,device_B,JAMMING,CRITICAL,Signal Loss: Device silent for 18s (jamming timeout threshold)
2026-08-25T16:52:17.861209,device_B,JAMMING,CRITICAL,Signal Loss: Device silent for 19s (jamming timeout threshold)
2026-08-25T16:52:18.396971,device_B,JAMMING,CRITICAL,Signal Loss: Device silent for 19s (jamming timeout threshold)
2026-08-25T16:52:18.860613,device_B,JAMMING,CRITICAL,Signal Loss: Device silent for 20s (jamming timeout threshold)
2026-08-25T16:52:19.397571,device_B,JAMMING,CRITICAL,Signal Loss: Device silent for 20s (jamming timeout threshold)
2026-08-25T16:52:19.872255,device_B,JAMMING,CRITICAL,Signal Loss: Device silent for 21s (jamming timeout threshold)
2026-08-25T16:52:20.407438,device_B,JAMMING,CRITICAL,Signal Loss: Device silent for 21s (jamming timeout threshold)
2026-08-25T16:52:20.863575,device_B,JAMMING,CRITICAL,Signal Loss: Device silent for 22s (jamming timeout threshold)
2026-08-25T16:52:21.395886,device_B,JAMMING,CRITICAL,Signal Loss: Device silent for 22s (jamming timeout threshold)
2026-08-25T16:52:21.857762,device_B,JAMMING,CRITICAL,Signal Loss: Device silent for 23s (jamming timeout threshold)
2026-08-25T16:52:22.397174,device_B,JAMMING,CRITICAL,Signal Loss: Device silent for 23s (jamming timeout threshold)
2026-08-25T16:52:22.860958,device_B,JAMMING,CRITICAL,Signal Loss: Device silent for 24s (jamming timeout threshold)
2026-08-25T16:52:23.411844,device_B,JAMMING,CRITICAL,Signal Loss: Device silent for 24s (jamming timeout threshold)
2026-08-25T16:52:23.861188,device_B,JAMMING,CRITICAL,Signal Loss: Device silent for 25s (jamming timeout threshold)
2026-08-25T16:52:24.393499,device_B,JAMMING,CRITICAL,Signal Loss: Device silent for 25s (jamming timeout threshold)
2026-08-25T16:52:24.875784,device_B,JAMMING,CRITICAL,Signal Loss: Device silent for 26s (jamming timeout threshold)
2026-08-25T16:52:25.407984,device_B,JAMMING,CRITICAL,Signal Loss: Device silent for 26s (jamming timeout threshold)
2026-08-25T16:52:25.872377,device_B,JAMMING,CRITICAL,Signal Loss: Device silent for 27s (jamming timeout threshold)
2026-08-25T16:52:26.441135,device_B,JAMMING,CRITICAL,Signal Loss: Device silent for 27s (jamming timeout threshold)
2026-08-25T16:52:26.862454,device_B,JAMMING,CRITICAL,Signal Loss: Device silent for 28s (jamming timeout threshold)
2026-08-25T16:52:27.400166,device_B,JAMMING,CRITICAL,Signal Loss: Device silent for 28s (jamming timeout threshold)
2026-08-25T16:52:27.869788,device_B,JAMMING,CRITICAL,Signal Loss: Device silent for 29s (jamming timeout threshold)
2026-08-25T16:52:28.405953,device_B,JAMMING,CRITICAL,Signal Loss: Device silent for 29s (jamming timeout threshold)
2026-08-25T16:52:28.860641,device_B,JAMMING,CRITICAL,Signal Loss: Device silent for 30s (jamming timeout threshold)
2026-08-25T16:52:29.392130,device_B,JAMMING,CRITICAL,Signal Loss: Device silent for 30s (jamming timeout threshold)
2026-08-25T16:52:29.858688,device_B,JAMMING,CRITICAL,Signal Loss: Device silent for 31s (jamming timeout threshold)
2026-08-25T16:52:30.402741,device_B,JAMMING,CRITICAL,Signal Loss: Device silent for 31s (jamming timeout threshold)
2026-08-25T16:52:30.861879,device_B,JAMMING,CRITICAL,Signal Loss: Device silent for 32s (jamming timeout threshold)
2026-08-25T16:52:31.396063,device_B,JAMMING,CRITICAL,Signal Loss: Device silent for 32s (jamming timeout threshold)
2026-08-25T16:52:31.859803,device_B,JAMMING,CRITICAL,Signal Loss: Device silent for 33s (jamming timeout threshold)
2026-08-25T16:52:32.394549,device_B,JAMMING,CRITICAL,Signal Loss: Device silent for 33s (jamming timeout threshold)
2026-08-25T16:52:32.859259,device_B,JAMMING,CRITICAL,Signal Loss: Device silent for 34s (jamming timeout threshold)
2026-08-25T16:52:33.421308,device_B,JAMMING,CRITICAL,Signal Loss: Device silent for 34s (jamming timeout threshold)
2026-08-25T16:52:33.875989,device_B,JAMMING,CRITICAL,Signal Loss: Device silent for 35s (jamming timeout threshold)
2026-08-25T16:52:34.421823,device_B,JAMMING,CRITICAL,Signal Loss: Device silent for 35s (jamming timeout threshold)
2026-08-25T16:52:34.862229,device_B,JAMMING,CRITICAL,Signal Loss: Device silent for 36s (jamming timeout threshold)
2026-08-25T16:52:35.406213,device_B,JAMMING,CRITICAL,Signal Loss: Device silent for 36s (jamming timeout threshold)
2026-08-25T16:52:35.874361,device_B,JAMMING,CRITICAL,Signal Loss: Device silent for 37s (jamming timeout threshold)
2026-08-25T16:52:36.424288,device_B,JAMMING,CRITICAL,Signal Loss: Device silent for 37s (jamming timeout threshold)
2026-08-25T16:52:36.872270,device_B,JAMMING,CRITICAL,Signal Loss: Device silent for 38s (jamming timeout threshold)
2026-08-25T16:52:37.461986,device_B,JAMMING,CRITICAL,Signal Loss: Device silent for 38s (jamming timeout threshold)
2026-08-25T16:52:37.864992,device_B,JAMMING,CRITICAL,Signal Loss: Device silent for 39s (jamming timeout threshold)
2026-08-25T16:52:38.411146,device_B,JAMMING,CRITICAL,Signal Loss: Device silent for 39s (jamming timeout threshold)
2026-08-25T16:52:38.875883,device_B,JAMMING,CRITICAL,Signal Loss: Device silent for 40s (jamming timeout threshold)
2026-08-25T16:52:39.405706,device_B,JAMMING,CRITICAL,Signal Loss: Device silent for 40s (jamming timeout threshold)
2026-08-25T16:52:39.875516,device_B,JAMMING,CRITICAL,Signal Loss: Device silent for 41s (jamming timeout threshold)
2026-08-25T16:52:40.403008,device_B,JAMMING,CRITICAL,Signal Loss: Device silent for 41s (jamming timeout threshold)
2026-08-25T16:52:40.858909,device_B,JAMMING,CRITICAL,Signal Loss: Device silent for 42s (jamming timeout threshold)
2026-08-25T16:52:41.443197,device_B,JAMMING,CRITICAL,Signal Loss: Device silent for 42s (jamming timeout threshold)
2026-08-25T16:52:41.862603,device_B,JAMMING,CRITICAL,Signal Loss: Device silent for 43s (jamming timeout threshold)
2026-08-25T16:52:42.417004,device_B,JAMMING,CRITICAL,Signal Loss: Device silent for 43s (jamming timeout threshold)
2026-08-25T16:52:42.866778,device_B,JAMMING,CRITICAL,Signal Loss: Device silent for 44s (jamming timeout threshold)
2026-08-25T16:52:43.418878,device_B,JAMMING,CRITICAL,Signal Loss: Device silent for 44s (jamming timeout threshold)
2026-08-25T16:52:43.875178,device_B,JAMMING,CRITICAL,Signal Loss: Device silent for 45s (jamming timeout threshold)
2026-08-25T16:54:28.808139,system,INFO,INFO,System state reset by administrator
2026-08-25T16:56:43.244617,device_B,JAMMING,CRITICAL,Signal Loss: Device silent for 15s (jamming timeout threshold)
2026-08-25T16:56:46.253548,device_B,JAMMING,CRITICAL,Signal Loss: Device silent for 18s (jamming timeout threshold)
2026-08-25T17:02:33.249747,device_B,JAMMING,CRITICAL,Signal Loss: Device silent for 18s (jamming timeout threshold)
2026-08-25T17:02:33.412230,device_B,JAMMING,CRITICAL,Signal Loss: Device silent for 19s (jamming timeout threshold)
2026-08-25T17:02:34.246194,device_B,JAMMING,CRITICAL,Signal Loss: Device silent for 19s (jamming timeout threshold)
2026-08-25T17:02:34.395377,device_B,JAMMING,CRITICAL,Signal Loss: Device silent for 20s (jamming timeout threshold)
2026-08-25T17:02:35.248899,device_B,JAMMING,CRITICAL,Signal Loss: Device silent for 20s (jamming timeout threshold)
2026-08-25T17:02:35.407895,device_B,JAMMING,CRITICAL,Signal Loss: Device silent for 21s (jamming timeout threshold)
2026-08-25T17:02:36.247640,device_B,JAMMING,CRITICAL,Signal Loss: Device silent for 21s (jamming timeout threshold)
2026-08-25T17:02:36.549777,device_B,JAMMING,CRITICAL,Signal Loss: Device silent for 22s (jamming timeout threshold)
2026-08-25T17:02:37.248205,device_B,JAMMING,CRITICAL,Signal Loss: Device silent for 22s (jamming timeout threshold)
2026-08-25T17:02:37.402032,device_B,JAMMING,CRITICAL,Signal Loss: Device silent for 23s (jamming timeout threshold)
2026-08-25T17:07:28.258281,device_B,JAMMING,CRITICAL,Signal Loss: Device silent for 19s (jamming timeout threshold)
2026-08-25T17:07:28.402525,device_B,JAMMING,CRITICAL,Signal Loss: Device silent for 19s (jamming timeout threshold)
2026-08-25T17:07:29.254301,device_B,JAMMING,CRITICAL,Signal Loss: Device silent for 20s (jamming timeout threshold)
2026-08-25T17:07:29.397582,device_B,JAMMING,CRITICAL,Signal Loss: Device silent for 20s (jamming timeout threshold)
2026-08-25T17:07:30.254996,device_B,JAMMING,CRITICAL,Signal Loss: Device silent for 21s (jamming timeout threshold)
2026-08-25T17:07:30.549477,device_B,JAMMING,CRITICAL,Signal Loss: Device silent for 21s (jamming timeout threshold)
2026-08-25T17:07:31.252746,device_B,JAMMING,CRITICAL,Signal Loss: Device silent for 22s (jamming timeout threshold)
2026-08-25T17:07:31.409672,device_B,JAMMING,CRITICAL,Signal Loss: Device silent for 22s (jamming timeout threshold)
2026-08-25T17:07:32.263120,device_B,JAMMING,CRITICAL,Signal Loss: Device silent for 23s (jamming timeout threshold)
2026-08-25T17:07:32.403956,device_B,JAMMING,CRITICAL,Signal Loss: Device silent for 23s (jamming timeout threshold)
2026-08-25T17:07:33.263229,device_B,JAMMING,CRITICAL,Signal Loss: Device silent for 24s (jamming timeout threshold)
2026-08-25T17:07:33.427437,device_B,JAMMING,CRITICAL,Signal Loss: Device silent for 24s (jamming timeout threshold)
2026-08-25T17:07:34.262581,device_B,JAMMING,CRITICAL,Signal Loss: Device silent for 25s (jamming timeout threshold)
2026-08-25T17:07:34.400941,device_B,JAMMING,CRITICAL,Signal Loss: Device silent for 25s (jamming timeout threshold)
2026-08-25T17:07:35.259843,device_B,JAMMING,CRITICAL,Signal Loss: Device silent for 26s (jamming timeout threshold)
2026-08-25T17:07:35.398915,device_B,JAMMING,CRITICAL,Signal Loss: Device silent for 26s (jamming timeout threshold)
2026-08-25T17:07:36.262600,device_B,JAMMING,CRITICAL,Signal Loss: Device silent for 27s (jamming timeout threshold)
2026-08-25T17:07:36.574785,device_B,JAMMING,CRITICAL,Signal Loss: Device silent for 27s (jamming timeout threshold)
2026-08-25T17:07:37.263583,device_B,JAMMING,CRITICAL,Signal Loss: Device silent for 28s (jamming timeout threshold)
2026-08-25T17:07:37.426548,device_B,JAMMING,CRITICAL,Signal Loss: Device silent for 28s (jamming timeout threshold)
2026-08-25T17:07:38.256683,device_B,JAMMING,CRITICAL,Signal Loss: Device silent for 29s (jamming timeout threshold)
2026-08-25T17:07:38.397611,device_B,JAMMING,CRITICAL,Signal Loss: Device silent for 29s (jamming timeout threshold)
2026-08-25T17:07:39.261624,device_B,JAMMING,CRITICAL,Signal Loss: Device silent for 30s (jamming timeout threshold)
2026-08-25T17:07:39.430865,device_B,JAMMING,CRITICAL,Signal Loss: Device silent for 30s (jamming timeout threshold)
2026-08-25T17:07:40.262426,device_B,JAMMING,CRITICAL,Signal Loss: Device silent for 31s (jamming timeout threshold)
2026-08-25T17:07:40.406131,device_B,JAMMING,CRITICAL,Signal Loss: Device silent for 31s (jamming timeout threshold)
2026-08-25T17:07:41.253838,device_B,JAMMING,CRITICAL,Signal Loss: Device silent for 32s (jamming timeout threshold)
2026-08-25T17:07:41.394302,device_B,JAMMING,CRITICAL,Signal Loss: Device silent for 32s (jamming timeout threshold)
2026-08-25T17:07:42.255356,device_B,JAMMING,CRITICAL,Signal Loss: Device silent for 33s (jamming timeout threshold)
2026-08-25T17:07:42.404462,device_B,JAMMING,CRITICAL,Signal Loss: Device silent for 33s (jamming timeout threshold)
2026-08-25T17:07:43.260611,device_B,JAMMING,CRITICAL,Signal Loss: Device silent for 34s (jamming timeout threshold)
2026-08-25T17:07:43.702906,device_B,JAMMING,CRITICAL,Signal Loss: Device silent for 34s (jamming timeout threshold)
2026-08-25T17:07:44.254269,device_B,JAMMING,CRITICAL,Signal Loss: Device silent for 35s (jamming timeout threshold)
2026-08-25T17:07:44.392255,device_B,JAMMING,CRITICAL,Signal Loss: Device silent for 35s (jamming timeout threshold)
2026-08-25T17:07:45.252162,device_B,JAMMING,CRITICAL,Signal Loss: Device silent for 36s (jamming timeout threshold)
2026-08-25T17:07:45.408394,device_B,JAMMING,CRITICAL,Signal Loss: Device silent for 36s (jamming timeout threshold)
2026-08-25T17:07:46.261154,device_B,JAMMING,CRITICAL,Signal Loss: Device silent for 37s (jamming timeout threshold)
2026-08-25T17:07:46.400208,device_B,JAMMING,CRITICAL,Signal Loss: Device silent for 37s (jamming timeout threshold)
2026-08-25T17:07:47.257453,device_B,JAMMING,CRITICAL,Signal Loss: Device silent for 38s (jamming timeout threshold)
2026-08-25T17:07:47.402332,device_B,JAMMING,CRITICAL,Signal Loss: Device silent for 38s (jamming timeout threshold)
2026-08-25T17:07:48.260743,device_B,JAMMING,CRITICAL,Signal Loss: Device silent for 39s (jamming timeout threshold)
2026-08-25T17:07:48.402342,device_B,JAMMING,CRITICAL,Signal Loss: Device silent for 39s (jamming timeout threshold)
2026-08-25T17:07:49.248097,device_B,JAMMING,CRITICAL,Signal Loss: Device silent for 40s (jamming timeout threshold)
2026-08-25T17:07:49.412587,device_B,JAMMING,CRITICAL,Signal Loss: Device silent for 40s (jamming timeout threshold)
2026-08-25T17:07:50.250403,device_B,JAMMING,CRITICAL,Signal Loss: Device silent for 41s (jamming timeout threshold)
2026-08-25T17:07:50.402667,device_B,JAMMING,CRITICAL,Signal Loss: Device silent for 41s (jamming timeout threshold)
2026-08-25T17:07:51.257607,device_B,JAMMING,CRITICAL,Signal Loss: Device silent for 42s (jamming timeout threshold)
2026-08-25T17:07:51.405533,device_B,JAMMING,CRITICAL,Signal Loss: Device silent for 42s (jamming timeout threshold)
2026-08-25T17:07:52.260957,device_B,JAMMING,CRITICAL,Signal Loss: Device silent for 43s (jamming timeout threshold)
2026-08-25T17:07:52.401572,device_B,JAMMING,CRITICAL,Signal Loss: Device silent for 43s (jamming timeout threshold)
2026-08-25T17:07:53.258998,device_B,JAMMING,CRITICAL,Signal Loss: Device silent for 44s (jamming timeout threshold)
2026-08-25T17:07:53.428162,device_B,JAMMING,CRITICAL,Signal Loss: Device silent for 44s (jamming timeout threshold)
2026-08-25T17:07:54.260772,device_B,JAMMING,CRITICAL,Signal Loss: Device silent for 45s (jamming timeout threshold)
2026-08-25T17:07:54.402334,device_B,JAMMING,CRITICAL,Signal Loss: Device silent for 45s (jamming timeout threshold)
2026-08-25T17:11:35.251636,device_B,JAMMING,CRITICAL,Signal Loss: Device silent for 19s (jamming timeout threshold)
2026-08-25T17:11:35.430386,device_B,JAMMING,CRITICAL,Signal Loss: Device silent for 19s (jamming timeout threshold)
2026-08-25T17:11:36.244340,device_B,JAMMING,CRITICAL,Signal Loss: Device silent for 20s (jamming timeout threshold)
2026-08-25T17:11:36.418811,device_B,JAMMING,CRITICAL,Signal Loss: Device silent for 20s (jamming timeout threshold)
2026-08-25T17:11:37.244990,device_B,JAMMING,CRITICAL,Signal Loss: Device silent for 21s (jamming timeout threshold)
2026-08-25T17:11:37.417138,device_B,JAMMING,CRITICAL,Signal Loss: Device silent for 21s (jamming timeout threshold)
2026-08-25T17:11:38.260427,device_B,JAMMING,CRITICAL,Signal Loss: Device silent for 22s (jamming timeout threshold)
2026-08-25T17:11:38.579617,device_B,JAMMING,CRITICAL,Signal Loss: Device silent for 22s (jamming timeout threshold)
2026-08-25T17:11:39.248663,device_B,JAMMING,CRITICAL,Signal Loss: Device silent for 23s (jamming timeout threshold)
2026-08-25T17:11:39.421917,device_B,JAMMING,CRITICAL,Signal Loss: Device silent for 23s (jamming timeout threshold)
2026-08-25T17:11:40.252406,device_B,JAMMING,CRITICAL,Signal Loss: Device silent for 24s (jamming timeout threshold)
2026-08-25T17:11:40.408156,device_B,JAMMING,CRITICAL,Signal Loss: Device silent for 24s (jamming timeout threshold)
2026-08-25T17:11:41.248921,device_B,JAMMING,CRITICAL,Signal Loss: Device silent for 25s (jamming timeout threshold)
2026-08-25T17:11:41.402371,device_B,JAMMING,CRITICAL,Signal Loss: Device silent for 25s (jamming timeout threshold)
2026-08-25T17:11:42.259781,device_B,JAMMING,CRITICAL,Signal Loss: Device silent for 26s (jamming timeout threshold)
2026-08-25T17:11:42.455081,device_B,JAMMING,CRITICAL,Signal Loss: Device silent for 26s (jamming timeout threshold)
2026-08-25T17:11:43.257940,device_B,JAMMING,CRITICAL,Signal Loss: Device silent for 27s (jamming timeout threshold)
2026-08-25T17:11:43.489689,device_B,JAMMING,CRITICAL,Signal Loss: Device silent for 27s (jamming timeout threshold)
2026-08-25T17:11:44.264366,device_B,JAMMING,CRITICAL,Signal Loss: Device silent for 28s (jamming timeout threshold)
2026-08-25T17:11:44.393252,device_B,JAMMING,CRITICAL,Signal Loss: Device silent for 28s (jamming timeout threshold)
2026-08-25T17:11:45.259175,device_B,JAMMING,CRITICAL,Signal Loss: Device silent for 29s (jamming timeout threshold)
2026-08-25T17:11:45.393986,device_B,JAMMING,CRITICAL,Signal Loss: Device silent for 29s (jamming timeout threshold)
2026-08-25T17:11:46.255060,device_B,JAMMING,CRITICAL,Signal Loss: Device silent for 30s (jamming timeout threshold)
2026-08-25T17:11:46.391963,device_B,JAMMING,CRITICAL,Signal Loss: Device silent for 30s (jamming timeout threshold)
2026-08-25T17:11:47.256218,device_B,JAMMING,CRITICAL,Signal Loss: Device silent for 31s (jamming timeout threshold)
2026-08-25T17:11:47.403609,device_B,JAMMING,CRITICAL,Signal Loss: Device silent for 31s (jamming timeout threshold)
2026-08-25T17:11:48.257193,device_B,JAMMING,CRITICAL,Signal Loss: Device silent for 32s (jamming timeout threshold)
2026-08-25T17:11:48.403590,device_B,JAMMING,CRITICAL,Signal Loss: Device silent for 32s (jamming timeout threshold)
2026-08-25T17:11:49.257347,device_B,JAMMING,CRITICAL,Signal Loss: Device silent for 33s (jamming timeout threshold)
2026-08-25T17:11:49.399590,device_B,JAMMING,CRITICAL,Signal Loss: Device silent for 33s (jamming timeout threshold)
2026-08-25T17:11:50.256739,device_B,JAMMING,CRITICAL,Signal Loss: Device silent for 34s (jamming timeout threshold)
2026-08-25T17:11:50.401716,device_B,JAMMING,CRITICAL,Signal Loss: Device silent for 34s (jamming timeout threshold)
2026-08-25T17:11:51.249247,device_B,JAMMING,CRITICAL,Signal Loss: Device silent for 35s (jamming timeout threshold)
2026-08-25T17:11:51.403936,device_B,JAMMING,CRITICAL,Signal Loss: Device silent for 35s (jamming timeout threshold)
2026-08-25T17:11:52.260741,device_B,JAMMING,CRITICAL,Signal Loss: Device silent for 36s (jamming timeout threshold)
2026-08-25T17:11:52.416079,device_B,JAMMING,CRITICAL,Signal Loss: Device silent for 36s (jamming timeout threshold)
2026-08-25T17:11:53.255173,device_B,JAMMING,CRITICAL,Signal Loss: Device silent for 37s (jamming timeout threshold)
2026-08-25T17:11:53.415687,device_B,JAMMING,CRITICAL,Signal Loss: Device silent for 37s (jamming timeout threshold)
2026-08-25T17:11:54.252935,device_B,JAMMING,CRITICAL,Signal Loss: Device silent for 38s (jamming timeout threshold)
2026-08-25T17:11:54.400294,device_B,JAMMING,CRITICAL,Signal Loss: Device silent for 38s (jamming timeout threshold)
2026-08-25T17:11:55.257949,device_B,JAMMING,CRITICAL,Signal Loss: Device silent for 39s (jamming timeout threshold)
2026-08-25T17:11:55.390759,device_B,JAMMING,CRITICAL,Signal Loss: Device silent for 39s (jamming timeout threshold)
2026-08-25T17:11:56.258032,device_B,JAMMING,CRITICAL,Signal Loss: Device silent for 40s (jamming timeout threshold)
2026-08-25T17:11:56.404589,device_B,JAMMING,CRITICAL,Signal Loss: Device silent for 40s (jamming timeout threshold)
2026-08-25T17:11:57.253886,device_B,JAMMING,CRITICAL,Signal Loss: Device silent for 41s (jamming timeout threshold)
2026-08-25T17:11:57.409474,device_B,JAMMING,CRITICAL,Signal Loss: Device silent for 41s (jamming timeout threshold)
2026-08-25T17:11:58.255617,device_B,JAMMING,CRITICAL,Signal Loss: Device silent for 42s (jamming timeout threshold)
2026-08-25T17:11:58.394677,device_B,JAMMING,CRITICAL,Signal Loss: Device silent for 42s (jamming timeout threshold)
2026-08-25T17:11:59.259355,device_B,JAMMING,CRITICAL,Signal Loss: Device silent for 43s (jamming timeout threshold)
2026-08-25T17:11:59.394220,device_B,JAMMING,CRITICAL,Signal Loss: Device silent for 43s (jamming timeout threshold)
2026-08-25T17:12:00.255534,device_B,JAMMING,CRITICAL,Signal Loss: Device silent for 44s (jamming timeout threshold)
2026-08-25T17:12:00.404494,device_B,JAMMING,CRITICAL,Signal Loss: Device silent for 44s (jamming timeout threshold)
2026-08-25T17:12:43.116519,device_B,SPOOFING,CRITICAL,Impossible Speed Alert: 1664.8 km/h exceeds threshold limit.
2026-08-25T17:13:13.511898,device_B,MITIGATION,WARNING,Mitigation active: Blocked source device_B (IP: 192.168.56.1)
2026-08-25T17:13:18.522810,device_B,MITIGATION,INFO,Threat neutralized: Automatically unblocked device_B on recovery command.
2026-08-25T17:13:36.042075,device_B,JAMMING,CRITICAL,Signal Loss: Device silent for 15s (jamming timeout threshold)
2026-08-25T17:13:39.057380,device_B,JAMMING,CRITICAL,Signal Loss: Device silent for 18s (jamming timeout threshold)
2026-08-25T17:13:39.458157,device_B,JAMMING,CRITICAL,Signal Loss: Device silent for 19s (jamming timeout threshold)
2026-08-25T17:13:40.054685,device_B,JAMMING,CRITICAL,Signal Loss: Device silent for 19s (jamming timeout threshold)
2026-08-25T17:13:40.402058,device_B,JAMMING,CRITICAL,Signal Loss: Device silent for 20s (jamming timeout threshold)
2026-08-25T17:13:41.045716,device_B,JAMMING,CRITICAL,Signal Loss: Device silent for 20s (jamming timeout threshold)
2026-08-25T17:13:41.430624,device_B,JAMMING,CRITICAL,Signal Loss: Device silent for 21s (jamming timeout threshold)
2026-08-25T17:13:42.050038,device_B,JAMMING,CRITICAL,Signal Loss: Device silent for 21s (jamming timeout threshold)
2026-08-25T17:13:42.411509,device_B,JAMMING,CRITICAL,Signal Loss: Device silent for 22s (jamming timeout threshold)
2026-08-25T17:13:43.043313,device_B,JAMMING,CRITICAL,Signal Loss: Device silent for 22s (jamming timeout threshold)
2026-08-25T17:13:43.392144,device_B,JAMMING,CRITICAL,Signal Loss: Device silent for 23s (jamming timeout threshold)
2026-08-25T17:13:44.043100,device_B,JAMMING,CRITICAL,Signal Loss: Device silent for 23s (jamming timeout threshold)
2026-08-25T17:13:44.427991,device_B,JAMMING,CRITICAL,Signal Loss: Device silent for 24s (jamming timeout threshold)
2026-08-25T17:13:45.052632,device_B,JAMMING,CRITICAL,Signal Loss: Device silent for 24s (jamming timeout threshold)
2026-08-25T17:13:45.392916,device_B,JAMMING,CRITICAL,Signal Loss: Device silent for 25s (jamming timeout threshold)
2026-08-25T17:13:46.055077,device_B,JAMMING,CRITICAL,Signal Loss: Device silent for 25s (jamming timeout threshold)
2026-08-25T17:13:46.452663,device_B,JAMMING,CRITICAL,Signal Loss: Device silent for 26s (jamming timeout threshold)
2026-08-25T17:13:47.049985,device_B,JAMMING,CRITICAL,Signal Loss: Device silent for 26s (jamming timeout threshold)
2026-08-25T17:13:47.405438,device_B,JAMMING,CRITICAL,Signal Loss: Device silent for 27s (jamming timeout threshold)
2026-08-25T17:13:48.055037,device_B,JAMMING,CRITICAL,Signal Loss: Device silent for 27s (jamming timeout threshold)
2026-08-25T17:13:48.450811,device_B,JAMMING,CRITICAL,Signal Loss: Device silent for 28s (jamming timeout threshold)
2026-08-25T17:13:49.053319,device_B,JAMMING,CRITICAL,Signal Loss: Device silent for 28s (jamming timeout threshold)
2026-08-25T17:13:49.391761,device_B,JAMMING,CRITICAL,Signal Loss: Device silent for 29s (jamming timeout threshold)
2026-08-25T17:13:50.048828,device_B,JAMMING,CRITICAL,Signal Loss: Device silent for 29s (jamming timeout threshold)
2026-08-25T17:13:50.457598,device_B,JAMMING,CRITICAL,Signal Loss: Device silent for 30s (jamming timeout threshold)
2026-08-25T17:13:51.049586,device_B,JAMMING,CRITICAL,Signal Loss: Device silent for 30s (jamming timeout threshold)
2026-08-25T17:13:51.406373,device_B,JAMMING,CRITICAL,Signal Loss: Device silent for 31s (jamming timeout threshold)
2026-08-25T17:13:52.044743,device_B,JAMMING,CRITICAL,Signal Loss: Device silent for 31s (jamming timeout threshold)
2026-08-25T17:13:52.405583,device_B,JAMMING,CRITICAL,Signal Loss: Device silent for 32s (jamming timeout threshold)
2026-08-25T17:13:53.045220,device_B,JAMMING,CRITICAL,Signal Loss: Device silent for 32s (jamming timeout threshold)
2026-08-25T17:13:53.463813,device_B,JAMMING,CRITICAL,Signal Loss: Device silent for 33s (jamming timeout threshold)
2026-08-25T17:13:54.062437,device_B,JAMMING,CRITICAL,Signal Loss: Device silent for 33s (jamming timeout threshold)
2026-08-25T17:13:54.421297,device_B,JAMMING,CRITICAL,Signal Loss: Device silent for 34s (jamming timeout threshold)
2026-08-25T17:13:55.054189,device_B,JAMMING,CRITICAL,Signal Loss: Device silent for 34s (jamming timeout threshold)
2026-08-25T17:13:55.421676,device_B,JAMMING,CRITICAL,Signal Loss: Device silent for 35s (jamming timeout threshold)
2026-08-25T17:13:56.053615,device_B,JAMMING,CRITICAL,Signal Loss: Device silent for 35s (jamming timeout threshold)
2026-08-25T17:13:56.409887,device_B,JAMMING,CRITICAL,Signal Loss: Device silent for 36s (jamming timeout threshold)
2026-08-25T17:13:57.048803,device_B,JAMMING,CRITICAL,Signal Loss: Device silent for 36s (jamming timeout threshold)
2026-08-25T17:13:57.401712,device_B,JAMMING,CRITICAL,Signal Loss: Device silent for 37s (jamming timeout threshold)
2026-08-25T17:13:58.045091,device_B,JAMMING,CRITICAL,Signal Loss: Device silent for 37s (jamming timeout threshold)
2026-08-25T17:13:58.405232,device_B,JAMMING,CRITICAL,Signal Loss: Device silent for 38s (jamming timeout threshold)
2026-08-25T17:13:59.039420,device_B,JAMMING,CRITICAL,Signal Loss: Device silent for 38s (jamming timeout threshold)
2026-08-25T17:13:59.406954,device_B,JAMMING,CRITICAL,Signal Loss: Device silent for 39s (jamming timeout threshold)
2026-08-25T17:14:00.048414,device_B,JAMMING,CRITICAL,Signal Loss: Device silent for 39s (jamming timeout threshold)
2026-08-25T17:14:00.567052,device_B,JAMMING,CRITICAL,Signal Loss: Device silent for 40s (jamming timeout threshold)
2026-08-25T17:14:01.039598,device_B,JAMMING,CRITICAL,Signal Loss: Device silent for 40s (jamming timeout threshold)
2026-08-25T17:14:01.401578,device_B,JAMMING,CRITICAL,Signal Loss: Device silent for 41s (jamming timeout threshold)
2026-08-25T17:14:02.055907,device_B,JAMMING,CRITICAL,Signal Loss: Device silent for 41s (jamming timeout threshold)
2026-08-25T17:14:02.396318,device_B,JAMMING,CRITICAL,Signal Loss: Device silent for 42s (jamming timeout threshold)
2026-08-25T17:14:03.047133,device_B,JAMMING,CRITICAL,Signal Loss: Device silent for 42s (jamming timeout threshold)
2026-08-25T17:14:03.439089,device_B,JAMMING,CRITICAL,Signal Loss: Device silent for 43s (jamming timeout threshold)
2026-08-25T17:14:04.052722,device_B,JAMMING,CRITICAL,Signal Loss: Device silent for 43s (jamming timeout threshold)
2026-08-25T17:14:04.396762,device_B,JAMMING,CRITICAL,Signal Loss: Device silent for 44s (jamming timeout threshold)
2026-08-25T17:14:05.041344,device_B,JAMMING,CRITICAL,Signal Loss: Device silent for 44s (jamming timeout threshold)
2026-08-25T17:14:05.409016,device_B,JAMMING,CRITICAL,Signal Loss: Device silent for 45s (jamming timeout threshold)
2026-08-25T17:14:13.122037,device_B,MITIGATION,WARNING,Mitigation active: Blocked source device_B (IP: 10.162.53.151)
2026-08-25T17:14:28.100423,device_B,MITIGATION,WARNING,Mitigation active: Blocked source device_B (IP: 10.162.53.151)
2026-08-25T17:14:43.166549,system,INFO,INFO,System state reset by administrator
2026-08-25T17:15:48.880517,system,INFO,INFO,System state reset by administrator
2026-08-25T17:15:55.395034,device_B,MITIGATION,INFO,Threat neutralized: Automatically unblocked device_B on recovery command.
2026-08-25T17:16:19.326773,device_B,JAMMING,CRITICAL,Signal Loss: Device silent for 15s (jamming timeout threshold)
2026-08-25T17:16:22.402308,device_B,JAMMING,CRITICAL,Signal Loss: Device silent for 18s (jamming timeout threshold)
2026-08-25T17:16:22.726788,device_B,JAMMING,CRITICAL,Signal Loss: Device silent for 18s (jamming timeout threshold)
2026-08-25T17:16:23.420602,device_B,JAMMING,CRITICAL,Signal Loss: Device silent for 19s (jamming timeout threshold)
2026-08-25T17:16:23.722386,device_B,JAMMING,CRITICAL,Signal Loss: Device silent for 19s (jamming timeout threshold)
2026-08-25T17:16:24.397482,device_B,JAMMING,CRITICAL,Signal Loss: Device silent for 20s (jamming timeout threshold)
2026-08-25T17:16:24.721353,device_B,JAMMING,CRITICAL,Signal Loss: Device silent for 20s (jamming timeout threshold)
2026-08-25T17:16:25.412033,device_B,JAMMING,CRITICAL,Signal Loss: Device silent for 21s (jamming timeout threshold)
2026-08-25T17:16:25.721388,device_B,JAMMING,CRITICAL,Signal Loss: Device silent for 21s (jamming timeout threshold)
2026-08-25T17:16:26.504352,device_B,JAMMING,CRITICAL,Signal Loss: Device silent for 22s (jamming timeout threshold)
2026-08-25T17:16:26.734540,device_B,JAMMING,CRITICAL,Signal Loss: Device silent for 22s (jamming timeout threshold)
2026-08-25T17:16:27.405226,device_B,JAMMING,CRITICAL,Signal Loss: Device silent for 23s (jamming timeout threshold)
2026-08-25T17:16:28.400952,device_B,JAMMING,CRITICAL,Signal Loss: Device silent for 24s (jamming timeout threshold)
2026-08-25T17:16:29.374019,device_B,MITIGATION,WARNING,Mitigation active: Blocked source device_B (IP: 10.162.53.151)
2026-08-25T17:16:30.722479,device_B,MITIGATION,INFO,Threat neutralized: Automatically unblocked device_B on recovery command.
2026-09-29T17:29:23.910775,device_B,SPOOFING,CRITICAL,Impossible Speed Alert: 11570.1 km/h exceeds threshold limit.
2026-09-29T17:29:23.925177,device_B,SPOOFING,CRITICAL,GPS Jump Alert: Abrupt spatial displacement of 7212.6 meters detected.
2026-09-29T17:29:35.812587,device_B,MITIGATION,WARNING,Mitigation active: Blocked source device_B (IP: 192.168.56.1)
2026-09-29T17:29:36.223785,device_B,MITIGATION,INFO,Threat neutralized: Automatically unblocked device_B on recovery command.
2026-09-29T17:30:04.575905,device_B,JAMMING,CRITICAL,Signal Loss: Device silent for 15s (jamming timeout threshold)
2026-09-29T17:30:07.565346,device_B,JAMMING,CRITICAL,Signal Loss: Device silent for 18s (jamming timeout threshold)
2026-09-29T17:30:07.892535,device_B,JAMMING,CRITICAL,Signal Loss: Device silent for 19s (jamming timeout threshold)
2026-09-29T17:30:08.582761,device_B,JAMMING,CRITICAL,Signal Loss: Device silent for 19s (jamming timeout threshold)
2026-09-29T17:30:08.892621,device_B,JAMMING,CRITICAL,Signal Loss: Device silent for 20s (jamming timeout threshold)
2026-09-29T17:30:09.576516,device_B,JAMMING,CRITICAL,Signal Loss: Device silent for 20s (jamming timeout threshold)
2026-09-29T17:30:09.889341,device_B,JAMMING,CRITICAL,Signal Loss: Device silent for 21s (jamming timeout threshold)
2026-09-29T17:30:10.586632,device_B,JAMMING,CRITICAL,Signal Loss: Device silent for 21s (jamming timeout threshold)
2026-09-29T17:30:10.891320,device_B,JAMMING,CRITICAL,Signal Loss: Device silent for 22s (jamming timeout threshold)
2026-09-29T17:30:11.577858,device_B,JAMMING,CRITICAL,Signal Loss: Device silent for 22s (jamming timeout threshold)
2026-09-29T17:30:11.890487,device_B,JAMMING,CRITICAL,Signal Loss: Device silent for 23s (jamming timeout threshold)
2026-09-29T17:30:12.570874,device_B,JAMMING,CRITICAL,Signal Loss: Device silent for 23s (jamming timeout threshold)
2026-09-29T17:30:13.575831,device_B,JAMMING,CRITICAL,Signal Loss: Device silent for 24s (jamming timeout threshold)
2026-09-29T17:30:14.573874,device_B,JAMMING,CRITICAL,Signal Loss: Device silent for 25s (jamming timeout threshold)
2026-09-29T17:30:14.616559,device_B,MITIGATION,WARNING,Mitigation active: Blocked source device_B (IP: 172.24.19.151)
2026-09-29T17:30:15.531034,device_B,MITIGATION,INFO,Threat neutralized: Automatically unblocked device_B on recovery command.
2026-09-29T17:33:41.918883,device_B,JAMMING,CRITICAL,Signal Loss: Device silent for 16s (jamming timeout threshold)
2026-09-29T17:33:44.395362,device_B,JAMMING,CRITICAL,Signal Loss: Device silent for 18s (jamming timeout threshold)
2026-09-29T17:33:44.902928,device_B,JAMMING,CRITICAL,Signal Loss: Device silent for 19s (jamming timeout threshold)
2026-09-29T17:33:45.748548,device_B,JAMMING,CRITICAL,Signal Loss: Device silent for 20s (jamming timeout threshold)
2026-09-29T17:33:45.901784,device_B,JAMMING,CRITICAL,Signal Loss: Device silent for 20s (jamming timeout threshold)
2026-09-29T17:33:46.574773,device_B,JAMMING,CRITICAL,Signal Loss: Device silent for 20s (jamming timeout threshold)
2026-09-29T17:33:46.891669,device_B,JAMMING,CRITICAL,Signal Loss: Device silent for 21s (jamming timeout threshold)
2026-09-29T17:33:47.598977,device_B,JAMMING,CRITICAL,Signal Loss: Device silent for 21s (jamming timeout threshold)
2026-09-29T17:33:47.896139,device_B,JAMMING,CRITICAL,Signal Loss: Device silent for 22s (jamming timeout threshold)
2026-09-29T17:33:48.573330,device_B,JAMMING,CRITICAL,Signal Loss: Device silent for 22s (jamming timeout threshold)
2026-09-29T17:33:48.891544,device_B,JAMMING,CRITICAL,Signal Loss: Device silent for 23s (jamming timeout threshold)
2026-09-29T17:33:49.582398,device_B,JAMMING,CRITICAL,Signal Loss: Device silent for 23s (jamming timeout threshold)
2026-09-29T17:33:49.895562,device_B,JAMMING,CRITICAL,Signal Loss: Device silent for 24s (jamming timeout threshold)
2026-09-29T17:33:50.568703,device_B,JAMMING,CRITICAL,Signal Loss: Device silent for 24s (jamming timeout threshold)
2026-09-29T17:33:50.894517,device_B,JAMMING,CRITICAL,Signal Loss: Device silent for 25s (jamming timeout threshold)
2026-09-29T17:33:51.576071,device_B,JAMMING,CRITICAL,Signal Loss: Device silent for 25s (jamming timeout threshold)
2026-09-29T17:33:51.896408,device_B,JAMMING,CRITICAL,Signal Loss: Device silent for 26s (jamming timeout threshold)
2026-09-29T17:33:52.574495,device_B,JAMMING,CRITICAL,Signal Loss: Device silent for 26s (jamming timeout threshold)
2026-09-29T17:33:52.890137,device_B,JAMMING,CRITICAL,Signal Loss: Device silent for 27s (jamming timeout threshold)
2026-09-29T17:33:53.580604,device_B,JAMMING,CRITICAL,Signal Loss: Device silent for 27s (jamming timeout threshold)
2026-09-29T17:33:53.890383,device_B,JAMMING,CRITICAL,Signal Loss: Device silent for 28s (jamming timeout threshold)
2026-09-29T17:33:54.569456,device_B,JAMMING,CRITICAL,Signal Loss: Device silent for 28s (jamming timeout threshold)
2026-09-29T17:33:55.581995,device_B,JAMMING,CRITICAL,Signal Loss: Device silent for 29s (jamming timeout threshold)
2026-09-29T17:33:56.578206,device_B,JAMMING,CRITICAL,Signal Loss: Device silent for 30s (jamming timeout threshold)
2026-09-29T17:33:57.565441,device_B,JAMMING,CRITICAL,Signal Loss: Device silent for 31s (jamming timeout threshold)
2026-09-29T17:33:57.883799,device_B,MITIGATION,WARNING,Mitigation active: Blocked source device_B (IP: 172.24.19.151)
